:020000040801F1
:100000000000032061F1010855F8010849F10108D9
:1000100057F8010859F801085BF8010800000000D2
:10002000000000000000000000000000419C0108EA
:100030005DF8010800000000D19C01085FF801088C
:1000400085F2010889F2010839F3010875BF01083A
:100050009DF20108A1F2010811D9010869D901082E
:10006000A5F20108A9F20108ADF201083DF301086B
:1000700041F3010845F3010849F301084DF3010874
:1000800051F3010855F3010859F301085DF3010824
:1000900061F30108B1F20108B5F20108B9F20108F3
:1000A000BDF20108C1F2010889330208C5F2010856
:1000B000C9F20108CDF20108D1F20108D5F2010818
:1000C000D9F20108DDF20108E1F20108E5F20108C8
:1000D000E9F20108CDEE0108EDF20108F1F20108A4
:1000E000F5F201088DF2010865F3010811F301082A
:1000F00015F3010819F301081DF3010869F301085C
:1001000021F3010825F3010829F301082DF3010863
:1001100031F3010849FA01086DF3010835F30108CC
:1001200071F3010875F301087DE601088DE6010809
:1001300079F301087DF3010881F3010885F30108D3
:1001400089F301088DF3010891F3010895F3010883
:1001500099F301089DF30108A1F30108A5F3010833
:10016000A9F30108ADF30108B1F30108B5F30108E3
:10017000B9F30108552B0108BDF30108C1F30108CB
:1001800091F20108C5F30108C9F30108CDF3010894
:10019000D1F30108D5F30108D9F30108DDF3010813
:1001A00095F2010899F20108E1F30108000000004E
:1001B000000000000000000000000000000000003F
:1001C000000000000000000000000000000000002F
:1001D000000000000000000000000000C010030844
:1001E0005FF8E0F110B5054C237833B9044B13B137
:1001F0000448AFF300800123237010BDE00200200B
:1002000000000000D40D030808B5034B1BB10349DF
:100210000348AFF3008008BD00000000E4020020A6
:10022000D40D0308424D761D00000000000076004A
:10023000000028000000FA0000003A000000010061
:10024000040000000000001D0000C40E0000C40EE9
:10025000000000000000000000000000000000009E
:10026000800000800000008080008000000080008E
:1002700080008080000080808000C0C0C00000003E
:10028000FF0000FF000000FFFF00FF000000FF0074
:10029000FF00FFFF0000FFFFFF00FFFFFFFFFFFF6A
:1002A000FFFFFFFFFFFFFFFFFFFFFFFFFFFFFFFF5E
:1002B000FFFFFFFFFFFFFFFF7777FFFFFFFFFFFF5E
:1002C000FFFFFFFFFFFFFFFFFFFFFFFFFFFFFFFF3E
:1002D000FFFFFFFFFFFFFFFFFFFFFFFFFFFFFFFF2E
:1002E000FFFFFFFFFFFFFFFFFFFFFFFFFFFFFFFF1E
:1002F000FFFFFFFFFFFFFFFFFFFFFFFFFFFFFFFF0E
:10030000FFFFFFFFFFFFFFFFFFFFFFFFFFFFFFFFFD
:10031000FFFFFFFFFFFFFF000000FFFFFFFFFFFFEA
:10032000FFFFFFFFFFFFFFFFFFFFFFFFFFFFFFFFDD
:10033000FFFFFFFFFFFFFFF77FF7FFFFFFFFFFFF5D
:10034000FFFFFFFFFFFFFFFFFFFFFFFFFFFFFFFFBD
:10035000FFFFFFFFFFFFFFFFFFFFFFFFFFFFFFFFAD
:10036000FFFFFFFFFFFFFFFFFFFFFFFFFFFFFFFF9D
:10037000FFFFFFFFFFFFFFFFFFFFFFFFFFFFFFFF8D
:10038000FFFFFFFFFFFFFFFFFFFFFFFFFFFFFFFF7D
:10039000FFFFFFFFFFFFFF000000FFFFFFFFFFFF6A
:1003A000FFFFFFFFFFFFFFFFFFFFFFFFFFFFFFFF5D
:1003B000FFFFFFFFFFFFFF77FFF7FFFFFFFFFFFFDD
:1003C000FFFFFFFFFFFFFFFFFFFFFFFFFFFFFFFF3D
:1003D000FFFFFFFFFFFFFFFFFFFFFFFFFFFFFFFF2D
:1003E000FFFFFFFFFFFFFFFFFFFFFFFFFFFFFFFF1D
:1003F000FFFFFFFFFFFFFFFFFFFFFFFFFFFFFFFF0D
:10040000FFFFFFFFFFFFFFFFFFFFFFFFFFFFFFFFFC
:10041000FFFFFFFFFFFFFF000000FFFFFFFFFFFFE9
:10042000FFFFFFFFFFFFFFFFFFFFFFFFFFFFFFFFDC
:10043000FFFFFFFFFFFFF77FFF77FFFFFFFFFFFFDC
:10044000FFFFFFFFFFFFFFFFFFFFFFFFFFFFFFFFBC
:10045000FFFFFFFFFFFFFFFFFFFFFFFFFFFFFFFFAC
:10046000FFFFFFFFFFFFFFFFFFFFFFFFFFFFFFFF9C
:10047000FFFFFFFFFFFFFFFFFFFFFFFFFFFFFFFF8C
:10048000FFFFFFFFFFFFFFFFFFFFFFFFFFFFFFFF7C
:10049000FFFFFFFFFFFFFF000000FFFFFFFFFFFF69
:1004A000FFFFFFFF7777FFFFFFFFFFFFFFFFFFFF6C
:1004B000FFFFFFFFFFFF77FFFF7FFFFFFFFFFFFF54
:1004C000FFFFFFFFFFFFFFFFFFFFFFFFFFFFFFFF3C
:1004D000FFFFFFFFFFFFFFFFFFFFFFFFFFFFFFFF2C
:1004E000FFFFFFFFFFFFFFFFFFFFFFFFFFFFFFFF1C
:1004F000FFFFFFFFFFFFFFFFFFFFFFFFFFFFFFFF0C
:10050000FFFFFFFFFFFFFFFFFFFFFFFFFFFFFFFFFB
:10051000FFFFFFFFFFFFFF000000FFFFFFFFFFFFE8
:10052000FFFFFFF77FF777FFFFFFFFFFFFFFFFFFF3
:10053000FFFFFFFFFFF77FFFF77FFFFFFFFFFFFFDB
:10054000FFFFFFFFFFFFFFFFFFFFFFFFFFFFFFFFBB
:10055000FFFFFFFFFFFFFFFFFFFFFFFFFFFFFFFFAB
:10056000FFFFFFFFFFFFFFFFFFFFFFFFFFFFFFFF9B
:10057000FFFFFFFFFFFFFFFFFFFFFFFFFFFFFFFF8B
:10058000FFFFFFFFFFFFFFFFFFFFFFFFFFFFFFFF7B
:10059000FFFFFFFFFFFFFF000000FFFFFFFFFFFF68
:1005A000FFFFFFF7FFFFF777FFFFFFFFFFFFFFFFF3
:1005B000FFFFFFFFFF77FFFF77FFFFFFFFFFFFFF5B
:1005C000FFFFFFFFFFFFFFFFFFFFFFFFFFFFFFFF3B
:1005D000FFFFFFFFFFFFFFFFFFFFFFFFFFFFFFFF2B
:1005E000FFFFFFFFFFFFFFFFFFFFFFFFFFFFFFFF1B
:1005F000FFFFFFFFFFFFFFFFFFFFFFFFFFFFFFFF0B
:10060000FFFFFFFFFFFFFFFFFFFFFFFFFFFFFFFFFA
:10061000FFFFFFFFFFFFFF000000FFFFFFFFFFFFE7
:10062000FFFFFFF7FFFFFFF77FFFFFFFFFFFFFFF6A
:10063000FFFFFFFFF77FFFFCC7FFFFFFFFFFFFFF8D
:10064000FFFFFFFFFFFFFFFFFFFFFFFFFFFFFFFFBA
:10065000FFFFFFFFFFFFFFFFFFFFFFFFFFFFFFFFAA
:10066000FFFFFFFFFFFFFFFFFFFFFFFFFFFFFFFF9A
:10067000FFFFFFFFFFFFFFFFFFFFFFFFFFFFFFFF8A
:10068000FFFFFFFFFFFFFFFFFFFFFFFFFFFFFFFF7A
:10069000FFFFFFFFFFFFFF000000FFFFFFFFFFFF67
:1006A000FFFFFFF77FFFFFFF777FFFFFFFFFFFFFEA
:1006B000FFFFFFFF77FFFFC88CFFFFFFFFFFFFFF7C
:1006C000FFFFFFFFFFFFFFFFFFFFFFFFFFFFFFFF3A
:1006D000FFFFFFFFFFFFFFFFFFFFFFFFFFFFFFFF2A
:1006E000FFFFFFFFFFFFFFFFFFFFFFFFFFFFFFFF1A
:1006F000FFFFFFFFFFFFFFFFFFFFFFFFFFFFFFFF0A
:10070000FFFFFFFFFFFFFFFFFFFFFFFFFFFFFFFFF9
:10071000FFFFFFFFFFFFFF000000FFFFFFFFFFFFE6
:10072000FFFFFFFF7FFFFFFFFF77FFFFFFFFFFFFE1
:10073000FFFFFFF77FFFFC8888CFFFFFFFFFFFFF72
:10074000FFFFFFFFFFFFFFFFFFFFFFFFFFFFFFFFB9
:10075000FFFFFFFFFFFFFFFFFFFFFFFFFFFFFFFFA9
:10076000FFFFFFFFFFFFFFFFFFFFFFFFFFFFFFFF99
:10077000FFFFFFFFFFFFFFFFFFFFFFFFFFFFFFFF89
:10078000FFFFFFFFFFFFFFFFFFFFFFFFFFFFFFFF79
:10079000FFFFFFFFFFFFFF000000FFFFFFFFFFFF66
:1007A000FFFFFFFF7FFFFFFFFFF777FFFFFFFFFF69
:1007B000FFFFFF77FFFFFCEE88CFFFFFFFFFFFFF8C
:1007C000FFFFFFFFFFFFFFFFFFFFFFFFFFFFFFFF39
:1007D000FFFFFFFFFFFFFFFFFFFFFFFFFFFFFFFF29
:1007E000FFFFFFFFFFFFFFFFFFFFFFFFFFFFFFFF19
:1007F000FFFFFFFFFFFFFFFFFFFFFFFFFFFFFFFF09
:10080000FFFFFFFFFFFFFFFFFFFFFFFFFFFFFFFFF8
:10081000FFFFFFFFFFFFFF000000FFFFFFFFFFFFE5
:10082000FFFFFFFF77FFFFFFFFFFF77FFFFFFFFFE8
:10083000FFFFF77FFFFFFFCE8CFFFFFFFFFFFFFFF4
:10084000FFFFFFFFFFFFFFFFFFFFFFFFFFFFFFFFB8
:10085000FFFFFFFFFFFFFFFFFFFFFFFFFFFFFFFFA8
:10086000FFFFFFFFFFFFFFFFFFFFFFFFFFFFFFFF98
:10087000FFFFFFFFFFFFFFFFFFFFFFFFFFFFFFFF88
:10088000FFFFFFFFFFFFFFFFFFFFFFFFFFFFFFFF78
:10089000FFFFFFFFFFFFFF000000FFFFFFFFFFFF65
:1008A000FFFFFFFFF7FFFFFFFFFFFF77FFFFFFFFE8
:1008B000FFFF77FFFFFFF77CCFFFFFFFFFFFFFFF8B
:1008C000FFFFFFFFFFFFFFFFFFFFFFFFFFFFFFFF38
:1008D000FFFFFFFFFFFFFFFFFFFFFFFFFFFFFFFF28
:1008E000FFFFFFFFFFFFFFFFFFFFFFFFFFFFFFFF18
:1008F000FFFFFFFFFFFFFFFFFFFFFFFFFFFFFFFF08
:10090000FFFFFFFFFFFFFFFFFFFFFFFFFFFFFFFFF7
:10091000FFFFFFFFFFFFFF000000FFFFFFFFFFFFE4
:10092000FFFFFFFFF77FFFFFFFFFFFF77FFFFFFFE7
:10093000FFFF7FFFFFFFF7FFFFFFFFFFFFFFFFFF4F
:10094000FFFFFFFFFFFFFFFFFFFFFFFFFFFFFFFFB7
:10095000FFFFFFFFFFFFFFFFFFFFFFFFFFFFFFFFA7
:10096000FFFFFFFFFFFFFFFFFFFFFFFFFFFFFFFF97
:10097000FFFFFFFFFFFFFFFFFFFFFFFFFFFFFFFF87
:10098000FFFFFFFFFFFFFFFFFFFFFFFFFFFFFFFF77
:10099000FFFFFFFFFFFFFF000000FFFFFFFFFFFF64
:1009A000FFFFFFFFFF77FFFFFFFFFFFF77FFFFFF67
:1009B000FFF77FFFFFFF77FFFFFFFFFFFFFFFFFF57
:1009C000FFFFFFFFFFFFFFFFFFFFFFFFFFFFFFFF37
:1009D000FFFFFFFFFFFFFFFFFFFFFFFFFFFFFFFF27
:1009E000FFFFFFFFFFFFFFFFFFFFFFFFFFFFFFFF17
:1009F000FFFFFFFFFFFFFFFFFFFFFFFFFFFFFFFF07
:100A0000FFFFFFFFFFFFFFFFFFFFFFFFFFFFFFFFF6
:100A1000FFFFFFFFFFFFFF000000FFFFFFFFFFFFE3
:100A2000FFFFFFFFFFF7FFFFFFFFFFFFF77FFFFF66
:100A3000FF77FFFFFFFF7FFFFFFFFFFFFFFFFFFFCE
:100A4000FFFFFFFFFFFFFFFFFFFFFFFFFFFFFFFFB6
:100A5000FFFFFFFFFFFFFFFFFFFFFFFFFFFFFFFFA6
:100A6000FFFFFFFFFFFFFFFFFFFFFFFFFFFFFFFF96
:100A7000FFFFFFFFFFFFFFFFFFFFFFFFFFFFFFFF86
:100A8000FFFFFFFFFFFFFFFFFFFFFFFFFFFFFFFF76
:100A9000FFFFFFFFFFFFFF000000FFCCFFFFFFFF96
:100AA000FFFFFFFFFFF77FFFFFFFFFFFFF77FFFF66
:100AB000F77FFFFFFFF77FFFFFFFFFFFFFFFFFFF56
:100AC000FFFFFFFFFFFFFFFFFFFFFFFFFFFFFFFF36
:100AD000FFFFFFFFFFFFFFFFFFFFFFFFFFFFFFFF26
:100AE000FFFFFFFFFFFFFFFFFFFFFFFFFFFFFFFF16
:100AF000FFFFFFFFFFFFFFFFFFFFFFFFFFFFFFFF06
:100B0000FFFFFFFFFFFFFFFFFFFFFFFFFFFFFFFFF5
:100B1000FFFFFFFFFFFFFF000000FC88C77777772C
:100B200077FFFFFFFFFF77FFFFFFFFFFFFF77FFF6D
:100B3000F7FFFFFFFF77FF000FFFFFFFFFFFFF0043
:100B4000000000000FFFFFF000000000000FFFFF9B
:100B5000F00000000000FFFFF00000000000FFFFB9
:100B6000F000000000000FFF000FFFFF000000007A
:100B7000FFFFFFF000FFFFFFFFF000FFFFFF000F90
:100B8000FFFFFFF000FFF000FFFFFFFFFF000FFF80
:100B9000FF00000000000F000000C8888CFFFFFF6E
:100BA00077777777777FF7FFFFFFFFFFFFFF77FF0D
:100BB00077FFFFFFFF7FFF000FFFFFFFFFFFF0004A
:100BC0000000000000FFFF00000000000000FFFF29
:100BD0000000000000000FFFF000000000000FFF09
:100BE0000000000000000FFF000FFFF000000000F9
:100BF000FFFFFFF000FFFFFFFFF000FFFFFF000F10
:100C0000FFFFFFF000FFF000FFFFFFFFFF000FFFFF
:100C1000F000000000000F000000CEE88CFFFFFF96
:100C2000FFFFFFFF7777777FFFFFFFFFFFFFF77F74
:100C30007FFFFFFFF77FFF000FFFFFFFFFFF0000B9
:100C4000FFFFFFF0000FFF000FFFFFFFF000FFF0BE
:100C5000000FFFFFFF0000FFFFFFFFFFFFF00FFF90
:100C6000000FFFFFFFFFFFFF000FFF000FFFFFFF61
:100C7000FFFFFFF000FFFFFFFFF000FFFFFF000F8F
:100C8000FFFFFFF000FFF000FFFFFFFFFF000FFF7F
:100C9000F000FFFFFFFFFF000000FCE8CFFFFFFFB9
:100CA000FFFFFFFFFFFFF77777777FFFFFFFFF77FC
:100CB000FFFFFFFFF7FFFF000FFFFFFFFFFF000F2A
:100CC000FF7777FF000FFF000FFFFFFFF000FFF03F
:100CD00000FFFFFFFFF000FFFFFFFFFFFFF00FFF30
:100CE00000FFFFFFFFFFFFFF000FFF000F000000EE
:100CF000000FFFF000FFFFFFFFF000FFFFFF000FFE
:100D0000FFFFFFF000FFF000FFFFFFFFFF000FFFFE
:100D1000F00FFFFFFFFFFF000000FFCCFFFFFFFF12
:100D2000FFFFFFFFFFFFFFF7FFFF77788F44447758
:100D30007444FFFF77FFFF000FFFFFFF7777000787
:100D40007777FFFF000FFF000FFFFFFFF000FFF0BE
:100D500000FFFFFFFFF000FFFF00000000000FFF9B
:100D600000FFFFFFFFFFFFFF000FFF000F0000006D
:100D70000000FFF000FFFFFFFFF000FFFFFF000F8C
:100D8000FFFFFFF000FFF000FFFFFFFFFF000FFF7E
:100D9000F00FFFFFFFFFFF000000FFF777FFFFFFEF
:100DA000FFFFFFFFFFFFFFF77FFFFFF44888888802
:100DB000774444F77FFFFF000FFF777777770007CF
:100DC0007FFFFFFF000FFF000FFFFFFFF000FFF0AE
:100DD00000FFFFFFFFF000FFF00000000000FFFF3A
:100DE00000FFFFFFFFFFFFFF000FFF000FFFFFFFF0
:100DF000FF00FFF000FFFFFFFF0000FFFFFF000FFD
:100E0000FFFFFFF000FFF000FFFFFFFFFF000FFFFD
:100E1000F00FFFFFFFFFFF000000FFFFF777FFFF6E
:100E2000FFFFFFFFFFFFFFFF77FFFF444CC4777C0E
:100E300088844447FFFFFF00007777777FFF00003B
:100E4000FFFFFFF0000FFF000FFFFFFFF000FFF0BC
:100E5000000FFFFFFF0000FFF00FFFFFFFFFFFFF8E
:100E6000000FFFFFFFFFFFFF000FFF000FFFFFFF5F
:100E7000FF00FFF000FFFFFFF0000FFFFFFF000F7C
:100E8000FFFFFFF000FFF000FFFFFFFFFF000FFF7D
:100E9000F000FFFFFFFFFF000000FFFFFFF777FFFD
:100EA000FFFFFFFFFFFFFFFFF77F8444CC667666FE
:100EB000CCC888888FFFFFF00000000000FFF00022
:100EC0000000000000FFFF000F0000000000FFFF17
:100ED0000000000000000FFFF00000000000FFFF16
:100EE0000000000000000FFF000FFFF000000000F6
:100EF0000000FFF0000000000000FFF00000000014
:100F00000000FFF000FFF000FF000000FF000FFFF7
:100F1000F000000000000F000000FFFFFFFFF77768
:100F20007FFFFFFFFFFFFFFFFF78444CC667666649
:100F300066667C77888888FF0000000000FFFF005D
:100F4000000000000FFFFF000F000000000FFFFF78
:100F5000F00000000000FFFFFF0000000000FFFFA6
:100F6000F000000000000FFF000FFFFF0000000076
:100F7000000FFFF000000000000FFFF00000000075
:100F80000000FFF000FFF000FF000000FF000FFF77
:100F9000FF00000000000F000000FFFFFFFFFFF751
:100FA000777FFFFFFFFFFFFFFFF444CC66776666A5
:100FB000666677CC77777888FFFFFFFFFFFFFFFF3C
:100FC000FFFFFFFFFFFFFF000FFFFFFFFFFFFFFF20
:100FD000FFFFFFFFFFFFFFFFFFFFFFFFFFFFFFFF21
:100FE000FFFFFFFFFFFFFFFFFFFFFFFFFFFFFFFF11
:100FF000FFFFFFFFFFFFFFFFFFFFFFFFFFFF000FF0
:10100000FFFFFFFFFFFFF000FFFFFFFFFFFFFFFFFE
:10101000FFFFFFFFFFFFFF000000FFFFFFFFFFFFDD
:10102000FF7777FFFFFFFFFFFFF44CC6667666662B
:1010300066666777747FFF8888FFFFFFFFFFFFFF0B
:10104000FFFFFFFFFFFFFF000FFFFFFFFFFFFFFF9F
:10105000FFFFFFFFFFFFFFFFFFFFFFFFFFFFFFFFA0
:10106000FFFFFFFFFFFFFFFFFFFFFFFFFFFFFFFF90
:10107000FFFFFFFFFFFFFFFFFFFFFFFFFFFF000F6F
:10108000FFFFFFFFFFFFF000FFFFFFFFFFFFFFFF7E
:10109000FFFFFFFFFFFFFF000000FFFFFFFFFFFF5D
:1010A000FFFFF7777FFFFFFFFF444CC667666EEEDA
:1010B00067777677CC44FFFF77777FFFFFFFFFFFEF
:1010C000FFFFFFFFFFFFFF000FFFFFFFFFFFFFFF1F
:1010D000FFFFFFFFFFFFFFFFFFFFFFFFFFFFFFFF20
:1010E000FFFFFFFFFFFFFFFF000FFFFFFFFFFFFFFF
:1010F000FFFFFFFFFFFFFFFFFFFFFFFFFFFF000FEF
:10110000FFFFFFF000FFFF00000000000F000FFFD7
:10111000FFFFFFFFFFFFFF000000FFFFFFFFFFFFDC
:10112000FFFFFFFF7777FFFFFF444C667766E777A7
:10113000776666677444FFFFFFF77777FFFFFFFF6F
:10114000FFFFFFFFFFFFFF000FFFFFFFFFFFFFFF9E
:10115000FFFFFFFFFFFFFFFFFFFFFFFFFFFFFFFF9F
:10116000FFFFFFFFFFFFFFFF000FFFFFFFFFFFFF7E
:10117000FFFFFFFFFFFFFFFFFFFFFFFFFFFF000F6E
:10118000FFFFFFF000FFFF00000000000F000FFF57
:10119000FFFFFFFFFFFFFF000000FFFFFFFFFFFF5C
:1011A000FFFFFFFFFF77777FFF444C66767777EE90
:1011B000E666666C774FFFFFFFFFFF77777FFFFFE5
:1011C000FFFFFFFFFFFFFFFFFFFFFFFFFFFFFFFF2F
:1011D000FFFFFFFFFFFFFFFFFFFFFFFFFFFFFFFF1F
:1011E000FFFFFFFFFFFFFFFF000FFFFFFFFFFFFFFE
:1011F000FFFFFFFFFFFFFFFFFFFFFFFFFFFFFFFFFF
:10120000FFFFFFF000FFFFFF000000000F000FFFD7
:10121000FFFFFFFFFFFFFF000000FFFFFFFFFFFFDB
:10122000FFFFFFFFFFFFFF7777744CC776666EEE18
:101230006666666CC77FFFFFFFFFFFFFF7777FFFE4
:10124000FFFFFFFFFFFFFFFFFFFFFFFFFFFFFFFFAE
:10125000FFFFFFFFFFFFFFFFFFFFFFFFFFFFFFFF9E
:10126000FFFFFFFFFFFFFFFFFFFFFFFFFFFFFFFF8E
:10127000FFFFFFFFFFFFFFFFFFFFFFFFFFFFFFFF7E
:10128000FFFFFFFFFFFFFFFFFFFFFFFFFFFFFFFF6E
:10129000FFFFFFFFFFFFFF000000FFFFFFFFFFFF5B
:1012A000FFFFFFFFFFFFFFFFF77777776666666652
:1012B000666666CC447FFFFFFFFFFFFFFFFF777787
:1012C000FFFFFFFFFFFFFFFFFFFFFFFFFFFFFFFF2E
:1012D000FFFFFFFFFFFFFFFFFFFFFFFFFFFFFFFF1E
:1012E000FFFFFFFFFFFFFFFFFFFFFFFFFFFFFFFF0E
:1012F000FFFFFFFFFFFFFFFFFFFFFFFFFFFFFFFFFE
:10130000FFFFFFFFFFFFFFFFFFFFFFFFFFFFFFFFED
:10131000FFFFFFFFFFFFFF000000FFFFFFFFFFFFDA
:10132000FFFFFFFFFFFFFF777777447CC6666666A7
:1013300066666CC44877FFFFFFFFFFFFFFFFFF7784
:1013400077FFFFFFFFFFFFFFFFFFFFFFFFFFFFFF35
:10135000FFFFFFFFFFFFFFFFFFFFFFFFFFFFFFFF9D
:10136000FFFFFFFFFFFFFFFFFFFFFFFFFFFFFFFF8D
:10137000FFFFFFFFFFFFFFFFFFFFFFFFFFFFFFFF7D
:10138000FFFFFFFFFFFFFFFFFFFFFFFFFFFFFFFF6D
:10139000FFFFFFFFFFFFFF000000FFFFFFFFFFFF5A
:1013A000FFFFFFFFFFF7777777777774CC66666686
:1013B000666CCC444FF77FFFFFFFFFFFFFFFFFFF8F
:1013C000F777FFFFFFFFFFFFFFFFFFFFFFFFFFFFBD
:1013D000FFFFFFFFFFFFFFFFFFFFFFFFFFFFFFFF1D
:1013E000FFFFFFFFFFFFFFFFFFFFFFFFFFFFFFFF0D
:1013F000FFFFFFFFFFFFFFFFFFFFFFFFFFFFFFFFFD
:10140000FFFFFFFFFFFFFFFFFFFFFFFFFFFFFFFFEC
:10141000FFFFFFFFFFFFFF000000FFFFFFFFFFFFD9
:10142000FFFFFFF77777777777FF7744CCCCC666F7
:101430006CCC4444FFFF77FFFFFFFFFFFFFFFFFF80
:10144000FFF777FFFFFFFFFFFFFFFFFFFFFFFFFF3C
:10145000FFFFFFFFFFFFFFFFFFFFFFFFFFFFFFFF9C
:10146000FFFFFFFFFFFFFFFFFFFFFFFFFFFFFFFF8C
:10147000FFFFFFFFFFFFFFFFFFFFFFFFFFFFFFFF7C
:10148000FFFFFFFFFFFFFFFFFFFFFFFFFFFFFFFF6C
:10149000FFFFFFFFFFFFFF000000FFFFFFFFFFFF59
:1014A000FFF77777777777FFFFFF7F44444CCCCC0B
:1014B000CC44477FFFFFF77FFFFFFFFFFFFFFFFFEA
:1014C000FFFFF77FFFFFFFFFFFFFFFFFFFFFFFFFB4
:1014D000FFFFFFFFFFFFFFFFFFFFFFFFFFFFFFFF1C
:1014E000FFFFFFFFFFFFFFFFFFFFFFFFFFFFFFFF0C
:1014F000FFFFFFFFFFFFFFFFFFFFFFFFFFFFFFFFFC
:10150000FFFFFFFFFFFFFFFFFFFFFFFFFFFFFFFFEB
:10151000FFFFFFFFFFFFFF000000FFFFFFFFCCFF0B
:101520007777777777FFFFFFFFF77FFF44444444E7
:101530004444FF777777FF77FFFFFFFFFFFFFFFF51
:10154000FFFFFF77FFFFFFFFFFFFFFFFFFFFFFFF33
:10155000FFFFFFFFFFFFFFFFFFFFFFFFFFFFFFFF9B
:10156000FFFFFFFFFFFFFFFFFFFFFFFFFFFFFFFF8B
:10157000FFFFFFFFFFFFFFFFFFFFFFFFFFFFFFFF7B
:10158000FFFFFFFFFFFFFFFFFFFFFFFFFFFFFFFF6B
:10159000FFFFFFFFFFFFFF000000FFFFFFFC88C70A
:1015A000777777FFFFFFFFFFFFF7FFFFFFF444446C
:1015B00044FFFFFFFFF777777FFFFFFFFFFFFFFF8E
:1015C000FFFCCFF77FFFFFFFFFFFFFFFFFFFFFFFE6
:1015D000FFFFFFFFFFFFFFFFFFFFFFFFFFFFFFFF1B
:1015E000FFFFFFFFFFFFFFFFFFFFFFFFFFFFFFFF0B
:1015F000FFFFFFFFFFFFFFFFFFFFFFFFFFFFFFFFFB
:10160000FFFFFFFFFFFFFFFFFFFFFFFFFFFFFFFFEA
:10161000FFFFFFFFFFFFFF000000FFFFFFC8888CF8
:1016200077FFFFFFFFFFFFFFFF77FFFFFFFF4F7712
:10163000FFFFFFFFFFFFFFF777777777FFFFFFFFE2
:10164000FFC88CF77FFFFFFFFFFFFFFFFFFFFFFFDC
:10165000FFFFFFFFFFFFFFFFFFFFFFFFFFFFFFFF9A
:10166000FFFFFFFFFFFFFFFFFFFFFFFFFFFFFFFF8A
:10167000FFFFFFFFFFFFFFFFFFFFFFFFFFFFFFFF7A
:10168000FFFFFFFFFFFFFFFFFFFFFFFFFFFFFFFF6A
:10169000FFFFFFFFFFFFFF000000FFFF777EE88CEA
:1016A000FFFFFFFFFFFFFFFFF77FFFFFFFF77FF762
:1016B0007FFFFFFFFFFFFFFF77FFFF7777777777EA
:1016C0007C8888C7FFFFFFFFFFFFFFFFFFFFFFFFD3
:1016D000FFFFFFFFFFFFFFFFFFFFFFFFFFFFFFFF1A
:1016E000FFFFFFFFFFFFFFFFFFFFFFFFFFFFFFFF0A
:1016F000FFFFFFFFFFFFFFFFFFFFFFFFFFFFFFFFFA
:10170000FFFFFFFFFFFFFFFFFFFFFFFFFFFFFFFFE9
:10171000FFFFFFFFFFFFFF000000FFF777FCE8CFB0
:10172000FFFFFFFFFFFFFFFFF7FFFFFFFF77FFFF59
:1017300077FCCFFFFFFFFFFFF7FFFFFFFFFFFFFF7C
:101740007CEE88CFFFFFFFFFFFFFFFFFFFFFFFFFE4
:10175000FFFFFFFFFFFFFFFFFFFFFFFFFFFFFFFF99
:10176000FFFFFFFFFFFFFFFFFFFFFFFFFFFFFFFF89
:10177000FFFFFFFFFFFFFFFFFFFFFFFFFFFFFFFF79
:10178000FFFFFFFFFFFFFFFFFFFFFFFFFFFFFFFF69
:10179000FFFFFFFFFFFFFF000000FFFFFFFFCCFF89
:1017A000FFFFFFFFFFFFFFFF77FFFFFFF77FFFFF59
:1017B000F7C88CFFFFFFFFFFF77FFFFFFFFFFFFF73
:1017C000FFCE8CFFFFFFFFFFFFFFFFFFFFFFFFFFCD
:1017D000FFFFFFFFFFFFFFFFFFFFFFFFFFFFFFFF19
:1017E000FFFFFFFFFFFFFFFFFFFFFFFFFFFFFFFF09
:1017F000FFFFFFFFFFFFFFFFFFFFFFFFFFFFFFFFF9
:10180000FFFFFFFFFFFFFFFFFFFFFFFFFFFFFFFFE8
:10181000FFFFFFFFFFFFFF000000FFFFFFFFFFFFD5
:10182000FFFFFFFFFFFFFFFF7FFFFFFFF7FFFFFF50
:10183000FC8888CFFFFFFFFFFF77FFFFFFFFFFFF61
:10184000FFFCCFFFFFFFFFFFFFFFFFFFFFFFFFFFDB
:10185000FFFFFFFFFFFFFFFFFFFFFFFFFFFFFFFF98
:10186000FFFFFFFFFFFFFFFFFFFFFFFFFFFFFFFF88
:10187000FFFFFFFFFFFFFFFFFFFFFFFFFFFFFFFF78
:10188000FFFFFFFFFFFFFFFFFFFFFFFFFFFFFFFF68
:10189000FFFFFFFFFFFFFF000000FFFFFFFFFFFF55
:1018A000FFFFFFFFFFFFFFF77FFFFFFF77FFFFFF58
:1018B000FCEE88CFFFFFFFFFFFF77FFFFFFFFFFF7B
:1018C000FFFFFFFFFFFFFFFFFFFFFFFFFFFFFFFF28
:1018D000FFFFFFFFFFFFFFFFFFFFFFFFFFFFFFFF18
:1018E000FFFFFFFFFFFFFFFFFFFFFFFFFFFFFFFF08
:1018F000FFFFFFFFFFFFFFFFFFFFFFFFFFFFFFFFF8
:10190000FFFFFFFFFFFFFFFFFFFFFFFFFFFFFFFFE7
:10191000FFFFFFFFFFFFFF000000FFFFFFFFFFFFD4
:10192000FFFFFFFFFFFFFFF7FFFFFFF77FFFFFFF57
:10193000FFCE8CFFFFFFFFFFFFF77FFFFFFFFFFFE3
:10194000FFFFFFFFFFFFFFFFFFFFFFFFFFFFFFFFA7
:10195000FFFFFFFFFFFFFFFFFFFFFFFFFFFFFFFF97
:10196000FFFFFFFFFFFFFFFFFFFFFFFFFFFFFFFF87
:10197000FFFFFFFFFFFFFFFFFFFFFFFFFFFFFFFF77
:10198000FFFFFFFFFFFFFFFFFFFFFFFFFFFFFFFF67
:10199000FFFFFFFFFFFFFF000000FFFFFFFFFFFF54
:1019A000FFFFFFFFFFFFFF77FFFFFF77FFFFFFFF57
:1019B000FFFCC77FFFFFFFFFFFFF77FFFFFFFFFF7A
:1019C000FFFFFFFFFFFFFFFFFFFFFFFFFFFFFFFF27
:1019D000FFFFFFFFFFFFFFFFFFFFFFFFFFFFFFFF17
:1019E000FFFFFFFFFFFFFFFFFFFFFFFFFFFFFFFF07
:1019F000FFFFFFFFFFFFFFFFFFFFFFFFFFFFFFFFF7
:101A0000FFFFFFFFFFFFFFFFFFFFFFFFFFFFFFFFE6
:101A1000FFFFFFFFFFFFFF000000FFFFFFFFFFFFD3
:101A2000FFFFFFFFFFFFFF7FFFFFF77FFFFFFFFFCE
:101A3000FFFFFF77FFFFFFFFFFFFF7FFFFFFFFFF46
:101A4000FFFFFFFFFFFFFFFFFFFFFFFFFFFFFFFFA6
:101A5000FFFFFFFFFFFFFFFFFFFFFFFFFFFFFFFF96
:101A6000FFFFFFFFFFFFFFFFFFFFFFFFFFFFFFFF86
:101A7000FFFFFFFFFFFFFFFFFFFFFFFFFFFFFFFF76
:101A8000FFFFFFFFFFFFFFFFFFFFFFFFFFFFFFFF66
:101A9000FFFFFFFFFFFFFF000000FFFFFFFFFFFF53
:101AA000FFFFFFFFFFFFF77FFFFFF7FFFFFFFFFFD6
:101AB000FFFFFFF77FFFFFFFFFFFF77FFFFFFFFF46
:101AC000FFFFFFFFFFFFFFFFFFFFFFFFFFFFFFFF26
:101AD000FFFFFFFFFFFFFFFFFFFFFFFFFFFFFFFF16
:101AE000FFFFFFFFFFFFFFFFFFFFFFFFFFFFFFFF06
:101AF000FFFFFFFFFFFFFFFFFFFFFFFFFFFFFFFFF6
:101B0000FFFFFFFFFFFFFFFFFFFFFFFFFFFFFFFFE5
:101B1000FFFFFFFFFFFFFF000000FFFFFFFFFFFFD2
:101B2000FFFFFFFFFFFFF7FFFFFF77FFFFFFFFFF55
:101B3000FFFFFFFF777FFFFFFFFFFF7FFFFFFFFF3D
:101B4000FFFFFFFFFFFFFFFFFFFFFFFFFFFFFFFFA5
:101B5000FFFFFFFFFFFFFFFFFFFFFFFFFFFFFFFF95
:101B6000FFFFFFFFFFFFFFFFFFFFFFFFFFFFFFFF85
:101B7000FFFFFFFFFFFFFFFFFFFFFFFFFFFFFFFF75
:101B8000FFFFFFFFFFFFFFFFFFFFFFFFFFFFFFFF65
:101B9000FFFFFFFFFFFFFF000000FFFFFFFFFFFF52
:101BA000FFFFFFFFFFFF77FFFFF77FFFFFFFFFFF55
:101BB000FFFFFFFFFF77FFFFFFFFFF77FFFFFFFF45
:101BC000FFFFFFFFFFFFFFFFFFFFFFFFFFFFFFFF25
:101BD000FFFFFFFFFFFFFFFFFFFFFFFFFFFFFFFF15
:101BE000FFFFFFFFFFFFFFFFFFFFFFFFFFFFFFFF05
:101BF000FFFFFFFFFFFFFFFFFFFFFFFFFFFFFFFFF5
:101C0000FFFFFFFFFFFFFFFFFFFFFFFFFFFFFFFFE4
:101C1000FFFFFFFFFFFFFF000000FFFFFFFFFFFFD1
:101C2000FFFFFFFFFFFF7FFFFF77FFFFFFFFFFFFCC
:101C3000FFFFFFFFFFF77FFFFFFFFFF7FFFFFFFF44
:101C4000FFFFFFFFFFFFFFFFFFFFFFFFFFFFFFFFA4
:101C5000FFFFFFFFFFFFFFFFFFFFFFFFFFFFFFFF94
:101C6000FFFFFFFFFFFFFFFFFFFFFFFFFFFFFFFF84
:101C7000FFFFFFFFFFFFFFFFFFFFFFFFFFFFFFFF74
:101C8000FFFFFFFFFFFFFFFFFFFFFFFFFFFFFFFF64
:101C9000FFFFFFFFFFFFFF000000FFFFFFFFFFFF51
:101CA000FFFFFFFFFFFF7FFFF77FFFFFFFFFFFFF4C
:101CB000FFFFFFFFFFFF777FFFFFFFF77FFFFFFFC4
:101CC000FFFFFFFFFFFFFFFFFFFFFFFFFFFFFFFF24
:101CD000FFFFFFFFFFFFFFFFFFFFFFFFFFFFFFFF14
:101CE000FFFFFFFFFFFFFFFFFFFFFFFFFFFFFFFF04
:101CF000FFFFFFFFFFFFFFFFFFFFFFFFFFFFFFFFF4
:101D0000FFFFFFFFFFFFFFFFFFFFFFFFFFFFFFFFE3
:101D1000FFFFFFFFFFFFFF000000FFFFFFFFFFFFD0
:101D2000FFFFFFFFFFF77FFF77FFFFFFFFFFFFFFD3
:101D3000FFFFFFFFFFFFFF77FFFFFFFF7FFFFFFFBB
:101D4000FFFFFFFFFFFFFFFFFFFFFFFFFFFFFFFFA3
:101D5000FFFFFFFFFFFFFFFFFFFFFFFFFFFFFFFF93
:101D6000FFFFFFFFFFFFFFFFFFFFFFFFFFFFFFFF83
:101D7000FFFFFFFFFFFFFFFFFFFFFFFFFFFFFFFF73
:101D8000FFFFFFFFFFFFFFFFFFFFFFFFFFFFFFFF63
:101D9000FFFFFFFFFFFFFF000000FFFFFFFFFFFF50
:101DA000FFFFFFFFFFF7FFF77FFFFFFFFFFFFFFFD3
:101DB000FFFFFFFFFFFFFFF777FFFFFF7FFFFFFF43
:101DC000FFFFFFFFFFFFFFFFFFFFFFFFFFFFFFFF23
:101DD000FFFFFFFFFFFFFFFFFFFFFFFFFFFFFFFF13
:101DE000FFFFFFFFFFFFFFFFFFFFFFFFFFFFFFFF03
:101DF000FFFFFFFFFFFFFFFFFFFFFFFFFFFFFFFFF3
:101E0000FFFFFFFFFFFFFFFFFFFFFFFFFFFFFFFFE2
:101E1000FFFFFFFFFFFFFF000000FFFFFFFFFFFFCF
:101E2000FFFFFFFFFFF7FF77FFFFFFFFFFFFFFFF52
:101E3000FFFFFFFFFFFFFFFFF77FFFFF7FFFFFFFBA
:101E4000FFFFFFFFFFFFFFFFFFFFFFFFFFFFFFFFA2
:101E5000FFFFFFFFFFFFFFFFFFFFFFFFFFFFFFFF92
:101E6000FFFFFFFFFFFFFFFFFFFFFFFFFFFFFFFF82
:101E7000FFFFFFFFFFFFFFFFFFFFFFFFFFFFFFFF72
:101E8000FFFFFFFFFFFFFFFFFFFFFFFFFFFFFFFF62
:101E9000FFFFFFFFFFFFFF000000FFFFFFFFFFFF4F
:101EA000FFFFFFFFFFF7777FFFFFFFFFFFFFFFFF52
:101EB000FFFFFFFFFFFFFFFFFF777FF77FFFFFFFC2
:101EC000FFFFFFFFFFFFFFFFFFFFFFFFFFFFFFFF22
:101ED000FFFFFFFFFFFFFFFFFFFFFFFFFFFFFFFF12
:101EE000FFFFFFFFFFFFFFFFFFFFFFFFFFFFFFFF02
:101EF000FFFFFFFFFFFFFFFFFFFFFFFFFFFFFFFFF2
:101F0000FFFFFFFFFFFFFFFFFFFFFFFFFFFFFFFFE1
:101F1000FFFFFFFFFFFFFF000000FFFFFFFFFFFFCE
:101F2000FFFFFFFFFFFFFFFFFFFFFFFFFFFFFFFFC1
:101F3000FFFFFFFFFFFFFFFFFFFF7777FFFFFFFFC1
:101F4000FFFFFFFFFFFFFFFFFFFFFFFFFFFFFFFFA1
:101F5000FFFFFFFFFFFFFFFFFFFFFFFFFFFFFFFF91
:101F6000FFFFFFFFFFFFFFFFFFFFFFFFFFFFFFFF81
:101F7000FFFFFFFFFFFFFFFFFFFFFFFFFFFFFFFF71
:101F8000FFFFFFFFFFFFFFFFFFFFFFFFFFFFFFFF61
:101F9000FFFFFFFFFFFFFF000000000010B5044639
:101FA000074B1868074BA3FB0030800900F034FB97
:101FB000002221464FF0FF3000F0E2FA002010BD71
:101FC00000000020D34D621008B50B4B1A6842F494
:101FD00000721A601A6842F480621A601A6842F449
:101FE00080721A60032000F0B9FA0020FFF7D6FFD4
:101FF0000DF098FA002008BD003C0240024A136828
:1020000001331360704700BF40FB0020014B18688C
:10201000704700BF40FB002010B582B00190FFF771
:10202000F5FF0446FFF7F2FF001B019B9842F9D32E
:1020300002B010BD024A136823F002031360704718
:1020400010E000E04C4B5A6822F440325A605A6863
:1020500041680A435A600268536823F480735360EE
:1020600002685368016943EA0123536002685368B8
:1020700023F0407353600268536881680B435360D8
:102080000268936823F40063936002689368C168F0
:102090000B439360826A394B9A425BD00268936823
:1020A00023F07063936002689368816A0B439360C6
:1020B0000268936823F04053936002689368C16A92
:1020C0000B4393600268936823F0020393600268F5
:1020D0009368816943EA41039360036A002B44D00B
:1020E0000268536843F4006353600268536823F442
:1020F00060435360436A013B4FF4604292FAA2F29C
:10210000B2FA82F2934001684A6813434B60026856
:10211000D36A23F47003D3620168CB6AC269013ABF
:1021200043EA0253CB620268936823F4007393601E
:1021300002689368016B43EA4123936002689368E5
:1021400023F48063936002689368416943EA8123C2
:10215000936070470268936823F07063936002682D
:10216000936823F040539360ACE70268536823F40C
:1021700000635360CBE700BF002301400100000F64
:1021800030B310B50446036C43B1236C13F0100F49
:102190000AD00120002384F83C3010BD436480F84D
:1021A0003C300DF0EFF9F0E7236C23F4885323F073
:1021B000020343F0020323642046FFF743FF00209D
:1021C0006064236C23F0030343F001032364E1E71D
:1021D0000120704782B00023019390F83C30012B1E
:1021E00063D0012380F83C3003689A6812F0010F35
:1021F00013D19A6842F001029A60304B1B68304A52
:10220000A2FB03239B0C03EB4303019302E0019B1E
:10221000013B0193019B002BF9D10268936813F0F5
:10222000010F44D0036C23F4E06323F0010343F473
:1022300080730364536813F4806F05D0036C23F438
:10224000405343F480530364036C13F4805F19D04C
:10225000436C23F006034364002380F83C306FF0A6
:1022600022031360174B5B6813F01F0F0DD1036837
:102270009A6812F0405F1DD19A6842F080429A60DD
:10228000002015E000234364E6E703680E4A93420A
:1022900001D000200CE09A6812F0405F0CD19A68DF
:1022A00042F080429A60002002E0022000E000201C
:1022B00002B070470020FBE70020F9E70000002093
:1022C00083DE1B43002301400020014090F83C3096
:1022D000012B19D0012380F83C300268936823F069
:1022E0000103936003689B6813F0010F07D1036C2F
:1022F00023F4885323F0010343F001030364002314
:1023000080F83C30184670470220704770B504468C
:102310000D4603689A6812F4806F03D09B6813F42B
:10232000807F19D1FFF772FE064623681A6812F003
:10233000020F1AD1B5F1FF3FF7D025B1FFF766FEC6
:10234000801BA842F1D9236C43F0040323640023CB
:1023500084F83C3003202DE0036C43F02003036439
:10236000002380F83C30012024E06FF012021A6054
:10237000236C43F40073236423689A6812F0405F6F
:1023800017D1A269BAB9DA6A12F4700F03D09B6848
:1023900013F4806F11D1236C23F480732364236CB6
:1023A00013F4805F0BD1236C43F0010323640020FE
:1023B00000E0002070BD0020FCE70020FAE70020CC
:1023C000F8E70368D86C704730B482B000230193FB
:1023D00090F83C30012B00F0B580012380F83C30B0
:1023E0000B68092B3ED90568EA689BB203EB4303EF
:1023F0001E3B072404FA03F322EA0303EB6005689B
:10240000EA688C680B8803EB43031E3B04FA03F372
:102410001343EB604B68062B3AD805686A6B03EBF5
:102420008303053B1F2404FA03F322EA03036B63CF
:1024300005686A6B4B6803EB8303053B0C8804FA61
:1024400003F313436B6302683F4B9A4250D0026818
:102450003D4B9A4255D0002380F83C30184602B0DC
:1024600030BC704705682A699BB203EB430307241D
:1024700004FA03F322EA03032B6105682A698C68D6
:102480000B8803EB430304FA03F313432B61C1E707
:102490000C2B16D805682A6B03EB8303233B1F2400
:1024A00004FA03F322EA03032B6305682A6B4B68E3
:1024B00003EB8303233B0C8804FA03F313432B63DE
:1024C000C1E70568EA6A03EB8303413B1F2404FA72
:1024D00003F322EA0303EB620568EA6A4B6803EB45
:1024E0008303413B0C8804FA03F31343EB62AAE72E
:1024F0000B68122BABD1154A536843F48003536029
:10250000A5E70B68124A934201D0112BA3D10F4AC1
:10251000536843F4000353600A680D4B9A429AD102
:102520000C4B1B680C4AA2FB03239B0C03EB83039D
:102530005B00019302E0019B013B0193019B002B97
:10254000F9D188E702208AE70020014000230140FA
:10255000120000100000002083DE1B43074AD368EE
:1025600023F4E0631B041B0C000200F4E06003434F
:1025700043F0BF6343F40033D360704700ED00E0E5
:1025800030B4174BDB68C3F30223C3F10704042CF8
:1025900028BF04241D1D062D18D9033B4FF0FF351D
:1025A00005FA04F421EA0401994005FA03F322EA4A
:1025B0000303194300280BDB0901C9B200F1604095
:1025C00000F5614080F8001330BC70470023E5E758
:1025D00000F00F000901C9B2024B1954F4E700BF23
:1025E00000ED00E014ED00E000F01F0240090123BF
:1025F0009340024A42F82030704700BF00E100E0FB
:1026000000F01F024009012393402030014A42F8A4
:102610002030704700E100E00138B0F1807F0AD23D
:10262000064B5860064AF02182F82310002098607B
:1026300007221A6070470120704700BF10E000E0D9
:1026400000ED00E000F01F024009012393406030DC
:10265000014A42F82030704700E100E0042805D02C
:10266000054A136823F0040313607047024A136895
:1026700043F004031360704710E000E000230F2BC9
:1026800000F2E580F0B482B039E0092200E00022D7
:10269000B2403A4302346E4E46F824206D4A146824
:1026A000EA4324EA05064F6817F4803F01D045EA63
:1026B0000406684C2660646802EA04064F6817F452
:1026C000003F01D045EA0406624C6660A46802EA55
:1026D00004064F6817F4801F01D045EA04065D4CDC
:1026E000A660E46822404E6816F4001F01D045EA57
:1026F0000402584CE26001330F2B00F2A580012246
:102700009A400C6804EA020532EA0404F3D14C68EA
:10271000022C01D0122C10D1DE08083650F826C049
:1027200003F00704A7000F24BC402CEA040C0C693A
:10273000BC4044EA0C0440F82640D0F800C05E00DB
:102740000324B440E7432CEA040C4C6804F003046F
:10275000B44044EA0C0404604C6804F1FF3CBCF152
:10276000010F03D9112C01D0122C10D1846807EA73
:10277000040CCC68B44044EA0C048460446824EA45
:1027800002024C68C4F300149C4014434460C268C5
:1027900017408A68B2403A43C2604A6812F0805FCC
:1027A000A9D0002201922C4A546C44F48044546411
:1027B000526C02F480420192019A9C08A61C244AA1
:1027C00052F8267003F0030296000F22B24027EA67
:1027D0000207224A90423FF45AAF02F580629042CB
:1027E00022D002F58062904220D002F580629042B1
:1027F0001ED002F5806290421CD002F580629042A9
:102800001AD002F58062904218D002F580629042A0
:1028100016D002F58062904214D002F58062904298
:102820003FF433AF0A2233E7012231E702222FE7D8
:1028300003222DE704222BE7052229E7062227E7BA
:10284000072225E7082223E702B0F0BC7047704753
:1028500000380140003C01400038024000000240C6
:1028600000230F2B00F29580F0B50AE0092500E067
:10287000002505FA02F2A24270D001330F2B00F2BC
:10288000878001229A4002EA010C32EA0104F4D165
:1028900004685D00032606FA05F524EA05040460D1
:1028A00023FA06F7083750F827E003F00704A400DE
:1028B0000F2606FA04F42EEA040440F82740846840
:1028C00024EA05048460446824EA02024260C26883
:1028D00022EA0505C5609F08BC1C2E4A52F8244018
:1028E00003F003029200964034402B4DA842BFD023
:1028F00005F58065A84221D005F58065A8421FD066
:1029000005F58065A8421DD005F58065A8421BD05D
:1029100005F58065A84219D005F58065A84217D055
:1029200005F58065A84215D005F58065A84213D04D
:1029300005F58065A84299D00A259AE7012598E710
:10294000022596E7032594E7042592E7052590E7FD
:1029500006258EE707258CE708258AE70D4DBA1C6A
:1029600055F8224024EA060645F822600B4A14680E
:1029700024EA0C041460546824EA0C04546094683B
:1029800024EA0C049460D46824EA0C04D46074E74C
:10299000F0BD70470038014000000240003C01409B
:1029A00000690840C0B270470AB1816170470904EC
:1029B000816170477047000008B5054B5B690342B1
:1029C00000D108BD024B5861FFF7F4FFF9E700BFE3
:1029D000003C0140F8B50446C0EBC002244B03EBB9
:1029E0008203DE6A1A6BB61A1B6A9E4200D91E4623
:1029F000F71CBF0811E0F71CBF08C4EBC4051C4B53
:102A000003EB8505B2B2E1B2686A02F035FB6B6A8E
:102A100033446B622B6B33442B63630103F18043BC
:102A200003F58023D3F818399BB2BB4214D9C4EB09
:102A3000C4030F4A02EB83031A6BDB6A9A420BD280
:102A400053B19E1AC4EBC403094A02EB83031B6A09
:102A50009E42D0D91E46CEE746B90120A040054B84
:102A6000D3F8344824EA0004C3F834480020F8BD01
:102A7000800501200000044008B5254B032283F89F
:102A800069210DF0E1F802F099F801F0E3FF002070
:102A900002F09EF80022052A0FD8C2EBC20399006B
:102AA0001B4B0B44012159761A76DA830021D97623
:102AB00019625962D9620132EDE70022052A1CD859
:102AC000C2EBC2039900124B0B44002183F8C110E2
:102AD00083F8C020DA8383F8C310C3F8C810C3F8A2
:102AE000CC10C3F8D41002F140039B0003F18043E3
:102AF00003F5802359600132E0E702F0BBF8044B94
:102B0000012283F8692102F0EFFC002008BD00BF1C
:102B10008005012008B502F0D7FC02F045F800203E
:102B200008BD08B502F04AF802F090FC02F0DCFCA7
:102B3000002008BD10B5064C032384F86931FFF767
:102B4000F0FF0DF0ABF8002084F8690110BD00BF64
:102B5000800501202DE9F047AA4B1E68002E40F0A9
:102B60002481A94B5A699B691A4200F01E81A74B28
:102B70001B6813B1A54B01221A60A54B1C68002CE1
:102B800064D0A14BB3F81A28B3F81E58ADB2154063
:102B9000344625E0C4EBC4039A009E4B1344D3F89B
:102BA000C810620102F1804202F58022D2F8082B9F
:102BB000C2F312028A1AC3F8D820D3F8CC200A44F0
:102BC000C3F8CC201EE017F0080F3BD1630103F1DE
:102BD000804303F580231922C3F8082B01346D08C4
:102BE000A5B315F0010FF9D0630103F1804303F59C
:102BF0008023D3F8087B17F0010FE4D0854BDB6806
:102C0000012BC7D0DFF80C82C4EBC402930043440D
:102C1000D3F8CC10E0B203F09BFAD8F80C30012BBB
:102C2000D1D1002CCFD1C4EBC4039A004346134446
:102C3000D3F8D430002BC6D108F5B671012002F0CC
:102C400085FCC0E7744803F053FABFE7734B1B6879
:102C5000002B5BD06C4BB3F81828B3F81C58ADB2FE
:102C60001540344616E0C4EBC4039A00694B134484
:102C7000196A5A6A0A445A6228E0630103F18043E0
:102C800003F580235B22C3F8082916F0800F39D1A1
:102C900001346D08002D39D015F0010FF8D0630113
:102CA00003F1804303F58023D3F8086916F0010F80
:102CB000E3D05549D1F834380122A24023EA020377
:102CC000C1F83438534BDB68012BCCD0514FC4EBE7
:102CD000C40293003B44596AE0B203F06BFAFB680C
:102CE000012BCAD1002CC8D1C4EBC4039A003B46C7
:102CF0001344DB6A002BC0D107F5B671012002F046
:102D000025FCBAE72046FFF765FEC1E7444B1B6888
:102D1000002B4CD1434B1B6843B13B4BD3F80838D5
:102D200013F0010F50D13F4B01221A603E4B1B683C
:102D3000002B4CD13D4B1B68002B40F0B8803C4B26
:102D40001B688BB13B4B00221A602F4B1D6A05F0AC
:102D50000F06C5F34343022B00F0B680062B00F0AC
:102D6000D380344B01221A60334B1B68002B40F098
:102D7000DE80324B1B68002B40F0DF80304B1B683D
:102D8000002B40F0E1802F4B1B68002B40F0E380CC
:102D90002D4B1B684BB11C4B5C6814F0040F40F0CA
:102DA000E080194A536823435360BDE8F087164A10
:102DB000D2F8043823F00103C2F8043803F070FAA3
:102DC000174B01221A60A5E70CF07CFFABE70E4A17
:102DD000D2F8043823F00103C2F80438002001F0CF
:102DE00011FF00220B4B1B6893422FD9530103F1B3
:102DF000804303F58023FF21C3F80819C3F8081B9B
:102E00000132EFE7800280420000044084028042E9
:102E1000CC02804280050120EC060120C8028042DD
:102E2000FC028042AC028042B0028042B402804286
:102E300090028042100300428C028042D002804205
:102E4000D4020042F802804288028042464B4FF68C
:102E5000FF72A3F81828A3F81A28B3F81C2892B216
:102E600042F00102A3F81C28B3F81E2892B242F0E7
:102E70000102A3F81E28D3F8142842F00B02C3F86D
:102E80001428D3F8102842F00B02C3F81028D3F806
:102E9000002822F4FE62C3F80028344B03F5B67113
:102EA000187B02F053FB324B01221A6042E702F01A
:102EB0002BFB2D4AD36823F47053D36003F0C8F979
:102EC0002C4B01221A603AE747F6F0731D423FF49B
:102ED00048AF4FEA1518DFF89490C6EBC6039F0081
:102EE0004F44C5F30A11D7F8CC0002F03BFAC8F3FF
:102EF0000A03D7F8CC201A44C7F8CC20D7F8D8203A
:102F00001344C7F8D8302CE71B4F0821384602F08D
:102F100029FAC5F30A15A7F5B677C6EBC6029300E2
:102F20003B44D3F8D8201544C3F8D85019E703F030
:102F3000C3F9124B01221A601BE7E0B203F0BEF99D
:102F40000F4B01221A6019E7E0B203F0B9F90D4BFB
:102F500001221A6017E703F0B5F90B4B01221A6042
:102F600016E703F0B1F91CE70000044080050120DA
:102F7000B0028042B4028042EC0601208C02804202
:102F8000D0028042D4020042F802804208B502F02A
:102F900087FA002008BD000038B5044645B2002D70
:102FA00016DB00F07F03C3EBC3039B00C0330E4866
:102FB000184404F07F040470ED0F45708260C17006
:102FC00005B1C48002290CD001F004FF002038BDF7
:102FD00000F07F03C3EBC3039B001833024818447F
:102FE000E7E700230371EFE78005012008B50246FB
:102FF00041B2002910DB00F07F03C3EBC3039B0049
:10300000C0330A48184402F07F020270C90F4170B1
:1030100001F032FF002008BD00F07F03C3EBC303C3
:103020009B00183301481844EDE700BF80050120DC
:1030300038B500F07F03C3EBC3008000C030124DF1
:103040002844C3EBC30405EB8404C4F8CC10C4F8D3
:10305000D4200022C4F8D82084F8C12084F8C030DD
:10306000EA68012A05D05BB9D1B201F047FF002020
:1030700038BDC3EBC30405EB8404C4F8D010F2E7F9
:10308000D1B202F035F8F2E78005012000F07F00B0
:10309000C0EBC000024B03EB8000B0F8D8007047D3
:1030A0008005012038B500F07F03C3EBC30080002A
:1030B0001830104D2844C3EBC30405EB840461624F
:1030C000E26200222263012262762376EA68012A04
:1030D00005D053B9D1B201F011FF002038BDC3EBC8
:1030E000C30405EB8404A162F3E7D1B202F000F857
:1030F000F3E700BF8005012010B5024641B2002968
:1031000011DBC0EBC0039B00C0330F481844012300
:10311000837002F07F040470C90F417002F030F92F
:1031200054B1002010BD00F07F03C3EBC3039B002C
:10313000183305481844EAE7034B03F5B671187BCA
:1031400002F004FAEDE700BF8005012010B5024649
:1031500041B2002910DBC0EBC0039B00C0330B4819
:1031600018440024847002F07F020270C90F41707D
:1031700002F03AF9204610BD00F07F03C3EBC30311
:103180009B00183301481844EBE700BF800501207D
:1031900008B510F0800F03D101F04CFD002008BDF0
:1031A00000F07F0001F02EFDF8E70000154B5B6A90
:1031B00028B943EA0141134B99620020704730B4AB
:1031C0000546104A906A03EB104000226B1E9342A2
:1031D0000BD902F140039B0003F1804303F58023E8
:1031E0005C6800EB14400132F0E740EA014005F171
:1031F0003F039B0003F1804303F5802358600020C8
:1032000030BC704700000440014B586200207047FA
:10321000000004404FF4807393FAA3F3B3FA83F3EE
:1032200003F1845303F560339B0001221A60704759
:103230004FF4807393FAA3F3B3FA83F303F1845347
:1032400003F560339B0000221A6070470B4A136835
:1032500023F0030303431360094A136943F0040393
:103260001361012908D040BF20BF20BF044A136961
:1032700023F004031361704730BFF7E7007000408C
:1032800000ED00E030B583B00446036813F0010F91
:103290002ED0A34B9B6803F00C03042B1FD0A04B34
:1032A0009B6803F00C03082B14D022799D4B1A70F5
:1032B0006368002B40D0FEF7A9FE0546984B1B68BB
:1032C00013F4003F14D1FEF7A1FE401B6428F5D98A
:1032D000032072E1924B5B6813F4800FE5D0904BB2
:1032E0001B6813F4003F03D06368002B00F060817B
:1032F000236813F0020F4AD0894B9B6813F00C0F20
:103300002ED0874B9B6803F00C03082B23D0E36877
:10331000002B63D0844B01221A60FEF777FE05462E
:103320007F4B1B6813F0020F49D1FEF76FFE401B65
:103330000228F5D9032040E1FEF768FE0546784BE8
:103340001B6813F4003FD3D0FEF760FE401B6428D7
:10335000F5D9032031E1724B5B6813F4800FD6D1AD
:103360006F4B1B6813F0020F03D0E368012B40F092
:1033700021816B48036823F0F8032169F82292FA4F
:10338000A2F2B2FA82F201FA02F213430360236856
:1033900013F0080F46D0636993B3644B01221A609F
:1033A000FEF734FE05465E4B5B6F13F0020F39D11A
:1033B000FEF72CFE401B0228F5D90320FDE05848FB
:1033C000036823F0F8032169F82292FAA2F2B2FA14
:1033D00082F201FA02F213430360D8E7524B002253
:1033E0001A60FEF713FE05464D4B1B6813F0020FE3
:1033F000CDD0FEF70BFE401B0228F5D90320DCE000
:103400004A4B00221A60FEF701FE0546444B5B6FF3
:1034100013F0020F06D0FEF7F9FD401B0228F5D984
:103420000320CAE0236813F0040F1FD1A369002B07
:1034300000F0C2803A4A926802F00C02082A00F0BA
:10344000BE80022B59D03A4B00221A60FEF7DEFDF7
:103450000446334B1B6813F0007F00F0A780FEF793
:10346000D5FD001B0228F4D90320A6E00023019318
:103470002B4B1A6C42F080521A641B6C03F0805381
:103480000193019B2B4A136843F480731360FEF78A
:10349000BDFD0546274B1B6813F4807F06D1FEF760
:1034A000B5FD401B0228F5D9032086E0227A224B85
:1034B0001A70A36883B1FEF7A9FD0546184B1B6F70
:1034C00013F0020FB2D1FEF7A1FD401B41F2883389
:1034D0009842F3D9032070E0FEF798FD0546104BA3
:1034E0001B6F13F0020FA1D0FEF790FD401B41F2BD
:1034F00088339842F3D903205FE00D4B00221A6015
:10350000FEF784FD0546064B1B6813F0007F15D0BF
:10351000FEF77CFD401B0228F5D903204DE000BFDB
:10352000003802400238024000004742800E474205
:10353000600047420070004070380240E369226A30
:103540001343616A47F6C07292FAA2F2B2FA82F2AB
:1035500001FA02F21343A26A5208013A4FF44031D1
:1035600091FAA1F1B1FA81F18A401343E16A4FF077
:10357000706292FAA2F2B2FA82F201FA02F21343F4
:10358000104A5360104B01221A60FEF73FFD0446BB
:103590000C4B1B6813F0007F06D1FEF737FD001BB4
:1035A0000228F5D9032008E0002006E0002004E00E
:1035B000012002E0012000E0002003B030BD012026
:1035C000FBE700BF0038024060004742214B9B6888
:1035D00003F00C03042B38D0082B38D11D4B58684E
:1035E00000F03F005B6813F4800F1ED01A4AB2FB54
:1035F000F0F2184B586847F6C073184093FAA3F3DB
:10360000B3FA83F3D84000FB02F0124B5B6803F47B
:1036100040334FF4403292FAA2F2B2FA82F2D3402F
:1036200001335B00B0FBF3F070470C4AB2FBF0F2E1
:10363000084B586847F6C073184093FAA3F3B3FADF
:1036400083F3D84000FB02F0DFE7034870470348EC
:10365000704700BF0038024000127A000024F400D6
:1036600070B504460D46624B1B6803F00F038B4296
:1036700008D2CBB25E4A1370136803F00F038B427B
:1036800040F0AF80236813F0020F06D0594A9368C8
:1036900023F0F003A1680B439360236813F0010F3C
:1036A00064D06368012B26D09A1E012A2AD9514A78
:1036B000126812F0020F00F096804E498A6822F0DC
:1036C000030213438B60FEF7A1FC06466368012BDF
:1036D0001FD0022B2CD0032B39D0464B9B6813F004
:1036E0000C0F43D0FEF792FC801B41F288339842C6
:1036F000F3D9032074E03F4A126812F4003FDCD192
:1037000001206DE03B4A126812F0007FD5D1012004
:1037100066E0384B9B6803F00C03042B26D0FEF7C1
:1037200075FC831B41F288329342F2D9032057E0A3
:10373000304B9B6803F00C03082B17D0FEF766FC98
:10374000801B41F288339842F2D9032048E0294B8C
:103750009B6803F00C030C2B08D0FEF757FC801B72
:1037600041F288339842F2D9032039E0204B1B689C
:1037700003F00F03AB4207D9EAB21D4B1A701B6866
:1037800003F00F03AB4230D1236813F0040F06D0CF
:10379000184A936823F4E053E1680B43936023686D
:1037A00013F0080F07D0134A936823F4604321698C
:1037B00043EAC1039360FFF709FF0E4B9B6803F0D8
:1037C000F003F02292FAA2F2B2FA82F2D3400A4A4D
:1037D000D35CD840094B18600020FEF7DFFB0020C7
:1037E00070BD0120FCE70120FAE70120F8E700BFE7
:1037F000003C024000380240A0A602080000002061
:10380000014B1868704700BF0000002008B5FFF7A3
:10381000F7FF074B9B6803F4E0534FF4E05292FA32
:10382000A2F2B2FA82F2D340024AD35CD84008BD79
:1038300000380240A0A6020808B5FFF7E1FF074BD9
:103840009B6803F460434FF4604292FAA2F2B2FA2A
:1038500082F2D340024AD35CD84008BD003802400F
:10386000A0A6020870B582B00446036813F0030FE7
:1038700014D1236813F00C0F70D1236813F0200FBC
:1038800040F0F780236813F0100F00F0598194F88E
:103890002C20AC4B1A60002002B070BDAA4B002255
:1038A0001A60FEF7B3FB0546A84B1B6813F0006FC8
:1038B00006D0FEF7ABFB431B022BF5D90320EBE749
:1038C000236813F0010F14D0636847F6C07292FAB0
:1038D000A2F2B2FA82F29340A1684FF0E04292FA6B
:1038E000A2F2B2FA82F201FA02F21343974AC2F844
:1038F0008430236813F0020F1ED09449D1F884302D
:1039000003F0E0434FF0E04292FAA2F2B2FA82F200
:1039100023FA02F26068E3681B0643EA801343EA75
:103920000273C1F88430D1F88C3023F01F03E269B0
:10393000013A1343C1F88C30834B01221A60FEF721
:1039400065FB0546814B1B6813F0006F91D1FEF7B4
:103950005DFB401B0228F5D903209DE77C4B00222C
:103960001A60FEF753FB0546784B1B6813F0005FA7
:1039700006D0FEF74BFB431B022BF5D903208BE748
:10398000236813F0040F2FD0704DD5F8882002F073
:10399000E0424FF0E04191FAA1F3B3FA83F3DA4049
:1039A000236947F6C07090FAA0F0B0FA80F0834027
:1039B00066694FF0706090FAA0F0B0FA80F006FAF5
:1039C00000F0034391FAA1F1B1FA81F18A40134367
:1039D000C5F88830D5F88C3023F4F853226A013AC0
:1039E00043EA0223C5F88C30236813F0080F2DD06A
:1039F0005648D0F8882002F070624FF0706191FA5A
:103A0000A1F3B3FA83F3DA40236947F6C07595FA58
:103A1000A5F5B5FA85F5AB4091FAA1F1B1FA81F1BE
:103A20008A401343A1694FF0E04292FAA2F2B2FA3F
:103A300082F201FA02F21343C0F88830D0F88C30D9
:103A400023F44033626A1343C0F88C30404B0122A8
:103A50001A60FEF7DBFA05463C4B1B6813F0005F6B
:103A60007FF40BAFFEF7D2FA401B0228F4D90320F3
:103A700012E700230193354B1A6C42F080521A640E
:103A80001B6C03F080530193019B324A136843F48B
:103A900080731360FEF7BAFA05462E4B1B6813F4C9
:103AA000807F06D1FEF7B2FA401B0228F5D9032029
:103AB000F2E6264B1B6F13F4407312D0A26A02F495
:103AC00040729A420DD0214B1A6F22F44072224963
:103AD00001200860002008601A671B6F13F0010FB7
:103AE00012D1A36A03F44072B2F5407F1DD0174A89
:103AF000936823F4F813936014490B6FA26AC2F31E
:103B00000B0213430B67BDE6FEF780FA05460F4B29
:103B10001B6F13F0020FE4D1FEF778FA401B41F25D
:103B200088339842F3D90320B6E608498A6822F41C
:103B3000F81223F0704323F4407313438B60DBE7E8
:103B40000020A9E6E01147426800474200380240E1
:103B50007000474200700040400E474238B50446AE
:103B60000268D36823F0A003D360FEF74FFA05463E
:103B70002368DB6813F0200F07D1FEF747FA401BDC
:103B8000B0F57A7FF4D9032000E0002038BD38B5C5
:103B90000368DA6812F0400F01D0002038BD0446F7
:103BA0004FF0FF32DA60FEF731FA05462368DB6832
:103BB00013F0400F07D1FEF729FA431BB3F57A7FC4
:103BC000F4D90320EAE70020E8E7002848D038B518
:103BD0000446437F93B1022363772368CA225A6263
:103BE000236853225A622046FFF7D1FF50B1236861
:103BF000FF225A6204236377012038BD03770BF05C
:103C0000E5FCE8E72268936823F4700323F040039F
:103C1000936021688A68636825692B4365692B4333
:103C200013438B602368E2681A6122681369A168F4
:103C300043EA014313612268D36823F08003D36011
:103C40002268136C23F4802313642268136CA16927
:103C50000B4313642368FF225A6201236377CCE786
:103C6000012070470023092803D901330A38C0B264
:103C7000F9E71B01DBB218437047F8B5037F012B4E
:103C800078D004460E460123037702234377002AA7
:103C900047D103689B6813F0400F01D10023CB701C
:103CA0003078FFF7DFFF05047078FFF7DBFF45EAA8
:103CB0000025B078FFF7D6FF0543F07845EA0045C8
:103CC0002368CA225A62236853225A622046FFF7A9
:103CD0005EFF0746002836D1236805F07F3525F0C2
:103CE000FE451D602268936823F480239360216859
:103CF0008B68F2683069024313438B602268D36893
:103D000023F08003D36023689B6813F0200F23D037
:103D10002368FF225A620123637700232377384602
:103D2000F8BD03689B6813F0400F01D10023CB70EE
:103D300035787078000240EA0540B5782843F57878
:103D400040EA0545BCE72368FF225A6204236377F3
:103D5000002323770127E2E72046FFF7FFFE002834
:103D6000D6D02368FF225A62042363770023237787
:103D70000127D4E70227D2E770B5037F012B66D075
:103D800004460E4601230377022343773AB94B7862
:103D900013F0100F03D003F0EF030A334B70002A27
:103DA00033D1F078FFF75EFF05047078FFF75AFF14
:103DB00045EA0025B078FFF755FF0543307845EA1E
:103DC00040352368CA225A62236853225A62204629
:103DD000FFF7DDFE064618BB236825F07F4525F07A
:103DE000C0055D602268D36823F08003D360236838
:103DF0009B6813F0200F1CD02368FF225A62012316
:103E0000637700232377304670BD7078B578F378F8
:103E1000000240EA03402843357840EA4535D0E7C0
:103E20002368FF225A620423637700232377012645
:103E3000E9E72046FFF792FE0028DDD02368FF2245
:103E40005A6204236377002323770126DBE70226E7
:103E5000D9E7030903EB830300F00F0000EB4300F5
:103E6000C0B2704770B50C4603689B6A4B6003682C
:103E70001B69C3F30E038B6003681D68C5F306411D
:103E8000C5F305402070C5F30626667005F07F0572
:103E9000A57001F04003E37052B9FFF7DAFF20701C
:103EA0003046FFF7D6FF60702846FFF7D2FFA070BC
:103EB000002070BD70B503685B68C3F30740C8702D
:103EC000C3F304264E7003F03F058D70C3F34233F5
:103ED0000B705AB90C46FFF7BCFFE0703046FFF795
:103EE000B8FF60702846FFF7B4FFA070002070BDD7
:103EF000037F012B7CD030B482B0012303770223EF
:103F000043770368CA245C62036853245C620568D3
:103F1000AB6813F4806F13D0364B1B68364CA4FB90
:103F20000343DB0A4FF47A7404FB03F30193019B10
:103F30005C1E0194002B48D0EB6813F0040FF6D1FF
:103F4000AB6823F48063AB602A4B1B682A4CA4FB4C
:103F50000343DB0A4FF47A7404FB03F30193019BE0
:103F60005C1E0194002B38D00368DC6814F0040F49
:103F7000F5D0596101688B6823F007038B600168F5
:103F80008B681A438A601D4B1A6842F480021A60DB
:103F90009A6842F480029A600268D368DBB263F4E4
:103FA0009063D3600268936843F48043936002682F
:103FB000936843F4806393600368FF225A6201238D
:103FC00043770023037718460FE0FF236B62032338
:103FD000437700220277184607E00368FF225A62FF
:103FE0000323437700220277184602B030BC7047A3
:103FF0000220704700000020D34D6210003C0140B9
:1040000000283BD010B504460023836290F851305D
:10401000002B2ED0022384F851302268136823F03D
:10402000400313606368A2681343E2681343226984
:10403000134362691343A26902F400721343E269F5
:104040001343226A1343A16A22680B431360638BF4
:1040500003F00403616A22680B4353602268D3694A
:1040600023F40063D36100206065012384F851309C
:1040700010BD80F850300BF0B7FACBE70120704745
:1040800028B370B50E461546044690F84930CBB1BA
:10409000214651F8080B00F033FCA2683146206835
:1040A00000F068FC236BA2682946606800F08EFC73
:1040B0002268A16852F8213043F0010342F8213010
:1040C000002070BD80F848300BF0BCFBE0E7012019
:1040D0007047000070B4036A23F001030362036AAF
:1040E0004268846924F073040D6845EA040623F0ED
:1040F00002048B6823430C4DA84202D00B4CA04213
:104100000BD123F00803CD682B4323F0040322F4E2
:1041100040724D6915438A692A43426086614A6844
:104120004263036270BC704700000140000401401C
:1041300030B4036A23F480730362036A4268C4697B
:1041400024F073040D682C4323F400738D6843EA54
:1041500005230E4DA84203D005F58065A8420ED177
:1041600023F40063CD6843EA052323F4806322F43B
:1041700040524D6942EA05128D6942EA05124260D9
:10418000C4614A68C263036230BC704700000140EA
:1041900030B4036A23F480530362036A4468C2693B
:1041A00022F4E6420D6842EA052223F400538D68AA
:1041B00043EA0533094DA84203D005F58065A842BE
:1041C00004D124F480444D6944EA85144460C261FA
:1041D0004A680264036230BC704700BF00000140BF
:1041E0007047000003682E4A904212D0B0F1804F11
:1041F0000FD0A2F57C4290420BD002F58062904233
:1042000007D002F58062904203D002F578429042D6
:1042100003D123F070034A681343214A90422AD005
:10422000B0F1804F27D0A2F57C42904223D002F516
:10423000806290421FD002F5806290421BD002F54E
:104240007842904217D002F57052904213D002F596
:10425000806290420FD002F5806290420BD0A2F5AE
:104260009832904207D002F58062904203D002F566
:104270008062904203D123F44073CA681343036001
:104280008B68C3620B688362054B984203D003F5C9
:104290008063984201D10B69036301234361704736
:1042A00000000140B0B110B5044690F8393063B158
:1042B000022384F83930214651F8040BFFF792FFAE
:1042C000012384F83930002010BD80F83830FFF722
:1042D00087FFEDE701207047B0B110B5044690F8B4
:1042E000393063B1022384F83930214651F8040B88
:1042F000FFF778FF012384F83930002010BD80F8E3
:1043000038300BF0C9F9EDE70120704730B4036A8B
:1043100023F010030362036A4468826922F4E642D0
:104320000D6842EA052223F020038D6843EA051355
:104330000E4DA84203D005F58065A8420ED123F0AA
:104340008003CD6843EA051323F0400324F440645E
:104350004D6944EA85048D6944EA850444608261BC
:104360004A688263036230BC704700BF00000140AE
:1043700090F83830012B28D010B50446012380F87E
:104380003830022380F839300C2A0BD8DFE802F0ED
:10439000070A0A0A110A0A0A150A0A0A1900006815
:1043A000FFF798FE012384F83930002084F83800A4
:1043B00010BD0068FFF7AAFFF4E70068FFF7B8FE3A
:1043C000F0E70068FFF7E4FEECE70220704738B53D
:1043D00090F83830012B66D004460D46012380F852
:1043E0003830022380F839300C2A1AD8DFE802F07E
:1043F00007191919201919193419191947000068D2
:10440000FFF768FE2268936943F00803936122680E
:10441000936923F0040393612268936929690B432C
:104420009361012384F83930002084F8380038BDC6
:104430000068FFF76BFF2268936943F400639361A0
:104440002268936923F480639361226893692969E0
:1044500043EA01239361E4E70068FFF769FE2268FD
:10446000D36943F00803D3612268D36923F00403BE
:10447000D3612268D36929690B43D361D1E700680E
:10448000FFF786FE2268D36943F40063D361226894
:10449000D36923F48063D3612268D369296943EA2D
:1044A0000123D361BDE70220C1E710B4012303FA61
:1044B00001F4036A23EA04030362036A02FA01F1C6
:1044C0000B4303625DF8044B7047000010B50446CF
:1044D00001220068FFF7E9FF2368094A934203D0ED
:1044E00002F58062934203D15A6C42F400425A644E
:1044F0002268136843F001031360002010BD00BF61
:104500000000014010B5044600220068FFF7CDFF0F
:104510002368154A934217D002F58062934213D064
:104520002368196A41F21112114208D1196A40F246
:104530004442114203D11A6822F001021A60012399
:1045400084F83930002010BD196A41F2111211426D
:10455000E6D1196A40F244421142E1D15A6C22F488
:1045600000425A64DCE700BF000001402DE9F84337
:10457000044601680A6922F44052C36813430B6180
:104580000168CA6822F4164222F00C0283680069AE
:10459000034360690343E06903431343CB6021682D
:1045A0004A6922F44072A36913434B61E369B3F58E
:1045B000004F60D02368B84A934200F0148102F59E
:1045C0008062934200F00F81FFF720F900EB80003A
:1045D00000EB80006568AD00B0FBF5F5AF4EA6FBC3
:1045E00005356D092F01FFF711F900EB800505EB8B
:1045F000850563689B00B5FBF3F9FFF707F900EB4E
:10460000800000EB80006568AD00B0FBF5F5A6FB0F
:1046100005356D094FF0640808FB15952D013235FD
:10462000A6FB05356D0905F0F0053D44FFF7EEF8F2
:1046300000EB800000EB80006768BF00B0FBF7F77D
:10464000FFF7E4F800EB800000EB800063689B005C
:10465000B0FBF3F0A6FB0030400908FB10784FEAEE
:10466000081808F13208A6FB0836C6F3431623687B
:104670002E449E600DE12368874A93425BD002F589
:104680008062934257D0FFF7C1F800EB800000EB47
:10469000800065686D00B0FBF5F5804EA6FB053522
:1046A0006D092F01FFF7B2F800EB800000EB8000EE
:1046B00065686D00B0FBF5F9FFF7A8F800EB800026
:1046C00000EB800065686D00B0FBF5F5A6FB0535D5
:1046D0006D094FF0640808FB1595ED003235A6FB17
:1046E00005356D096D0005F4F8753D44FFF78EF84A
:1046F00000EB800000EB800067687F00B0FBF7F7FD
:10470000FFF784F800EB800000EB800063685B003B
:10471000B0FBF3F3A6FB03235B0908FB13784FEA16
:10472000C80808F13208A6FB0836C6F3421623680B
:104730002E449E60ADE0FFF77FF800EB800000EBB9
:10474000800065686D00B0FBF5F5544EA6FB05359D
:104750006D092F01FFF770F800EB800000EB80007F
:1047600065686D00B0FBF5F9FFF766F800EB8000B7
:1047700000EB800065686D00B0FBF5F5A6FB053524
:104780006D094FF0640808FB1595ED003235A6FB66
:1047900005356D096D0005F4F8753D44FFF74CF8DB
:1047A00000EB800000EB800067687F00B0FBF7F74C
:1047B000FFF742F800EB800000EB800063685B00CD
:1047C000B0FBF3F3A6FB03235B0908FB13784FEA66
:1047D000C80808F13208A6FB0836C6F3421623685B
:1047E0002E449E6055E0FFF727F800EB800000EBB9
:1047F00080006568AD00B0FBF5F5284EA6FB0535D9
:104800006D092F01FFF718F800EB800505EB850512
:1048100063689B00B5FBF3F9FFF70EF800EB80002F
:1048200000EB80006568AD00B0FBF5F5A6FB053533
:104830006D094FF0640808FB15952D013235A6FB74
:1048400005356D0905F0F0053D44FEF7F5FF00EB79
:10485000800000EB80006768BF00B0FBF7F7FEF751
:10486000EBFF00EB800000EB800063689B00B0FB77
:10487000F3F0A6FB0030400908FB10784FEA081857
:1048800008F13208A6FB0836C6F3431623682E4407
:104890009E60BDE8F88300BF001001401F85EB510A
:1048A00058B310B5044690F839300BB3242384F87C
:1048B00039302268D36823F40053D3602046FFF7D1
:1048C00055FE2268136923F49043136122685369EB
:1048D00023F02A0353612268D36843F40053D36062
:1048E0000020E063202384F8393084F83A3010BD8A
:1048F00080F838300AF02CFFD8E70120704700001C
:1049000070B40C6850F82430194E1E404A688D6807
:1049100042EA0503CA6813430A6913434A69134309
:104920008A691343CA6913430A6A13434A6A1343E1
:104930008A6A1343CA6A1343CA6B13430A6B13434D
:104940004A6B13433343082D08D040F824304B6B97
:10495000B3F5801F05D0002070BC704743F04003C2
:10496000F3E70A68002AF6D0026813430360F2E70F
:104970008000E0FF30B4013250F8224004F040449F
:104980000B684D6843EA05138D6843EA0523CD683B
:1049900043EA05430D69013D43EA05534D69023D74
:1049A00043EA05638D692B43234340F822300368B3
:1049B00013F4801F07D0436823F470030A69013A97
:1049C00043EA02534360002030BC7047B3F5804F88
:1049D00005D06FF0704340F822300020704730B4AB
:1049E00050F82230094C1C400B684D6843EA05130F
:1049F0008D6843EA0523CD6843EA054389690B4383
:104A0000234340F82230002030BC70470000F0CF34
:104A1000002301330D4A934214D80D4A1269002A2B
:104A2000F7DA0B4A136943F00103136100230133E2
:104A3000064A934208D8064A126912F0010FF6D1CD
:104A4000002070470320704703207047400D03008B
:104A50000000044008B5434AD36843F04003D360E4
:104A6000FEF7CEFE404B0344404A934210D83D4AE5
:104A7000D36843F47053D360FFF7CAFF394B4FF448
:104A800080329A633A4BDB68012B65D0002008BD69
:104A9000384B0344384A934205D8324AD36843F42A
:104AA0006053D360E8E7A0F57403A3F51053334ACD
:104AB000934205D82B4AD36843F45053D360DBE7C5
:104AC000A0F18373A3F5E7432D4A934205D2254A0B
:104AD000D36843F44053D360CEE72A4B03442A4AB9
:104AE000934205D81F4AD36843F43053D360C3E7D9
:104AF000264B0344264A934205D21A4AD36843F40C
:104B00002053D360B8E7234B0344234A934205D292
:104B1000144AD36843F41053D360ADE7A0F1B773E0
:104B2000A3F558531D4A934205D20E4AD36843F465
:104B30000053D360A0E71A4B03441A4A934205D2AC
:104B4000084AD36843F4E053D36095E7054AD36835
:104B500043F4C053D3608FE7024A936843F02003C5
:104B6000936093E700000440405327FFFF340C009C
:104B700080050120401E1BFF3F420F007F4F1200A7
:104B800020D6130060B6E5FE5FE3160000D3CEFE2C
:104B900040771B00C05BB3FEC09121002075380038
:104BA000E05459FEE09C4100034A936843F001033E
:104BB00093600020704700BF00000440034A9368E0
:104BC00023F0010393600020704700BF0000044001
:104BD00008B50B4AD36823F0C043D360012806D040
:104BE00048B9074AD36843F08043D36003E0D368F1
:104BF00043F00053D3603220FDF70EFA002008BDC9
:104C000000000440800140F02000084B18610023A0
:104C10000133074A934206D8044A126912F0200F62
:104C2000F6D1002070470320704700BF0000044009
:104C3000400D0300084B10221A6100230133074A7C
:104C4000934206D8044A126912F0100FF6D10020E0
:104C500070470320704700BF00000440400D030070
:104C6000034BD3F800281043C3F800080020704716
:104C70000000044010B5534B9A6B42F400229A6333
:104C80000022C3F8002ED3F80028C3F800284E4BAA
:104C90005B69012B0AD14C4B9B681BB90020FFF7C5
:104CA000DFFF06E00120FFF7DBFF02E00320FFF754
:104CB000D7FF1020FFF7A6FFFFF7BCFF414B0022F4
:104CC000C3F81028C3F814284FF6FF71A3F818187A
:104CD000A3F81A18A3F81C28A3F81E2811E002F163
:104CE00048035B014FF09040C850530103F18043EB
:104CF00003F580230021C3F81019FF21C3F8081918
:104D00000132314B196891420DD902F148035B0120
:104D10002C49CB58002BE2DB02F148035B01294907
:104D20000020C850E1E7002211E002F158035B01C6
:104D30004FF09044C450530103F1804303F58023A6
:104D40000020C3F8100BFF20C3F8080B013291427A
:104D50000DD902F158035B011A48C358002BE4DB5C
:104D600002F158035B0117480024C450E3E7154AD9
:104D7000D2F8103823F48073C2F81038124BDB6875
:104D8000012B11D00F4A002191616FF080415161D8
:104D90001BB9936943F0100393610A4A91690B4B65
:104DA0000B439361002010BD1146094AC1F8302819
:104DB000D1F8302842F4803242F00302C1F83028A2
:104DC000E0E700BF000004408005012000383C807F
:104DD0000001800030B44378012B25D02549B1F87B
:104DE0001E389BB204780122A24013439BB2A1F863
:104DF0001E38037803F1580252018A5812F4004F0A
:104E00000FD10C4658335B01CA588168C1F30A01BF
:104E1000C07841EA80410A4342F0805242F40042A5
:104E2000E250002030BC7047124CB4F81C389BB2E2
:104E3000017801228A4013439BB2A4F81C380578FC
:104E400005F148014901635813F4004FE9D105F118
:104E50004801490163588268C2F30A02C07842EAF5
:104E6000804242EA8552134343F0805343F40043A7
:104E70006350D6E70000044010B44378012B1ED0E5
:104E80001D4AD2F83C380478012101FA04F423EADF
:104E90000443C2F83C38B2F81E389BB20478A140F3
:104EA00023EA0103A2F81E38037858335B01D15876
:104EB00021F40041D15000205DF8044B70470E4AA8
:104EC000D2F83C380178012404FA01F189B223EACE
:104ED0000101C2F83C18B2F81C389BB201788C4032
:104EE00023EA0403A2F81C38037848335B01D15845
:104EF00021F40041D150DEE70000044010B44378B3
:104F0000012B3BD004785B4B03EB4414D4F8102BFB
:104F1000D20CD204C4F8102B027803EB4213D3F85E
:104F2000102B22F0FF5222F4C012C3F8102B436959
:104F30000BB18368436102784E4B03EB4212D2F807
:104F4000104B44F40024C2F8104B027803EB4213D8
:104F5000D3F8102B8468C4F312042243C3F8102B37
:104F600001297CD00378434958335B01CA5842F089
:104F70000442CA5000205DF8044B7047436963BB8C
:104F800004783C4B03EB4414D4F8102922F0FF5270
:104F900022F4C012C4F81029027803EB4212D2F8AE
:104FA000104944F40024C2F81049027803EB42137C
:104FB000D3F81029D20CD204C3F8102901293CD00F
:104FC0004369002B42D02B49D1F8343804780122B0
:104FD000A2401343C1F8343838E00478254B03EB82
:104FE0004414D4F81029D20CD204C4F81029027841
:104FF00003EB4213D3F8102922F0FF5222F4C0121F
:10500000C3F81029426983689A4200D94361027843
:10501000184B03EB4212D2F8104944F40024C2F8B2
:105020001049027803EB4213D3F810294469C4F302
:1050300012042243C3F81029C0E7037802695B0118
:1050400003F1804303F58023C3F814290378094949
:1050500048335B01CA5842F00442CA508AE7C2682A
:1050600003785B0103F1804303F58023C3F8142B1D
:1050700078E700BF000004401C4BDB68002B32D1F6
:1050800003329208090301F1804303F582230F2ABA
:1050900026D9016819604168196081681960C16882
:1050A0001960016919604169196081691960C169F4
:1050B0001960016A1960416A1960816A1960C16AE0
:1050C0001960016B1960416B1960816B1960C16BCC
:1050D0001960103A4030DAE750F8042B1A600A469B
:1050E000511E002AF8D10020704700BF8005012022
:1050F00070B54378012B3ED00478984B03EB4414F1
:10510000D4F8102BD20CD204C4F8102B027803EB85
:105110004213D3F8102B22F0FF5222F4C012C3F82E
:10512000102B4369002B40F0D68002788B4B03EBA9
:105130004212D2F8104B8568C5F312052C43C2F811
:10514000104B027803EB4213D3F8102B42F40022E9
:10515000C3F8102B012900F0DE80C378012B00F08A
:10516000E48003787D4958335B01CA5842F0044219
:10517000CA50002070BD43697BBB0478774B03EBBA
:105180004414D4F8102922F0FF5222F4C012C4F8BB
:105190001029027803EB4212D2F8104944F400249B
:1051A000C2F81049027803EB4213D3F81029D20C4D
:1051B000D204C3F81029012957D0C378012B5DD040
:1051C0004369002B5AD06549D1F83438047801225C
:1051D000A2401343C1F8343850E004785F4B03EB2E
:1051E0004414D4F81029D20CD204C4F8102904783D
:1051F00003EB4414D4F8102922F0FF5222F4C01219
:10520000C4F81029047803EB4414D4F81059426907
:1052100086683244013AB2FBF6F2514E06EAC242C7
:105220002A43C4F81029027803EB4213D3F810295B
:105230004469C4F312042243C3F81029C378012B34
:10524000B9D10278454B03EB4212D2F8104924F051
:10525000C044C2F81049027803EB4213D3F8102976
:1052600042F00052C3F81029A5E7037802695B01F8
:1052700003F1804303F58023C3F81429C378012B7D
:1052800011D00378354948335B01CA5842F00442D3
:10529000CA50C378012B7FF46CAF828A0178C06852
:1052A000FFF7EAFE65E72D4BD3F8083813F4807F4B
:1052B00008D10378294948335B01CA5842F00052AB
:1052C000CA50DEE70378254948335B01CA5842F0EB
:1052D0008052CA50D5E782681344013BB3FBF2F316
:1052E00004781E4A02EB4414D4F8105B1C4E06EA04
:1052F000C3463543C4F8105B047802EB4412D2F87D
:10530000105B84689BB204FB03F3C3F312032B43CB
:10531000C2F8103B1EE7C26803785B0103F18043CB
:1053200003F58023C3F8142B17E70C4BD3F8083888
:1053300013F4807F08D10378084958335B01CA58B9
:1053400042F00052CA500CE70378044958335B011D
:10535000CA5842F08052CA5003E700BF0000044020
:105360000000F81F0331890800238B4205D2034A4D
:10537000126840F8042B0133F7E77047001004402F
:105380004378012B17D0037803F1580252011549D5
:105390008A58002A05DB58335B01CA5822F0804244
:1053A000CA5003780F4958335B01CA5842F40012BF
:1053B000CA5000207047037803F14802520109499E
:1053C0008A58002A05DB48335B01CA5822F0804224
:1053D000CA500378034948335B01CA5842F40012AB
:1053E000CA50E6E7000004404378012B0ED0037852
:1053F000154958335B01CA5822F40012CA50C378C9
:10540000023BDBB2012B16D90020704703780E490E
:1054100048335B01CA5822F40012CA50C378023BD9
:10542000DBB2012BF0D8037848335B01CA5842F055
:105430008052CA50E8E7037858335B01CA5842F0FB
:105440008052CA50E0E700BF0000044010B50022BF
:105450000AE0530103F1804303F58023FF21C3F8E1
:105460000819C3F8081B01320E2AF2D90B4B4FF66C
:10547000FF72A3F81828A3F81A280024C3F81048CC
:10548000C3F81448A3F81C48A3F81E48FFF7D2FB42
:105490001020FFF7B7FB204610BD00BF00000440FE
:1054A000084BD3F8002822F4FE62C3F80028D3F892
:1054B0000028000100F4FE601043C3F8000800203B
:1054C000704700BF0000044008B5064AD2F804380F
:1054D00023F00203C2F804380320FCF79DFD0020EE
:1054E00008BD00BF0000044008B5064AD2F80438E1
:1054F00043F00203C2F804380320FCF78DFD0020BE
:1055000008BD00BF000004400F4AD2F8003923F460
:10551000FF6323F00703C2F80039D2F8083803F01C
:105520000603042B08D0084AD2F8043843F48073E9
:10553000C2F8043800207047D2F8003943F0030362
:10554000C2F80039EFE700BF00000440104B002212
:10555000C3F8102BD3F8102B42F40022C3F8102B01
:10556000D3F8102B42F01802C3F8102BD3F8102BED
:1055700042F0C042C3F8102B012801D00020704730
:10558000C3F8141B4FF08022C3F8002BF6E700BFCE
:105590000000044008B5402202218120FDF7FCFCF8
:1055A000402202210120FDF7F7FC0822032182207E
:1055B000FDF7F2FC0AF0B4FA064B0022C3F81422FD
:1055C000C3F818224022D3F804120120FDF730FD61
:1055D00008BD00BF44FB002008B58120FDF706FD93
:1055E0000120FDF703FD8220FDF700FD0AF0A6FA79
:1055F00008BD000038B50446037813F0600221D0DE
:10560000202A22D1C288BAB113F0800F0AD1437880
:10561000114880F80032E38880F80132E18801F017
:10562000C3F812E00C4D294640780AF089FAE18867
:10563000284601F09FF808E00022014640780AF071
:105640007FFA02E043780A2B01D0002038BD012107
:10565000024801F08FF8F8E744FB0020FC0200202C
:105660000020024BC3F81402704700BF44FB002027
:1056700008B5FDF70BFD054BC3F80C0203F50371EC
:10568000D3F804020AF0A4FAC0B208BD44FB00201B
:10569000094B93F80002FF2801D10020704710B594
:1056A0001C4693F8012219460AF04AFAFF2384F8AF
:1056B0000032002010BD00BF44FB0020034BC3F8A4
:1056C0000802C3F810120020704700BF44FB0020FE
:1056D000024BC3F804020020704700BF44FB0020C7
:1056E000034BD3F81402003818BF0120704700BFE5
:1056F00044FB002008B5094BD3F814320BB101204C
:1057000008BD064B0122C3F81422D3F81022D3F8A7
:1057100008128120FDF7C6FC0020F1E744FB0020C1
:1057200008B54022034BD3F804120120FDF780FC9A
:10573000002008BD44FB002008B5402202210320C0
:10574000FDF72AFC402202218320FDF725FC00F012
:10575000AFF8002008BD08B50320FDF747FC832003
:10576000FDF744FC00F0CEF8002008BD38B5044633
:10577000037813F060052ED0202D55D14278FE2AF3
:1057800005D0FF2A17D000F0DFFD02254DE042884A
:1057900062B9C288012A09D113F0800F06D02448CB
:1057A00000250560012100F0E5FF3EE0204600F005
:1057B000CBFD022539E0428842B9C28832B913F0E4
:1057C000800F03D100F08EF800252EE0204600F077
:1057D000BBFD022529E043780A2B16D00B2B19D0EC
:1057E000012B22D10079FDF7D3FC2079FDF7FEFBD8
:1057F00094F90430002B11DB402202210320FDF735
:10580000CBFB207900F026F90FE00121094800F0D8
:10581000B1FF0AE08278064B5A6006E0402202217E
:105820008320FDF7B9FBECE70025284638BD00BF13
:1058300060FD002064FD002008B50E4B93F81C327B
:1058400033B90C4BD3F8183213B10A4B5B7A3BB126
:105850008320FDF751FC074B5B7A022B04D008BD77
:105860000320FDF749FCF3E71F2203490320FDF75E
:10587000DFFBF4E760FD002070FF002008B50B4B54
:10588000D3F81822914228BF11468AB2D3F83812B1
:10589000891AC3F83812002183F83C1204211972C6
:1058A00001468320FDF7FEFB08BD00BF60FD002020
:1058B00010B50B4C00232372637284F8613284F8B4
:1058C000603209F043F80320FDF762FC8320FDF706
:1058D0005FFC1F2204F504710320FDF7A9FB10BD36
:1058E00060FD002008B5064900230B7201234B72AE
:1058F0001F2201F504710320FDF79AFB08BD00BFCC
:1059000060FD0020014B00221A72704760FD0020EC
:1059100010B50A4C0A4BC4F8303284F83C0200231C
:1059200023720D2204F50C718320FDF7BBFB1F22AF
:1059300004F504710320FDF77BFB10BD60FD002022
:105940005553425308B50B4B1B7A022B08D006D394
:10595000033BDBB2012B02D80020FFF7D9FF08BDC3
:10596000054800F03BFB0028F9DA0120FFF7D0FFE3
:10597000F5E700BF60FD00207FFF002008B5264B43
:10598000D3F81422C3F83422D3F81822C3F83822EB
:105990000320FDF77BFB1F2805D11F4BD3F81022F6
:1059A0001E4B9A4209D02021052000F069F91A4BBC
:1059B00002225A72FFF740FF08BD174B93F81D32C1
:1059C000012BF0D8144B93F81E32002BEBD0102B88
:1059D000E9D8134800F002FB00280DDB0E4B1B7AC0
:1059E000013BDBB2022BE7D90B4B598979B103F1AB
:1059F0000C00FFF743FFDFE7074B1B7A052B02D0B4
:105A0000FFF71AFFD8E70120FFF782FFD4E7002055
:105A1000FFF77EFFD0E700BF60FD002055534243F3
:105A20007FFF002008B5094B1B7A13B1012B03D06F
:105A300008BDFFF7A3FFFBE7054800F0CFFA0028F9
:105A4000F6DA0120FFF764FFF2E700BF60FD0020F7
:105A50007FFF002008B50A4B5B7A022B03D010F0C1
:105A6000800F07D108BD8320FDF746FB044B0022C1
:105A70005A72F7E7012BF5D00120FFF749FFF1E754
:105A800060FD0020437813F0010F08D10C4B1A7908
:105A90000532037993420ED91346094801E00723E2
:105AA0000848094A538143B1013B9BB2C15C064A95
:105AB0001A441173F7E70248F3E70020704700BF6C
:105AC00018E102089CDA020860FD00200823074A5A
:105AD000538106E0013B9BB2054AD15C034A1A445C
:105AE0001173002BF6D10020704700BF60FD00202D
:105AF00094DA02080823074A538106E0013B9BB26F
:105B0000054AD15C034A1A441173002BF6D10020D8
:105B1000704700BF60FD00208CDA020810B400233B
:105B2000112B06D81A4A1A44002111730133DBB233
:105B3000F6E7174A702313730C23D37492F860327C
:105B400092F86122934211D0114A03F1480112F8F0
:105B50003140947302EBC1014C7914760979517686
:105B60000133DBB282F86032042B0BD0084B1222D7
:105B70005A810379934201D8054A538100205DF888
:105B8000044B70471346002283F86022EEE700BF03
:105B900060FD00200020014B5881704760FD00200F
:105BA00070B5174CD4F86C52B5F5007F28BF4FF490
:105BB0000075D4F86812B4F8623204F10C06B5FB33
:105BC000F3F2B1FBF3F1304608F090FF2A4631467C
:105BD0008320FDF767FAD4F868322B44C4F86832A2
:105BE000D4F86C325B1BC4F86C32D4F83822551BE5
:105BF000C4F838520BB903222272002070BD00BFD6
:105C000060FD002038B5194CD4F86C52B5F5007F12
:105C100028BF4FF40075D4F86812B4F86232B5FBAF
:105C2000F3F2B1FBF3F104F10C0008F0C7FFD4F874
:105C300068322B44C4F86832D4F86C22521BC4F882
:105C40006C22D4F838325D1BC4F8385222B90020D7
:105C5000FFF75EFE002038BDB2F5007F28BF4FF48D
:105C6000007203490320FDF7E3F9F3E760FD00202C
:105C70006CFD0020014B01221A707047FD020020CC
:105C800010B40C4A92F8613203F1480402F834006F
:105C9000090202EBC40461600133DBB282F86132B5
:105CA000042B02D05DF8044B70471346002283F8A2
:105CB0006122F7E760FD002008B5164BD3F81832D3
:105CC0004BB9154B1B786BB90AF016F9B8B9114BE3
:105CD00000225A8108BD20210520FFF7D1FF4FF097
:105CE000FF30F7E70C4B00221A703A210220FFF731
:105CF000C7FF084B05221A724FF0FF30EAE73A213E
:105D00000220FFF7BDFF034B05221A724FF0FF3050
:105D1000E0E700BF60FD0020FD02002010B582B06A
:105D200000230B2B06D8184A1A44002111730133A3
:105D30009BB2F6E70DF1060168460AF0CDF8D8B936
:105D4000114B0822DA7300994A1E140E1C74C2F318
:105D500007445C74C2F307229A740139D974022291
:105D60001A75BDF8062000215975110A9975DA7562
:105D70000C225A8102B010BD3A210220FFF780FFA9
:105D80004FF0FF30F6E700BF60FD002010B512496C
:105D9000881C0AF0A1F8C0B9104BD3F864124A1E4F
:105DA000140E1C73C2F307445C73C2F307229A7388
:105DB0000139D973B3F86222002119745974110A98
:105DC0009974DA7408225A8110BD3A210220FFF733
:105DD00057FF4FF0FF30F7E7C2FF002060FD0020C3
:105DE00008B50144064BD3F86432994201D800202B
:105DF00008BD21210520FFF743FF4FF0FF30F7E7F3
:105E000060FD002010B52C4B1B7A002B35D10446C9
:105E1000294B93F91C32002B36DA0AF06DF8002872
:105E200039D1A078E3781B0443EA0063207943EA80
:105E3000002360791843204BC3F86802E279217A85
:105E400041EA0221C3F86C12FFF7CAFF002830DBD9
:105E5000194B02221A72B3F86202D3F8681200FBDF
:105E600001F1C3F86812D3F86C2202FB00F2C3F808
:105E70006C22D3F818329A4214D10F4B4FF40072AF
:105E80005A81FFF78DFE10BD20210520FFF7F8FE97
:105E90004FF0FF30F7E73A210220FFF7F1FE4FF015
:105EA000FF30F0E720210520FFF7EAFE4FF0FF303A
:105EB000E9E74FF0FF30E6E760FD002038B5374BEB
:105EC0001B7A002B62D10446344B93F91C32002B11
:105ED00040DB0AF011F8002843D10AF00FF805461C
:105EE000002845D1A078E3781B0443EA00632079B9
:105EF00043EA002360791843284BC3F86802E2792B
:105F0000217A41EA0221C3F86C12FFF769FF0028E9
:105F100040DB224BB3F86202D3F8681200FB01F1B8
:105F2000C3F86812D3F86C2202FB00F2C3F86C22AB
:105F3000D3F818329A4222D1184901230B72B2F5D4
:105F4000007F28BF4FF400720C310320FDF770F87A
:105F5000284638BD20210520FFF792FE4FF0FF357F
:105F6000F6E73A210220FFF78BFE4FF0FF35EFE70F
:105F700027210220FFF784FE4FF0FF35E8E72021BC
:105F80000520FFF77DFE4FF0FF35E1E7FFF73AFE12
:105F90000546DDE74FF0FF35DAE700BF60FD002082
:105FA00008B5437813F0020F0CD10B4BB3F86C1209
:105FB000D3F86802FFF714FF00280ADB0020064B25
:105FC000588108BD24210520FFF75AFE4FF0FF300D
:105FD000F7E74FF0FF30F4E760FD002008B50378E5
:105FE0005A2B53D8DFE803F02E52523152525252FC
:105FF000525252525252525252523452525252529F
:1060000052523D3752523A525252524352465252D3
:1060100049524C525252524F525252525252525272
:106020005252525252525252525252525252525250
:106030005252525252525252525252525252525240
:1060400052524000FFF738FE08BDFFF767FDFBE73F
:10605000FFF718FDF8E7FFF79DFDF5E7FFF79AFD5D
:10606000F2E7FFF733FDEFE7FFF744FDECE7FFF75B
:1060700055FEE9E7FFF78AFEE6E7FFF7C3FEE3E731
:10608000FFF71CFFE0E7FFF78BFFDDE7202105208E
:10609000FFF7F6FD4FF0FF30D6E7000008B5064BDE
:1060A0001B6833B1012000F033F909F019FE00201C
:1060B00008BD0220FCE700BF9C00002008B50120BD
:1060C00000F026F909F0B8FEFCF72BFDFCF732FDD5
:1060D000002008BD08B5FCF71DFD002008BD08B56F
:1060E00009F0A2FE08BD08B509F0A6FE002008BD13
:1060F00010B50146154C206800F5007000F010F94D
:1061000020680123C0F8EC31B0F80632C0F8F03155
:1061100090F8002202F01F03012B0DD0022B10D0AB
:1061200023B102F08000FCF7E7FF03E000F5007008
:1061300000F038FA002010BD00F5007000F056FAAB
:10614000F8E700F5007000F06DFAF3E79C0000201E
:1061500008B508BB0B46164A1268D2F8EC110329A1
:1061600020D1D2F80411D2F80801814206D892F861
:10617000F431032B0DD000F033FB13E0091AC2F801
:106180000411814228BF014689B2184600F020FB65
:1061900008E009F085FEEEE7054B1B6893F8F43143
:1061A000032B01D0002008BD09F070FEFAE700BF04
:1061B0009C00002008B500283DD10B46234A1268F8
:1061C000D2F8EC11022909D0204B1B6893F8F82172
:1061D000012A36D1002283F8F82132E05069916912
:1061E00088420ED81369B3FBF1F001FB103028B9D7
:1061F000994203D8D2F8F02193420ED300F000FB6D
:10620000E2E7411A516189B2184600F0C5FA00224E
:1062100011461046FCF70CFFD6E70021084600F0B7
:10622000BBFA0A4B1B680020C3F8F0010246014686
:10623000FCF7FEFEC8E7054B1B6893F8F431032B0F
:1062400001D0002008BD09F017FEFAE79C000020ED
:1062500038B5402200210846FCF79EFE084D2B6809
:106260004024C3F80841224600218020FCF794FE18
:106270002B689C61012000F04BF8002038BD00BF66
:106280009C00002008B5054B1B6893F8F42183F8A7
:10629000F521042000F03CF8002008BD9C000020FF
:1062A00008B5044B1B6893F8F50100F031F80020A5
:1062B00008BD00BF9C0000200020704700207047F0
:1062C000002070470020704708B5012000F020F83A
:1062D00009F0B2FD002008BD034600201A781AB16B
:1062E0000130C0B20133F9E77047000008B54388B8
:1062F000012B00D008BD054B1B680122C3F8FC210F
:1063000009F0A4FD00F06CFAF4E700BF9C00002047
:10631000024B1B6883F8F401704700BF9C0000200B
:106320000B7803704B7843708B78CA7803EB0223A9
:1063300043800B794A7903EB022383808B79CA79F6
:1063400003EB0223C380704708B58020FCF7D4FE1E
:106350000020FCF7D1FE08BD10B582B0044642888B
:10636000130A013B062B4CD8DFE803F004161B4B45
:106370004B4448000DF1060009F0FEFCBDF8061084
:10638000002939D0E388BBB3994228BF1946ADF83C
:10639000061000F0EFF92FE00DF1060009F03EFDC8
:1063A000ECE7D2B2052A22D8DFE802F003080D128A
:1063B000171C0DF1060009F0E5FCDFE70DF1060002
:1063C00009F0F4FCDAE70DF1060009F0E1FCD5E78D
:1063D0000DF1060009F0F8FCD0E70DF1060009F018
:1063E00001FDCBE70DF1060009F00AFDC6E7FFF756
:1063F000ABFF01E0FFF7A8FF02B010BDFFF7A4FF5D
:10640000FAE7FFF7A1FFF7E710B58388EBB9C38878
:10641000DBB9847804F07F040D4B1B6893F8F421FA
:10642000032A0BD083F8F6412046FCF7AFFD00F0BD
:10643000D7F934B10220FFF76BFF08E0FFF784FFC4
:1064400005E00120FFF764FF01E0FFF77DFF10BDCD
:106450009C00002010B504468378254A1370012B58
:106460000AD8244A116891F8F421022A07D0032A95
:1064700018D0FFF769FF01E0FFF766FF10BD73B1A9
:106480000B600320FFF744FFFFF729FE022802D02C
:1064900000F0A6F9F2E72046FFF756FFEEE700F01E
:1064A0009FF9EBE783B10A6893421ED0FFF71BFE0A
:1064B000104B1B680E4A12781A60FFF710FE022874
:1064C0000FD000F08DF9D9E70220FFF721FF094B2B
:1064D0001B68074A12781A60FFF705FE00F080F982
:1064E000CCE72046FFF730FFC8E700F079F9C5E7B1
:1064F000FE0200209C00002008B5C388012B0AD1B1
:106500000D4B1B6893F8F421022A07D0032A0DD003
:10651000FFF71AFF01E0FFF717FF08BD1846002339
:1065200040F8043F012100F025F9F6E70121184663
:1065300000F020F9F1E700BF9C00002008B50B4BEC
:106540001B6893F8F421023A012A0CD801229A60C0
:10655000D3F8FC210AB103229A60022103F108005A
:1065600000F008F908BDFFF7EFFEFBE79C000020F4
:1065700008B50B4B1A6892F8F431023B012B0BD88B
:106580004388012B00D008BD0023C2F8FC3109F07C
:106590005DFC00F025F9F6E7FFF7D6FEF3E700BF54
:1065A0009C00002008B54378092B1CD8DFE803F0D5
:1065B00012181B151B09051B0F0CFFF7CDFE002041
:1065C00008BDFFF721FFFAE7FFF744FFF7E7FFF702
:1065D00093FFF4E7FFF7B2FFF1E7FFF787FEEEE77F
:1065E000FFF7C6FFEBE7FFF7AFFEE8E710B504469D
:1065F0000B4B1B6893F8F431032B0CD10379032B5D
:1066000006D809F023FCE3883BB900F0E9F804E080
:10661000FFF79AFE01E0FFF797FE002010BD00BFD4
:106620009C00002010B504468288037803F06003C4
:10663000202B09D0D0B26378012B29D0032B06D0B0
:10664000002B47D0002010BD09F000FCFAE7394BC1
:106650001B6893F8F431022B05D0032B0AD0204697
:10666000FFF772FEEEE70028ECD08028EAD0FCF7B6
:1066700043FDE7E7638813B908B1802805D12046B8
:1066800009F0E4FB00F0ACF8DCE7FCF735FDF6E7D9
:10669000284B1B6893F8F431022B05D0032B0AD04A
:1066A0002046FFF751FECDE70028CBD08028C9D087
:1066B000FCF722FDC6E76388002BC3D110F07F0FE3
:1066C00002D100F08DF8BDE7FCF740FD204609F04F
:1066D000BDFBF6E7174B1B6893F8F411022905D0B0
:1066E000032909D02046FFF72FFEABE710F07F0FFC
:1066F000A8D0FCF701FDA5E712F0800F0FD100F044
:106700007F042401F83423441C1D09F01DFB68B1EB
:10671000012323600221204600F02CF892E700F0CC
:106720007F042401083423441C1DEEE7002323606A
:10673000F0E700BF9C000020D0B170B50D461646B2
:106740000446FFF7C9FD431C5B009BB233802B70EE
:1067500003236B70022307E001345A1CD2B2E854C1
:106760000233DBB20021A95420780028F4D170BD97
:106770007047000008B50A46064B1B680221C3F8A3
:10678000EC111A615A6101460020FCF78BFC0020D5
:1067900008BD00BF9C00002008B50A460146002045
:1067A000FCF780FC002008BD08B50A46074B1B68B3
:1067B0000321C3F8EC11C3F80021C3F804210146FA
:1067C0000020FCF735FC002008BD00BF9C00002025
:1067D00008B50A4601460020FCF72AFC002008BD47
:1067E00008B5064B1B680422C3F8EC2100221146B1
:1067F0001046FCF757FC002008BD00BF9C0000209D
:1068000008B5064B1B680522C3F8EC21002211468F
:106810001046FCF70DFC002008BD00BF9C000020C6
:1068200008B5024B5B685B68984708BD20030020F1
:1068300008B5024B5B681B68984708BD2003002021
:1068400008B5024B5B689B68984708BD2003002091
:1068500008B5024B5B68DB68984708BD2003002041
:1068600008B5024B5B681B69984708BD20030020F0
:10687000531E2AB111F8012B00F8012B1A46F7E735
:106880007047531E1AB100F8011B1A46F9E770470A
:1068900010B4034600201446013A2CB113F8010B42
:1068A00011F8014B001BF6D05DF8044B704703460E
:1068B000187818B1884201D00133F9E77047000019
:1068C00030B400252B4601E001250133012B1ED8F1
:1068D00003EB43021C4C54F82220002AF4D0D0F8D9
:1068E0000042A242F1D103EB4302174C04EB8202B7
:1068F0005468D0F808229442E7D103EB4302124CCB
:1069000004EB82021489B0F806229442DDD1022BF6
:106910000CD0B1B903EB43030B4A02EB83035B8951
:10692000B3F5807F0BD0002030BC70472DB9022911
:1069300001D01220F8E70020F6E70020F4E710204D
:10694000F2E71020F0E700BF04030020002000E081
:106950000130012806D800EB40029300034AD358C7
:10696000002BF5D1023818BF012070470403002026
:1069700070B4002300E00133012B1CD803EB430269
:106980002E4C54F82240D0F800229442F3D103EB6D
:1069900043022A4C04EB82025468D0F80822944245
:1069A000E9D103EB4302254C04EB82021489B0F8D1
:1069B00006229442DFD1022B1AD039B103EB4302F5
:1069C0001E4800EB82025289002A35D179BB03EBC5
:1069D00043021A4901EB82025189013189B203EB6A
:1069E0004300164A02EB80025181581C70BC70476C
:1069F0000023012B07D803EB4302104C54F822204C
:106A00000AB10133F5E7022B14D0D0F800620B4C29
:106A100003EB430504EB850244F82560D0F80842F7
:106A20005460B0F80602108100205081C5E74FF491
:106A30008071D4E70020D9E70020D7E704030020C5
:106A4000013801281AD800EB40030E4A02EB8303F9
:106A50005B89B3F5807F03D01BB1013B9BB200E0A3
:106A6000002300EB4002074901EB820253813BB94E
:106A700000EB400083000020C850704702207047A0
:106A80000020704704030020002303E05DF8044B5E
:106A900070470133012B17D803EB43020B4951F820
:106AA00022208242F5D110B403EB4302920000246D
:106AB0008C500133012BE9D803EB4302034951F811
:106AC00022208242F5D1EFE7704700BF0403002087
:106AD000D0F824320433490AD0F8002292F8022276
:106AE000B1FBF2F1186830B1814202D3091A0833C0
:106AF000F8E7586808447047CA7E8B7E43EA022351
:106B000090F80022032A01D018467047487D0A7D7C
:106B100042EA002243EA0243F6E78176C1F3072303
:106B2000C376C1F307430375090E41757047000032
:106B3000F0B40D7805F03F05013D05EB450305EB8D
:106B400083050127002206E04FF6FF74A3421FD100
:106B500001320C2A0FD8124B9C5C631CCE5C0B5D7F
:106B600043EA0623002FEFD0FE2D0FD820F8153072
:106B70001F460135ECE70B7813F0400F0AD0FE2DCD
:106B80000BD8002320F81530012004E0002002E09B
:106B9000002000E00120F0BC70470020FBE700BFB0
:106BA0008CDB0208F0B44B730F23CB7200250D73FE
:106BB0008D76CD76561E06EB460306EB83062B46F6
:106BC00002E001350C2D11D84FF6FF74A34202D01C
:106BD00030F8163001360B4C645D0B5501341F0A3A
:106BE0000F55002BEDD14FF6FF73EAE74FF6FF7418
:106BF000A34202D030F816300BB942F040020A70BE
:106C0000F0BC70478CDB0208F0B583B0064617462F
:106C10001C460B22FFF72CFE052C11D807231FE082
:106C200001310F290CD803F0010505EB44045B0882
:106C300014F4803FF4D084F4883484F02104EFE726
:106C40003B88002BEAD002370021EAE75A1E02A84F
:106C5000034403F8081C21090F2C0AD913460C46DB
:106C600004F00F0202F130013929EFD902F13701A6
:106C7000ECE77E210346134403F8081C002300E0E0
:106C80000133934209D2F15C2029F9D105E020209B
:106C9000591CF054072908D80B46072AF7D802A92F
:106CA000114411F8080C0132F2E703B0F0BD10B442
:106CB00001460B240020C30143EA50030878013148
:106CC00050FA83F3D8B2013CF5D15DF8044B70471C
:106CD00003685A1C02601878A0F161039BB2192B5B
:106CE00001D8203880B27F2802D98038014B185C47
:106CF000704700BF0CDB02082DE9F04184B0074665
:106D00000191144698462646013C4EB101A8FFF772
:106D1000DFFF0028F7D10026304604B0BDE8F0813F
:106D20003B781BBBB8F1000F20D00126F4E73346B7
:106D3000324601E0334632460399481C03900C78F2
:106D40003F2C2AD0012349783F29F5D02A29F3D0B6
:106D50000299FFF7D1FF10BB029B1D7801A8FFF736
:106D6000B7FFB8F1000F1CD0002DD5D00397019BC1
:106D70000293039B1B783F2BDCD02A2BD7D003A890
:106D8000FFF7A6FF044602A8FFF7A2FF05468442CC
:106D9000E4D1002CEDD10126BEE70132D3E7012674
:106DA000BAE74646B8E70146006808B1024603E084
:106DB0004FF0FF307047013213781F2B01D93A2B67
:106DC000F9D13A2B01D00020704710B4034613F8D4
:106DD000010B3038092808D89A4202D04FF0FF3012
:106DE00005E038B901320A6001E04FF0FF305DF88C
:106DF000044B70474FF0FF30F9E72DE9F04190F870
:106E0000045215B92846BDE8F0810446D0F8347222
:106E1000804601223946FFF71BFD0546B8B900231D
:106E200084F80432D4F82832FB1AD4F82022934292
:106E3000E8D294F80362012EE4D9D4F820321F443A
:106E4000012239464046FFF703FD013EF3E70125E5
:106E5000D8E770B5D0F834328B4202D100263046E4
:106E600070BD04460D46FFF7C8FF06460028F6D160
:106E7000012229462046FFF7E3FC10B101264FF01E
:106E8000FF35C4F83452EAE710B50446002380F811
:106E900004324FF0FF33C0F83432FFF7DAFF98BB0B
:106EA000024694F8FF1194F8FE3143EA01231BB225
:106EB00017498B422AD194F8391094F838301B04C2
:106EC00043EA016394F8371043EA012394F836103B
:106ED0000B4323F07F430F498B4213D094F8551096
:106EE00094F854301B0443EA016394F8531043EAC6
:106EF000012394F852100B4323F07F4305498B4242
:106F000000D00122104610BD0322FBE70222F9E760
:106F100055AAFFFF4641540008B5D0F80C0202F014
:106F20003BFD08BD2DE9F04385B0D54B1C68002C16
:106F300000F09B81054616462046FFF7EDFF00282E
:106F400000F098812C6094F800326BB1FFF768FC78
:106F500010F0010508D1002E00F0888110F0040F18
:106F600000F084810A2581E1002384F8003284F84E
:106F70000132FFF75DFC10F0010F40F07D811EB182
:106F800010F0040F40F07A8100212046FFF77CFFCB
:106F90000546012800F0D7800027032D00F07A81F4
:106FA000002D40F07981227BE37A43EA02231BB271
:106FB000B3F5007F40F07281E27DA37D53EA0223A6
:106FC0000DD194F8272094F826301B0443EA02637D
:106FD00094F8252043EA022394F824201343C4F8AC
:106FE0002032217C84F803124A1ED2B2012A00F218
:106FF000578103FB01F1607B84F80202002800F056
:107000005181421E104240F04F81A27C667C46EACC
:107010000226A4F8086216F00F0F40F0478194F89A
:1070200014C0E27C52EA0C220ED194F823C094F8EA
:107030002220120442EA0C6294F821C042EA0C2297
:1070400094F820C042EA0C0294F80FE094F80EC0C5
:107050005CEA0E2C00F02C810CEB010909EB1619EF
:107060004A45C0F02781A2EB0902B2FBF0FE824242
:10707000C0F0228140F6F57296457DD84FF00108A8
:107080004FF6F572964501D94FF003080EF1020E46
:10709000C4F81CE2C4F824720CEB0702C4F82822DE
:1070A00007EB0900C4F83002B8F1030F67D0002ED7
:1070B00000F006811144C4F82C12B8F1020F74D00C
:1070C0000EEB4E010EF0010202EB510202F2FF1232
:1070D000B3EB522FC0F0F6804FF0FF33C4F81432F8
:1070E000C4F81032802384F80532B8F1030F5FD062
:1070F00084F80082634A138801339BB21380A4F89A
:1071000006320023C4F818322046FFF7BDFCADE07C
:10711000002304AA02EB810242F8103C013103294A
:1071200013D80B0103F5DF7323441A79002AEFD03B
:10713000D87A9A7A120442EA0062587A42EA002225
:107140001B7A1343E5E70021E9E700260BE0394607
:107150002046FFF799FE054600283FF41EAF013692
:10716000032E3FF61AAF04AB03EB860353F8107CF3
:10717000002FECD10225F2E74FF0020880E7002E45
:1071800040F09C8094F82F1094F82E20120442EACC
:10719000016294F82D1042EA012294F82C100A435F
:1071A000C4F82C224FEA8E0290E74FEA4E028DE798
:1071B00094F8312094F8303043EA02231BB2012BBB
:1071C00096D1791C2046FFF744FE002890D1002379
:1071D00084F8053294F8FF2194F8FE3143EA022343
:1071E0001BB2294A934283D1E278A3781B0443EA75
:1071F0000263627843EA022322781343234A9342CC
:107200007FF476AF94F8E72194F8E6311B0443EA63
:10721000026394F8E52143EA022394F8E42113433E
:107220001B4A93427FF464AF94F8EB2194F8EA315F
:107230001B0443EA026394F8E92143EA022394F829
:10724000E8211343C4F8143294F8EF2194F8EE3196
:107250001B0443EA026394F8ED2143EA022394F805
:10726000EC211343C4F8103242E70C25284605B040
:10727000BDE8F0830F25F9E70325F7E70A25F5E7D1
:10728000000300201C03002055AAFFFF5252614159
:10729000727241610125E9E70D25E7E70D25E5E774
:1072A0000D25E3E70D25E1E70D25DFE70D25DDE7FA
:1072B0000D25DBE70D25D9E70D25D7E70D25D5E70A
:1072C0000D25D3E70D25D1E738B560B10546D0F8D7
:1072D000003243B193F800222AB1B3F80622B0F885
:1072E00004329A4202D00924204638BDFFF798FAAA
:1072F00010F00104F7D1D5F80002FFF70DFE0028C9
:10730000F2D10F24F0E770B108B50C2905D00B2994
:1073100003D0092901D00F2900D108BDD0F80C02F3
:1073200002F046FBF9E7704738B50446FFF765FD04
:10733000054648B994F80032032B07D000210846CF
:10734000FFF78EFA00B10125284638BD94F80532C2
:10735000012BF3D14FF4007200212046FFF791FA80
:10736000552384F8FE31AA2384F8FF315223237079
:1073700063706123A3704122E270722184F8E411EA
:1073800084F8E51184F8E62184F8E731D4F8143262
:1073900084F8E831C3F3072284F8E921C3F30742F4
:1073A00084F8EA211B0E84F8EB31D4F8103284F80B
:1073B000EC31C3F3072284F8ED21C3F3074284F8CC
:1073C000EE211B0E84F8EF31D4F824120131C4F8F9
:1073D000341201222046FFF73BFA002384F80532DD
:1073E000ACE77F2800D90020704700002DE9F04F5E
:1073F00083B0064688460F6800E001373B782F2BA4
:10740000FBD05C2BF9D0D6F820520024234603E0B1
:1074100025F814900134534603F1010AF85C1F2843
:1074200017D92F2815D05C2813D0FE2C00F2178115
:107430000121FFF7D6FF8146002800F012817F2846
:10744000E6D801468948FFF732FA0028E0D0062046
:10745000CBE05744C8F800701F2814D84FF0040838
:10746000012C13D0022C30D104F10043013B35F83C
:1074700013302E2B29D104F10043023B35F8133091
:107480002E2B22D109E04FF00008E9E704F1004378
:10749000013B35F813302E2BE4D1002325F81430AE
:1074A00004E02021D6F81822D15401330A2B03D846
:1074B000A342F6D22E21F5E7D6F8182248F020088C
:1074C00002F80380002090E0013C44B104F1004345
:1074D000013B35F81330202BF6D02E2BF4D0002CA6
:1074E00000F0C180002725F814700B222021D6F867
:1074F0001802FFF7C6F900E0013735F81720202AF7
:10750000FAD02E2AF8D01FB148F0030800E0013C61
:107510006CB104F10042013A35F812202E2AF6D15E
:107520004FF0080B4FF0000ACDF804A00AE0A24685
:107530004FF0080B0023019304E04C450BD048F0BA
:1075400003084F4607F1010935F817705FB3202F84
:10755000F5D02E2FF1D0DA451CD24C451AD07F2F12
:107560000BD900213846FFF73CFF074618B1A0F1C0
:1075700080073F4BDF5D48F00208002F45D148F0FF
:1075800003085F27D6F8183203F80A704F460AF14D
:10759000010AD7E7BBF10B0F2AD04C4501D048F0C8
:1075A00003084C4527D2D6F818321A78E52A48D075
:1075B000BBF1080F48D0019B03F00C020C2A03D04A
:1075C00003F00303032B01D148F0020818F0020F67
:1075D00006D1019B03F00303012B3AD0042A3BD0D0
:1075E000D6F8183283F80B80002003B0BDE8F08F86
:1075F00048F00308D7E7019B9B00DBB201932746C5
:107600004FF00B0B4FF0080A9CE739461948FFF77B
:107610004EF90028B3D1A7F141039BB2192B04D82E
:10762000019B43F002030193ACE7A7F161039BB216
:10763000192BA7D8019B43F001030193203FBFB250
:10764000A0E705221A70B3E7019B9B00DBB2019310
:10765000B1E748F01008C1E748F00808C0E7062085
:10766000C3E70620C1E70620BFE700BFA4DA02088F
:107670000CDB0208B0DA0208F8B50E4601F1090485
:10768000D0F81032002B3DD0D0F8141200230AE0BD
:10769000E52310E02E2504F8015B0EE0102515E02F
:1076A00004F8013B13460A2B15D85A1CCB5C202B3F
:1076B000F8D0052BECD0092AECD0A3F14105EDB2AE
:1076C000192DEDD80F7B082AE8D808252F42E7D0DE
:1076D0002033DBB2E4E7CB7A3372CA7F8B7F1B04A3
:1076E00043EA02634A7F43EA02230A7F134333607B
:1076F0004A7E0B7E43EA0223B380CA7D8B7D43EA38
:107700000223F38000232370B769F7B1D0F8104249
:10771000CCB1F469BCB1B0F824224FF6FF739A42A1
:1077200010D0D0F82052002435F8020B58B10021B7
:10773000FFF757FE50B1F369013B9C4208D2385520
:107740000134F1E7002400233B55F8BD0024FAE79B
:107750000024F8E77F2801D900207047A0F16103D9
:107760009BB2192BF9D820F0200080B2704700009E
:107770002DE9F04780460F4691F8009029F0400629
:10778000013E06EB460306EB83060125002406E0D6
:107790004FF6FF73984227D101340C2C17D8174BA2
:1077A0001B5D5A1CB85CFB5C43EA0020002DEFD047
:1077B000FFF7D0FF0546FE2E12D806F1010A38F871
:1077C0001600FFF7C7FFA8420CD15646E4E719F0B0
:1077D000400F0BD06DB138F8163063B9012006E0C8
:1077E000002004E0002002E0002000E00120BDE8CD
:1077F000F0870120FBE70020F9E700BF8CDB0208DF
:107800000239D0F81C32023B8B4206D990F8023282
:10781000D0F8300201FB03007047002070470129B7
:107820005ED9F8B505460C46D0F81C328B4259D9C2
:1078300090F80032022B2BD0032B39D0012B01D032
:10784000012050E001EB5106D0F8281201EB56213F
:10785000FFF7FFFA10B14FF0FF3044E0771CC6F39A
:107860000806AE5DD5F8281201EB57212846FFF730
:10787000F0FA002838D1C7F30807E85D46EA00208F
:1078800014F0010F01D000092DE0C0F30B002AE035
:10789000D0F8281201EB1421FFF7DBFA38BB6400A3
:1078A00004F4FF742B195B78285D40EA03201AE08A
:1078B000D0F8281201EBD411FFF7CBFAD0B9A4000D
:1078C00004F4FE742B19DA789878000440EA026018
:1078D0005B7840EA03202B5D184320F0704002E003
:1078E000012070470120F8BD4FF0FF30FBE74FF05B
:1078F000FF30F8E74FF0FF30F5E7F8B50746A0F89E
:107900000612D0F80842012C46D00E46D0F80032BC
:10791000D3F81C22A24241D91CB993F80022032AB1
:1079200017D0CCB9B3F80822B24239D9D3F82C0217
:10793000C7F80C42D0B300EB1610C7F81002D7F806
:10794000003206F00F0103EB4111C7F814120020BA
:10795000F8BDD3F82C42E4E793F802522D0100E081
:10796000761BAE4212D32146D7F80002FFF757FF2D
:107970000446B0F1FF3F15D0012815D9D7F80032E1
:10798000D3F81C328342EBD80220E1E72146D7F836
:107990000002FFF735FFCBE70220D9E70220D7E747
:1079A0000220D5E70120D3E70220D1E70220CFE76C
:1079B000012940F285802DE9F04105460C46164626
:1079C000D0F81C328B427DD990F80032022B42D085
:1079D000032B54D0012B02D00220BDE8F08101EB33
:1079E0005107D0F8281201EB5721FFF732FA00288F
:1079F000F3D107F10108C7F3080714F001041FD001
:107A0000EB5703F00F03320102F47F621343DBB242
:107A1000EB55012385F80432D5F8281201EB5821E3
:107A20002846FFF716FA0028D7D1C8F308084CB14A
:107A3000C6F3071205F80820012385F80432CCE7C5
:107A4000F3B2E5E715F9082022F00F02C6F303268A
:107A50003243D2B2EEE7D0F8281201EB1421FFF73F
:107A6000F8F90028B9D1640004F4FF742B192E55DD
:107A7000C6F307225A70012385F80432ADE7D0F827
:107A8000281201EBD411FFF7E4F90028A5D1A400D6
:107A900004F4FE742919CA788B781B0443EA026344
:107AA00003F0704333432E55C6F307224A70C6F3E2
:107AB00007428A701B0ECB70012385F804328CE7D5
:107AC00002207047022088E7F8B505460F4641B905
:107AD000D0F810629EB1D0F81C32B34210D8012603
:107AE0000EE0FFF79CFE034601284BD9B0F1FF3FA3
:107AF0004DD0D5F81C22824249D83E4600E00126EE
:107B000034460CE021462846FFF789FE034678B14B
:107B1000B0F1FF3F3BD0012839D0B44236D0013418
:107B2000D5F81C32A342EDD8012E2DD90224E9E765
:107B30006FF0704221462846FFF73AFF034600B92E
:107B400097B9C3B9C5F81042D5F81432B3F1FF3F65
:107B50001FD0013BC5F8143295F8053243F00103FC
:107B600085F80532234612E0224639462846FFF7BB
:107B70001FFF0346E5E7012B01D0012307E04FF08B
:107B8000FF3304E0012302E0002300E00023184655
:107B9000F8BD2346FBE72DE9F843B0F806526B1C0D
:107BA0009AB2002A00F0838004460F46D0F81022D3
:107BB000002A7ED013F00F060BD10132C0F810223C
:107BC000D0F80C1289B9D0F80022B2F808229A42F3
:107BD00071D90135A4F80652D4F8003203EB4613EC
:107BE000C4F814320020BDE8F883D0F8000290F801
:107BF0000222013A12EA1318EBD1FFF710FE814678
:107C000001285AD9B0F1FF3F59D0D4F80002D0F87A
:107C10001C324B4541D8002F53D0D4F80C12FFF73B
:107C200053FF814600284ED001284ED0B0F1FF3FCF
:107C30004DD0D4F80002FFF7E0F808B10120D2E7F8
:107C40004FF400720021D4F80002FEF71AFED4F8B7
:107C5000007249463846FFF7D3FDC7F83402D4F81E
:107C6000003293F80222424511D9012283F80422FE
:107C7000D4F80002FFF7C1F858BBD4F80022D2F8BC
:107C800034320133C2F8343208F10108E7E7D3F89F
:107C90003422A2EB0802C3F83422C4F80C924946FD
:107CA000D4F80002FFF7ACFDC4F8100291E70420FD
:107CB00099E7042097E7042095E7022093E7012045
:107CC00091E704208FE707208DE702208BE7012052
:107CD00089E7012087E72DE9F04104460021FFF7FD
:107CE0000CFE0646002867D14FF6FF73A4F8243235
:107CF0004FF0FF0847460BE04FF6FF73A4F824321D
:107D0000FF2700212046FFF746FF0646002853D1F3
:107D1000D4F81012D4F80002FFF79BF806460028AA
:107D20004AD1D4F814522B78002B44D0EA7A02F0CE
:107D30003F01E52BE0D012F0080F01D00F29DBD175
:107D40000F2916D027B92846FEF7B1FF404533D09A
:107D5000D4F81812CB7A13F0010F04D10B22284665
:107D6000FEF796FD40B34FF6FF73A4F82432FF27C9
:107D7000C7E7D4F820020028C3D013F0400F08D082
:107D800095F80D8003F0BF03B4F80622A4F824226E
:107D90001F46BB4201D0FF27B3E76B7B434501D0B1
:107DA000FF27AEE72946FFF7E3FC10B1013FFFB222
:107DB000A7E7FF27A5E704263046BDE8F08130B5E8
:107DC00083B0044601910B782F2B08D05C2B06D092
:107DD000D0F80032D3F81832C0F8083204E001318C
:107DE00001910023C4F80832019B1B781F2B1CD87B
:107DF00000212046FFF781FD05460023C4F8143218
:107E00002EE013F0040F30D0054629E013F0040FE4
:107E10002DD1D4F81412CB7A13F0100F29D0D4F846
:107E20000002FEF769FEC4F8080201A92046FFF728
:107E3000DDFA0546A0B92046FFF74DFFD4F8183209
:107E4000DB7A0028E2D004280DD113F0200FD8D01F
:107E50000022C4F80822C4F8142213F0040FE4D05E
:107E6000284603B030BD0546FAE70525F8E7054684
:107E7000F6E70525F4E770B504460E460021FFF746
:107E80003CFD0246D8B9002508E00135B54216D0C0
:107E900001212046FFF77FFE024680B9D4F8101278
:107EA000D4F80002FEF7D5FF024640B9D4F81432E8
:107EB0001B78E52BE9D0002BE7D00025E8E7042A62
:107EC00001D0104670BD0722FBE700002DE9F0410C
:107ED00084B00546D0F81882D0F820720C224146B2
:107EE00001A8FEF7C5FC9DF80F3013F0200F40F0FD
:107EF000958013F0010F1ED0002388F80B30C5F8D1
:107F000020320124632C0CD823463A4601A940466E
:107F1000FEF77AFE2846FFF7DEFE064608B9013472
:107F2000F0E7642C7CD0042E15D19DF80F3088F832
:107F30000B30C5F820729DF80F3013F0020F0ED1F0
:107F4000012421462846FFF796FF064608B9013C62
:107F500012D1002E3ED0304604B0BDE8F08100239F
:107F600037F813200AB10133FAE703F119042D4B56
:107F7000A3FB0434A408E4E7B5F80612091B28465D
:107F8000FFF7BBFC06460028E3D1D5F81802FEF740
:107F90008EFE0746D5F81012D5F80002FEF759FFFD
:107FA00006460028D5D13B46E2B2D5F81412D5F8E2
:107FB0002002FEF7F7FDD5F80032012283F80422F3
:107FC00000212846FFF7E7FD06460028C1D1013C05
:107FD000E0D1BEE7D5F81012D5F80002FEF739FF60
:107FE00006460028B7D120220021D5F81402FEF75A
:107FF00048FC0B22D5F81812D5F81402FEF738FC0D
:10800000D5F81832DB7AD5F8142203F0180313736D
:10801000D5F80032012283F804229CE706269AE76D
:10802000072698E74FECC44E2DE9F04104460F4671
:108030004FF0FF084646042530E00F2B1CD112F00C
:10804000400F08D091F80D8002F0BF02B4F806325C
:10805000A4F824321646B24201D0FF2618E04B7B2A
:10806000434501D0FF2613E0D4F82002FEF760FD5F
:1080700080B3013EF6B20BE026B90846FEF717FEC4
:1080800040452AD04FF6FF73A4F8243225E0FF269E
:1080900000212046FFF77FFD0546F0B9D4F8101205
:1080A000D9B1D4F80002FEF7D4FE0546A8B9D4F839
:1080B00014120A7882B1CB7A03F03F03E52AE6D0A6
:1080C00023F02000082814BF00200120B842B4D0BB
:1080D000FF26DDE7FF26DBE7042515B10023C4F802
:1080E00010322846BDE8F08170B50446B0F806624B
:1080F0003146B0F824324FF6FF72934200D0194651
:108100002046FFF7FAFB054618BBD4F81012D4F846
:108110000002FEF79EFE0546C8B920220021D4F8D1
:108120001402FEF7AEFBD4F81432E5221A70D4F82C
:108130000032012283F80422B4F806329E4206D9A6
:1081400000212046FFF727FD05460028DDD0042D3D
:1081500001D0284670BD0225FBE7F8B501292DD9CD
:1081600004460D46D0F81C328B422AD9002709E07C
:108170000133C4F8143294F8053243F0010384F853
:1081800005323546D4F81C32AB4218D92946204670
:10819000FFF745FB064690B1012814D0B0F1FF3F30
:1081A00013D0002229462046FFF702FC074630B9CB
:1081B000D4F81432B3F1FF3FDAD1E2E702273846B0
:1081C000F8BD0227FBE70227F9E70127F7E70000E0
:1081D00070B584B0019000911646039103A8FEF794
:1081E000E2FD041E2FDB1C4B53F8245055B12846EA
:1081F000FEF74AFCD5F80C0201F0C9FB28B30023B6
:1082000085F80032019941B1002381F8003201F56F
:108210000371E0B201F0ACFBC8B1019B0E4A42F819
:108220002430B3B1012E03D00024204604B070BD29
:108230000022694601A8FEF775FE04460146019832
:10824000FFF761F8F1E70B24EFE70224EDE70224E2
:10825000EBE70024E9E700BF000300202DE9F0432D
:10826000ADF2444D0191002800F0FA801446064614
:108270000023C0F8003202F01F0702F01E0201A91D
:108280000DF21440FEF74EFE054648B12946DDF8D2
:108290001404FFF738F828460DF2444DBDE8F0838A
:1082A00082ABCDF82C3402ABCDF83434019985A8DB
:1082B000FFF785FDDDF82884054658B9B8F1000FB1
:1082C0005FD037F0010314BF0121002185A8FEF71C
:1082D000F7FA054614F01C0F00F0AC80002D5CD0BE
:1082E000042D50D047F00807DDF8288415B917F0A1
:1082F000080F5ED1CDB917F0080F01D047F0200765
:10830000DDF81434D3F83432C6F81C32C6F82082B3
:1083100037F0010314BF0121002185A8FEF728FBD7
:10832000C6F82802002800F09980002DAED186F80A
:108330000672002486F80742DDF814744146384678
:10834000FEF7DAFBC6F8100298F81F2098F81E30E6
:108350001B0443EA026398F81D2043EA022398F8BD
:108360001C201343C6F80C32C6F80842C6F818425F
:10837000C6F82442C6F80072B7F80632A6F80432EE
:1083800084E70625A6E7FEF7E1FA08B91225A9E772
:1083900085A8FFF79BFD0546A4E798F80B3013F07E
:1083A000110F04D114F0040FA0D008259EE7072573
:1083B0009CE703F01BFE88F80E00C0F3072388F843
:1083C0000F30C0F3074388F81030000E88F8110012
:1083D000002488F80B4088F81C4088F81D4088F875
:1083E0001E4088F81F404146DDF81404FEF784FB68
:1083F000814621464046FEF790FBDDF81404012338
:1084000080F80432B9F1000F3FF474AFD0F8344271
:108410004946FFF7A2FE054600287FF46BAFDDF862
:10842000140409F1FF33C0F810322146FEF711FDA4
:1084300005465FE7002D7FF45DAF98F80B3013F031
:10844000100F09D114F0020F3FF454AF13F0010FD5
:108450003FF450AF07254DE704254BE7022515E70C
:10846000092518E72DE9F04F83B0044688461546E4
:1084700099460023C9F80030FEF726FF019090B915
:1084800094F807320193A3B994F8063213F0010F60
:1084900018D0D4F80C62D4F80832F61AAE42C0F004
:1084A000B0802E46ADE00146D4F80002FEF72BFF67
:1084B00063E01946D4F80002FEF725FF94F807326E
:1084C00001935AE00721D4F80002FEF71CFF0723AE
:1084D000019352E0D4F824321BB12046FEF7F8FA9B
:1084E000A5E0D4F81412FFF79AF9A0E07F4B9B683F
:1084F00040F6AE227E497F480FF094FD022584F8B5
:1085000007522946D4F80002FEF7FDFE019534E03B
:10851000764B5B6840F6AF22754976480FF082FDD6
:10852000012584F807522946D4F80002FEF7EBFE35
:10853000019522E06D4B9B6840F6B3226C496D4873
:108540000FF070FD022584F807522946D4F8000286
:10855000FEF7D9FE019510E0644B5B6840F6BA2245
:10856000634964480FF05EFD012584F807522946EF
:10857000D4F80002FEF7C7FE0195019803B0BDE8EC
:10858000F08F4FF40072214608EB4020FEF770F99F
:1085900080E0D4F81812514517D094F8063213F041
:1085A000400F0BD001222046FEF752F9002873D16C
:1085B00094F8063223F0400384F806320122514633
:1085C0002046FEF73DF9002878D1C4F818A2D4F867
:1085D0000812C1F30801C1F50075AE4200D235465C
:1085E0002A4621444046FEF743F9A844D4F808320D
:1085F0002B44C4F80832D9F800302B44C9F80030B5
:10860000761B002E6CD0D4F80812C1F30803002B9F
:10861000DDD1D4F8000290F80272013FFFB217EAF0
:1086200051270DD100297FF455AFD4F8100201284D
:108630007FF65CAFB0F1FF3F3FF46AAFC4F81402BD
:10864000D4F800B2D4F814125846FFF7D9F882468D
:1086500000283FF46FAFBA44750AB6F5007F98D38F
:108660007B199BF80222934200D9D51B2A4651461A
:108670004046FEF7E5F800287FF46EAF94F8063226
:1086800013F0400F06D0D4F81802A0EB0A00A8425D
:10869000FFF477AF6D02A8E7144B5B6840F6CC227D
:1086A000134914480FF0BEFC012584F807522946EF
:1086B000D4F80002FEF727FE01955EE70B4B5B68DE
:1086C00040F6D1220A490B480FF0ACFC012584F892
:1086D00007522946D4F80002FEF715FE01954CE733
:1086E0000021D4F80002FEF70EFE46E7B800002095
:1086F000B8DA0208ECDA02082DE9F04F83B004463C
:108700008846164699460023C9F80030FEF7DCFD7E
:10871000019078B994F8073201938BB994F8063236
:1087200013F0020F15D0D4F80832F342C0F00681DE
:10873000002603E10146D4F80002FEF7E4FDBFE0A5
:108740001946D4F80002FEF7DEFD94F807320193D3
:10875000B6E00721D4F80002FEF7D5FD0723019308
:10876000AEE0D4F82432002B3CD02046FEF7B0F91E
:108770000346002B00F01981012B39D0B3F1FF3FE4
:1087800048D0C4F81432D4F810220AB9C4F8103210
:1087900094F8063213F0400F4ED1D4F800B2D4F85A
:1087A00014125846FFF72CF88246002865D0BA44C8
:1087B000750AB6F5007FC0F095807B199BF8022200
:1087C000934200D9D51B2A4651464046FEF740F851
:1087D000002864D1D4F81812A1EB0A01A94273D37E
:1087E0006D029FE0D4F81412FFF76EF90346C0E75C
:1087F000784B9B6840F61632774978480FF012FCA8
:10880000022584F807522946D4F80002FEF77BFDC2
:10881000019555E06F4B5B6840F617326E496F4823
:108820000FF000FC012584F807522946D4F8000215
:10883000FEF769FD019543E00122D4F818122046A5
:10884000FEF706F8054630B994F8063223F04003E7
:1088500084F80632A1E75F4B53F8203040F622320D
:108860005D495E480FF0DEFB84F807522946D4F8D4
:108870000002FEF748FD019522E0564B9B6840F64A
:108880002732554955480FF0CDFB022584F8075291
:108890002946D4F80002FEF736FD019510E04D4B55
:1088A0005B6840F62E324C494C480FF0BBFB01256B
:1088B00084F807522946D4F80002FEF724FD0195FA
:1088C000019803B0BDE8F08F4FF4007208EB41212E
:1088D0002046FDF7CDFF94F8063223F0400384F8DC
:1088E00006327DE7D4F81832534505D0D4F8082273
:1088F000D4F80C329A423FD3C4F818A2D4F8080234
:10890000C0F30800C0F50075AE4200D235462A46D5
:1089100041462044FDF7ACFF94F8063243F0400393
:1089200084F80632A844D4F808322B44C4F808323C
:10893000D9F800302B44C9F80030761B002E34D013
:10894000D4F80812C1F30803002BD7D1D4F80002E1
:1089500090F80272013FFFB217EA51277FF418AF77
:1089600000297FF4FEAED4F81032002B7FF401AF63
:10897000FFF7AAF80346FCE6012251462046FDF720
:108980005FFF0028B8D0134B5B6840F648321249AD
:1089900012480FF047FB012584F807522946D4F806
:1089A0000002FEF7B0FC01958AE7D4F80832D4F84B
:1089B0000C22934201D9C4F80C3294F8063243F0E9
:1089C000200384F806320021D4F80002FEF79BFC55
:1089D00076E700BFB8000020B8DA0208ECDA020837
:1089E00070B582B004460D460A290DD06368002B8D
:1089F00008DB5E1C23441D733C2E09DC6660A36803
:108A00000133A36002B070BD0D21FFF7E9FFEDE770
:108A1000214651F80C0B01AB3246FFF76DFE019B6E
:108A20009E4202D04FF0FF36E8E70026E6E738B571
:108A30000446FEF749FC0546E0B994F8063213F007
:108A4000200F17D013F0400F0CD00122D4F81812C9
:108A50002046FDF7FDFEA0B994F8063223F040034E
:108A600084F80632D4F81C12D4F80002FEF7F1F9AB
:108A7000054668B12946D4F80002FEF744FC2846B2
:108A800038BD0121D4F80002FEF73DFC0125F6E7D0
:108A9000D4F82052EB7A43F02003EB7294F80C32B6
:108AA0002B77B4F80C321B0A6B7794F80E32AB7745
:108AB00094F80F32EB77D4F810122846FEF72DF811
:108AC00003F094FAA875C0F30723EB75C0F30743CE
:108AD0002B76000E68760023AB74EB7494F80632A4
:108AE00023F0200384F80632D4F80032012283F800
:108AF0000422D4F80002FEF717FC0546BAE770B569
:108B00000446FFF794FF054608B1284670BD20468D
:108B1000FEF7DAFB05460028F7D1D4F80062D4F856
:108B20002802FDF78DFF054610B90023C4F8003276
:108B300000213046FEF7E7FBE7E730B5ADF2444DE4
:108B40000190002201A90DF21440FEF7EBF9044652
:108B500040B12146DDF81404FEF7D5FB20460DF2A6
:108B6000444D30BD82ABCDF82C3402ABCDF834345B
:108B7000019985A8FFF723F9044668B9DDF82814A0
:108B800071B1CB7A13F0100F11D0DDF814542846D0
:108B9000FDF7B2FFC5F81802042CDAD10524D8E796
:108BA000DDF81434DDF81C24C3F81822F4E705249A
:108BB000CFE700002DE9F84F04460D46FEF784FB91
:108BC0000646D8B994F80712F1B9D4F82432002B2C
:108BD00000F0E880B5F1FF3F1DD0D4F80C72AF4231
:108BE00000D32F46C4F80872002F70D13146D4F854
:108BF0000002FEF788FB3046BDE8F88F0146D4F846
:108C00000002FEF780FBF6E7D4F80002FEF77BFBDC
:108C100094F80762EFE7984658F804BBD4F810A21E
:108C2000BAF1000F46D04FF0020909F1020951468E
:108C3000002701370D46D4F80002FEF7F0FD01468B
:108C4000012815D9B0F1FF3F23D001358542F0D07E
:108C5000CB4505D3434643F8087BC8F804A09846A3
:108C6000D4F80032D3F81C328B4225D98A46DCE78F
:108C7000C54B9B6840F66242C449C5480FF0D2F923
:108C8000022684F807623146D4F80002FEF73BFB67
:108C9000B1E7BD4B5B6840F66342BC49BC480FF08E
:108CA000C1F9012684F807623146D4F80002FEF7C4
:108CB0002AFBA0E74FF00209D4F82432C3F8009051
:108CC000D94500F29C810023C8F800308EE707F1F7
:108CD000FF3841462046FDF7FBFE0146C4F814026A
:108CE000D4F800522846FEF78BFD40B395F80252A7
:108CF000013D05EA58250544C7F30807002F3FF456
:108D000075AFD4F81812A9423FF470AF94F8063248
:108D100013F0400F0AD001222046FDF799FDF8B963
:108D200094F8063223F0400384F8063201222946E3
:108D30002046FDF785FD20BBC4F8185256E7924B3C
:108D40009B6840F67742914991480FF06BF90226F3
:108D500084F807623146D4F80002FEF7D4FA4AE7F5
:108D6000894B5B6840F67E42884989480FF05AF982
:108D7000012684F807623146D4F80002FEF7C3FAF0
:108D800039E7814B5B6840F68342804980480FF0A9
:108D900049F9012684F807623146D4F80002FEF74B
:108DA000B2FA28E7D4F80C32AB4205D294F8062286
:108DB00012F0020F00D11D46D4F808320022C4F888
:108DC000082205B3D4F8000290F802824FEA48283E
:108DD00083B16A1EB2FBF8F2013BB3FBF8F18A42A1
:108DE00008D3C8F100071F40C4F80872EF1BD4F87D
:108DF000145206E0D4F81032D3B3C4F814322F461C
:108E00001D46002D7CD1D4F80832C3F30803FBB112
:108E1000D4F81812A9421BD094F8063213F0400F70
:108E20000CD001222046FDF713FD002840F0C5803C
:108E300094F8063223F0400384F8063201222946D2
:108E40002046FDF7FDFC002840F0C880C4F8185209
:108E5000D4F80832D4F80C2293427FF6C7AEC4F897
:108E60000C3294F8063243F0200384F80632BDE653
:108E70000021FEF729FE0346012805D0B0F1FF3F8F
:108E800013D0C4F81002B8E73F4B9B6840F6A242EB
:108E90003E493F480FF0C6F8022684F80762314683
:108EA000D4F80002FEF72FFAA5E6374B5B6840F6D0
:108EB000A342364936480FF0B5F8012684F8076218
:108EC0003146D4F80002FEF71EFA94E62946D4F89B
:108ED0000002FEF7A4FC0546B5F1FF3F32D0012D9C
:108EE00041D9D4F80032D3F81C32AB423BD9C4F894
:108EF0001452D4F808324344C4F80832A7EB0807E8
:108F000047450DD994F8063213F0020FDED02946FA
:108F1000D4F80002FEF7D8FD05460028DCD147460C
:108F2000D4F808323B44C4F80832C7F30803002BD6
:108F300041D02946D4F80002FEF762FC50B300EBA2
:108F4000572560E7104B5B6840F6B4420F49104864
:108F50000FF068F8012684F807623146D4F8000261
:108F6000FEF7D1F947E6084B9B6840F6B542074942
:108F700007480FF057F8022684F807623146D4F804
:108F80000002FEF7C0F936E6B8000020B8DA0208A1
:108F9000ECDA02081B4B9B6840F6BD421A491B489D
:108FA0000FF040F8022684F807623146D4F8000238
:108FB000FEF7A9F91FE61D4625E7124B5B6840F650
:108FC000C742114911480FF02DF8012684F80762B5
:108FD0003146D4F80002FEF796F90CE6094B5B68BF
:108FE00040F6CC42084909480FF01CF8012684F8E5
:108FF00007623146D4F80002FEF785F9FBE5112639
:10900000F4E500BFB8000020B8DA0208ECDA020884
:1090100030B5ADF5077D019100284ED00546002200
:1090200001A985A8FDF77EFF044658B114B10023BD
:10903000C5F8003221468598FEF765F920460DF502
:10904000077D30BD859BC5F8003282ABC5F818326C
:1090500002ABC5F8203201992846FEF7B0FE04465F
:1090600038BBD5F8141241B1CB7A13F0100F1FD0D2
:109070008598FDF741FDC5F80802859BB3F80632D7
:10908000A5F8043200212846FEF737FC044680B9D3
:10909000D5F808321BB90023C5F81C3209E00021BD
:1090A0002846FDF765FCC5F81C0210B91224BDE77F
:1090B0000524042CBAD10524B9E70924BEE770B50C
:1090C0000446FEF701F9054660B9D4F80062D4F809
:1090D0001C0248B915B90023C4F8003200213046FB
:1090E000FEF711F9284670BDFDF7AAFC0546F1E729
:1090F00070B5ADF5047D04460D46FEF7E5F806466D
:1091000018BB75B181ABC4F8183201ABC4F820327A
:1091100000212046FEF788FF042808D050B10646FB
:1091200013E000212046FEF7E8FB06460DE0002391
:10913000C4F8103229462046FEF79EFA0021204648
:10914000FEF729FD042809D006463146D4F800026E
:10915000FEF7D9F830460DF5047D70BD0023C4F844
:109160001032F2E770B505460C4608E000231A46B7
:1091700004F10901D5F82802FDF7BEFD98B9214692
:109180002846FFF7B5FF064668B964B1637A53B164
:10919000A1690029EAD000231A46D5F82802FDF774
:1091A000ABFD0028E2D0304670BD38B504460D4610
:1091B000C0F828321146FFF72BFF00B138BD294611
:1091C0002046FFF7CFFFF9E730B5ADF2444D0190EF
:1091D0000D46002201A90DF21440FDF7A3FE04463E
:1091E00040B12146DDF81404FEF78DF820460DF25B
:1091F000444D30BD82ABCDF82C3402ABCDF83434C5
:10920000019985A8FEF7DBFD04460028E9D1DDF8C9
:10921000283433B1002DE4D0294685A8FEF72CFA76
:10922000DFE70624DDE7F0B5ADF2746D01900122B1
:1092300001A90DF24460FDF775FE044640B12146D8
:10924000DDF84406FEF75FF820460DF2746DF0BDC0
:1092500083ABCDF85C3603ABCDF8643601990DF2E3
:109260004440FEF7ACFD044628B9DDF85C36DB7AF5
:1092700013F0200F35D12CB902210DF24440FDF737
:109280001FFB0446002CDAD1DDF8581659B3CD7A0D
:1092900015F0010F2AD1DDF844763846FDF72CFC95
:1092A000064628B315F0100F22D0D7F818328342A3
:1092B00038D04FF40B720DF2444186A8FDF7D8FA6E
:1092C000CDF82064022186A8FEF717FB044678B982
:1092D000002186A8FEF7A8FE0446D0B1042807D1D5
:1092E00008E00624CEE70026062401E00026072435
:1092F000002CA4D10DF24440FEF7F6FE044600B95E
:109300004EB9002C9BD1DDF84406FEF70DF804465B
:1093100095E70724ECE73146DDF84406FEF71DFF2C
:109320000446EEE707248AE72DE9F04FADF2444DFD
:10933000019002F05BFE0546012201A90DF21440E6
:10934000FDF7F0FD044648B12146DDF81404FDF7B1
:10935000DAFF20460DF2444DBDE8F08F82ABCDF828
:109360002C3402ABCDF83434019985A8FEF727FDE3
:10937000034648B1042808D1DDF82C24D27A12F033
:10938000200F02D00624DFE70823042B01D01C465F
:10939000DAE70021DDF81404FEF796FB814600B9F8
:1093A0000724B9F1010F0ED0B9F1FF3F13D064B11A
:1093B0009CB1002C6FD0002C72D04946DDF814040B
:1093C000FEF7CBFEC0E70224EEE7DDF81404FDF75C
:1093D00014FD0446ECE70124EAE7DDF8146449468D
:1093E0003046FEF70DFA0746B2464FF400720021F0
:1093F0003046FDF746FA0B2220213046FDF741FAB0
:109400004FF02E0B86F800B01023F372B575C5F33C
:109410000723F375C5F3074333762B0E737649465E
:109420003046FDF77AFB06F12008202231464046FF
:10943000FDF71EFA86F821B0DDF81C14DDF81434AF
:1094400093F80022032A20D04046FDF766FBDDF8A2
:10945000143493F80262002EABD007F10108DDF856
:109460001404C0F83472012380F80432FDF7C5FCFF
:10947000044600289DD14FF4007200215046FDF7AC
:1094800000FA013EF6B24746E5E7D3F82C328B42AC
:10949000DAD10021D8E785A8FEF718FD04468AE74F
:1094A000DDF828041023C3728575C5F30723C3753F
:1094B000C5F3074303762D0E45764946FDF72DFB90
:1094C000DDF81404012380F80432FDF72DFF044673
:1094D0003AE770B5ADF5D16D01900091012201A977
:1094E0000DF25C60FDF71EFD044640B12146DDF83B
:1094F0005C06FDF708FF20460DF5D16D70BDDDF867
:109500005C36CDF8303483ABCDF8743603ABCDF890
:109510007C3601990DF25C40FEF751FC044628B9F7
:10952000DDF87436DB7A13F0200F4FD12CB902210D
:109530000DF25C40FDF7C4F90446002CD6D1DDF8ED
:109540007016002976D015220B3186A8FDF790F908
:109550004FF40B720DF25C418CA8FDF789F9684657
:10956000FDF721FC002833DA0B24042CBED18CA893
:10957000FEF7ACFC04460028B8D1DDF844541322B1
:109580000DF21A2105F10D00FDF772F99DF8183260
:1095900043F02003EB72DDF85C66012386F80432A9
:1095A000EB7A13F0100F2AD0DDF83834DDF864269A
:1095B0009A4224D029463046FDF79EFA01463046AD
:1095C000FEF71EF9014660B902248FE70624B4E7CE
:1095D00000998CA8FEF7F3FB04460028C5D10824A7
:1095E00084E73046FDF735FC0246DDF85C3603F1D2
:1095F000200014461AB993F821302E2B10D0002CDD
:109600007FF474AF0DF25C40FEF76EFD0446002857
:109610007FF46CAFDDF85C06FDF786FE044665E777
:10962000DDF83814FDF779FADDF85C36012283F8AD
:109630000422E4E7042459E72DE9F04182B0804692
:109640000E46174604460025731EAB4211DD6B46DD
:10965000012201A93846FEF705FF009B012B08D126
:109660009DF804300D2BEFD004F8013B01350A2B97
:10967000EAD1002323701DB1404602B0BDE8F0815D
:109680000020FAE710B594B004460191002302933C
:109690000393217821B1013401A8FFF7A1F9F8E77C
:1096A000029A002A0CDB6B4604A90198FFF724F804
:1096B00048B9029A009B9A4208D1039814B010BD91
:1096C0004FF0FF30FAE74FF0FF30F7E74FF0FF3091
:1096D000F4E70EB42DE9F0479BB023AB53F8045BDD
:1096E0000190002202920392199303E001A8FFF770
:1096F00077F925462C4614F8011B002900F0F88064
:109700002529F3D102352178302904D02D2906D01E
:10971000002600240EE0A51C61780126F9E7A51CAF
:1097200061780226F5E704EB840401EB4404303C45
:1097300015F8011BA1F13003DBB2092BF3D96C2919
:1097400001D04C2903D146F0040615F8011B00296D
:1097500000F0CE80A1F16103DBB2192B14D8A1F186
:109760002003DBB2A3F14202162A53D8DFE802F04D
:10977000563B4352525252525252525252585252E5
:10978000520E5243525250000B46EBE7199B1A1DE2
:109790001992D3F80080002700E0013718F807304D
:1097A000002BFAD116F0020F0FD104E0202101A8FE
:1097B000FFF716F937467E1CA742F7D3374604E079
:1097C00008F1010801A8FFF70BF998F8001000292B
:1097D000F6D104E0202101A8FFF702F937467E1CEC
:1097E000A742F7D386E7199B1A1D1992197801A889
:1097F000FFF7F6F87EE70A2016F0040F12D0199A48
:10980000171D19971268442B18D04FF0000C2BE04D
:109810001020F1E701A8FFF7E3F86BE70220EBE780
:109820000820E9E7442B04D0199A171D19971268EC
:10983000E9E7199A171D19971268E4E7002AE4DA94
:10984000524246F00806E0E727273B44DBB20CF122
:10985000010730330DF16809E14409F8183CC645A9
:1098600010D80F2F0ED8BC468646B2FBF0F700FB8F
:109870001723DBB290463A46092BE8D97829E3D082
:109880000727E2E716F0080F06D01AAB1F442D2376
:1098900007F8183C0CF1020716F0010F0FD04FF03B
:1098A000300AB84616F0020F0DD108F10109A045A3
:1098B00008D2514601A8FFF793F8C846F2E74FF0E7
:1098C000200AEEE7C846013F1AAB3B4413F8181CC8
:1098D00001A8FFF785F8002FF5D108F10106A04592
:1098E000BFF408AF514601A8FFF77AF8B046F4E795
:1098F000029A002A0FDB18AB04A90198FEF7FCFEC0
:1099000060B9029A189B9A420BD103981BB0BDE82C
:10991000F04703B070474FF0FF30F7E74FF0FF30EC
:10992000F4E74FF0FF30F1E70E4B5B7ADBB2012B2F
:1099300001D90120704710B40A4A547AE4B20023D6
:10994000135550601372507A441CE4B25472303094
:1099500008703A224A702F228A70CB7018465DF840
:10996000044B70472003002008B5FFF7DDFF08BD5A
:1099700010B582B00C4600230193012101A800F02C
:1099800049F82060003818BF012002B010BD08B5AA
:1099900000F0B4F8012008BD08B54FF47A7100F06A
:1099A0004DF808B1002008BD08F048F90120FAE799
:1099B00008B500F075F808BD842801D00330704761
:1099C00000207047EFF30580003818BF0120704772
:1099D00008B501F0DDF8002008BDF0B587B00C46F1
:1099E000456806680769B0F90800FFF7E5FF00233E
:1099F0000393029305AB019300902346BAB231461C
:109A0000284601F039F8012802D1059807B0F0BDC9
:109A10000020FBE710B5012902D00024204610BD2C
:109A200003220021012000F039FC04460028F5D073
:109A300000231A46194600F063FCEFE770B582B0C8
:109A40000023019318B30C460646FFF7BBFF0546FB
:109A500090B101AA0021304600F08AFE012818D1F9
:109A6000019D8DB10D4B4FF080521A60BFF34F8FA7
:109A7000BFF36F8F002507E00023224619463046CA
:109A800000F0C2FD012806D1284602B070BD802535
:109A9000FAE7FF25F8E7FF25F6E700BF04ED00E051
:109AA00010B582B0044600230193FFF78BFF88B105
:109AB00001A9204600F050FD012818D1019BC3B137
:109AC0000D4B4FF080521A60BFF34F8FBFF36F8F73
:109AD000002008E000231A461946204600F010FC3A
:109AE000012802D0FF2002B010BD0020FBE7FF20BC
:109AF000F9E70020F7E700BF04ED00E010B50446E9
:109B0000FFF760FF20B9204600F0BCFE002010BD2A
:109B10008220FCE708B501F053FB012800D108BD05
:109B200000F006F9FBE700F1080343604FF0FF3255
:109B30008260C360036100230360704700230361F8
:109B4000704743684B609A688A6051609960086109
:109B5000036801330360704730B40D68B5F1FF3F0F
:109B600011D000F108031C465B681A68AA42FAD9B2
:109B700063684B6099608C606160086103680133C1
:109B8000036030BC70470469F2E70369416882688A
:109B90008A60416851605A68824205D000220261A1
:109BA000186801381860704782685A60F6E700004C
:109BB0000B4B1B68B3F1FF3F08D04FF0500383F30A
:109BC0001188BFF36F8FBFF34F8FFEE74FF0500345
:109BD00083F31188BFF36F8FBFF34F8FFEE700BF92
:109BE0004400002006480068006880F3088862B6D8
:109BF00061B6BFF34F8FBFF36F8F00DF00BF000070
:109C000008ED00E0DFF80C00016841F4700101602C
:109C10007047000088ED00E04FF0807340F8043C8E
:109C200040F8081C054B40F80C3C40F8202C6FF025
:109C3000020340F8243C4438704700BFB19B010840
:109C4000064B19680868B0E8F04F80F30988BFF345
:109C50006F8F4FF0000080F3118870474CB70020E1
:109C60004FF0500383F31188BFF36F8FBFF34F8F13
:109C70000A4A136801331360012B00D07047084B68
:109C80001B6813F0FF0FF9D04FF0500383F31188D6
:109C9000BFF36F8FBFF34F8FFEE700BF440000207C
:109CA00004ED00E0094B1B6843B94FF0500383F308
:109CB0001188BFF36F8FBFF34F8FFEE7013B034A5D
:109CC00013600BB983F31188704700BF4400002074
:109CD000EFF30980BFF36F8F144B1A681EF0100F5B
:109CE00008BF20ED108A20E9F04F10604DF8043DC8
:109CF0004FF0500080F31188BFF34F8FBFF36F8F89
:109D000001F0E8F84FF0000080F3118808BC1968F2
:109D10000868B0E8F04F1EF0100F08BFB0EC108AD2
:109D200080F30988BFF36F8F704700BF4CB70020E6
:109D300008B5EFF311834FF0500282F31188BFF39F
:109D40006F8FBFF34F8F00F06FFF18B1034B4FF0D1
:109D500080521A60002383F3118808BD04ED00E0EF
:109D6000064B1B68064AA2FB03239B09013B054ADD
:109D70001360054B07221A60704700BF00000020E7
:109D8000D34D621014E000E010E000E0314B1A689F
:109D9000314B9A421AD02F4B1A68304B9A421ED040
:109DA00000B583B02E4B1A78D2B20192FF221A70FE
:109DB0001B78DBB28DF803309DF8033003F05003BD
:109DC000284A1370284B07221A601BE04FF05003FB
:109DD00083F31188BFF36F8FBFF34F8FFEE74FF010
:109DE000500383F31188BFF36F8FBFF34F8FFEE7EC
:109DF0001D4A1368013B13609DF803305B00DBB222
:109E00008DF803309DF8033013F0800FF0D1164A1F
:109E100013681B0203F4E0631360019BDBB2104A7A
:109E20001370124B1A6842F470021A601A6842F0FA
:109E300070421A60FFF794FF0D4B00221A60FFF783
:109E4000E1FE0C4A136843F040431360FFF7CAFE7B
:109E5000FFF7AEFE00ED00E071C20F4170C20F418E
:109E600000E400E02C0300203003002020ED00E09F
:109E70004400002034EF00E0EFF305830F2B0FD9EF
:109E8000104A9B5CDBB2104A12789A4208D94FF014
:109E9000500383F31188BFF36F8FBFF34F8FFEE73B
:109EA0000A4B1B6803F4E063094A1268934208D91D
:109EB0004FF0500383F31188BFF36F8FBFF34F8FC1
:109EC000FEE77047F0E300E02C0300200CED00E01B
:109ED00030030020124A12F0070F1ED0D11D21F0CE
:109EE0000701C1F5344313440A460E4802600021BD
:109EF00041601344083B23F007030B48036059609B
:109F00001960991A51601360084B1960084B196069
:109F1000084B4FF000421A6070474FF43443E4E7B7
:109F20003803002044B700203403002040B700204D
:109F30003CB7002038B7002010B4134B1A461B68FA
:109F40008342FBD35168541884420AD041684418B4
:109F5000A3420BD00360904200D010605DF8044B28
:109F600070474068014451601046EFE7074C246891
:109F7000A34206D05B681944416013681B68036004
:109F8000E9E70460E7E700BF44B70020340300209E
:109F900070B5044600F03AFE344B1B68A3B1344B55
:109FA0001B681C424AD134B1083414F0070F02D0A8
:109FB00024F007040834002C42D02E4B1B68A34227
:109FC0004DD32D4B1D6804E0FFF784FFE7E72B46D8
:109FD00015466A68A24202D22A68002AF7D1234AAB
:109FE0001268AA423DD01E6808362A681A606B685B
:109FF0001B1B102B10D9281910F0070F08D04FF099
:10A00000500383F31188BFF36F8FBFF34F8FFEE7C9
:10A0100043606C60FFF790FF6A6816490B689B1AF3
:10A020000B60164909688B4201D214490B60104B32
:10A030001B6813436B6000232B6002E0002600E0E6
:10A04000002600F063FE16F0070F0CD04FF050030F
:10A0500083F31188BFF36F8FBFF34F8FFEE70026A6
:10A06000EFE70026EDE7304670BD00BF3403002067
:10A0700038B700203CB7002044B7002040B700208C
:10A0800080B338B50446A0F1080550F8043C164AE0
:10A090001268134208D14FF0500383F31188BFF3C5
:10A0A0006F8FBFF34F8FFEE750F8081C41B14FF0A0
:10A0B000500383F31188BFF36F8FBFF34F8FFEE719
:10A0C00023EA020340F8043C00F0A0FD54F8041C0D
:10A0D000064A13680B4413602846FFF72DFF00F073
:10A0E00015FE38BD704700BF38B700203CB70020D0
:10A0F00010B50446FFF7B4FDA26BE36B9A4204D09F
:10A100000024FFF7CFFD204610BD0124F9E710B56C
:10A110000446FFF7A5FDA36B23B90124FFF7C2FD99
:10A12000204610BD0024F9E738B504461546026CF8
:10A1300062B9036823B10020A36B0133A36338BD68
:10A14000406801F09DF800236360F5E76DB9806811
:10A1500003F09BF8226CA3681344A36062689342E7
:10A160001CD32368A3602846E6E7C06803F08DF897
:10A17000226C5142E3689B1AE3602268934202D248
:10A1800063680B44E360022D01D00020D4E7A36B89
:10A1900033B1A36B013BA3630020CDE72846CBE797
:10A1A0000020C9E70346026C6AB110B50846D968B9
:10A1B0001144D9605C68A14201D31968D960D9689B
:10A1C00003F063F810BD704710B50446FFF748FD73
:10A1D00004E000F0EFFFA36C013BA364A36C002B31
:10A1E00008DD636A33B104F1240000F047FF002862
:10A1F000F1D0EEE74FF0FF33A364FFF753FDFFF715
:10A200002FFD04E000F0D6FF636C013B6364636CD8
:10A21000002B08DD236933B104F1100000F02EFF9C
:10A220000028F1D0EEE74FF0FF336364FFF73AFD0B
:10A2300010BD38B5D8B10D460446FFF711FD2168B1
:10A24000E26B236C03FB021060600020A063A1603E
:10A25000013A02FB0313E3604FF0FF336364A3642E
:10A260009DB9236963B9FFF71DFD012038BD4FF08B
:10A27000500383F31188BFF36F8FBFF34F8FFEE757
:10A2800004F1100000F0FAFEEDE704F11000FFF712
:10A290004AFC04F12400FFF746FCE4E7F8B540B9B6
:10A2A0004FF0500383F31188BFF36F8FBFF34F8FCD
:10A2B000FEE70D461646074699B101FB00F0013056
:10A2C0005430FFF765FE044668B1ADB92060E7631E
:10A2D000256401212046FFF7ACFF84F8506020463A
:10A2E000F8BD0846ECE74FF0500383F31188BFF345
:10A2F0006F8FBFF34F8FFEE700F154030360E6E773
:10A30000F0B585B0019288B10E461D460446B1B144
:10A31000022D20D1E36B012B1DD04FF0500383F3AE
:10A320001188BFF36F8FBFF34F8FFEE74FF05003DD
:10A3300083F31188BFF36F8FBFF34F8FFEE7036C7A
:10A34000002BE5D04FF0500383F31188BFF36F8FDC
:10A35000BFF34F8FFEE700F033FF074650B9019B74
:10A360007BB34FF0500383F31188BFF36F8FBFF3BC
:10A370004F8FFEE7002724E02A4631462046FFF7AC
:10A38000D3FE636A23B9FFF78DFC012005B0F0BD51
:10A3900004F1240000F072FEF5E7FFF783FC0020D3
:10A3A000F4E702A800F0B0FE012717E00023636481
:10A3B0001EE00023A3641FE02046FFF705FF00F026
:10A3C000A5FCFFF74DFCA26BE36B9A42D4D3022DA0
:10A3D000D2D0019B002BE0D0002FE2D0FFF762FC2F
:10A3E00000F014FCFFF73CFC636CB3F1FF3FDDD0E1
:10A3F000A36CB3F1FF3FDCD0FFF754FC01A902A826
:10A4000000F098FEC8B92046FFF772FE0028D3D0AE
:10A41000019904F1100000F0C1FD2046FFF7D4FEC1
:10A4200000F074FC0028CCD1074B4FF080521A602A
:10A43000BFF34F8FBFF36F8FC3E72046FFF7C4FE14
:10A4400000F064FC0020A1E704ED00E070B50646D2
:10A450005420FFF79DFD0446D8B1002545600560F6
:10A460008560C56085630123C36305644FF0FF33D6
:10A470004364836480F850601030FFF754FB04F1AC
:10A480002400FFF750FB2B462A4629462046FFF7BB
:10A4900037FF204670BDA0B12DE9F0410F461646AA
:10A4A0001D460446B1B1022D20D1E36B012B1DD016
:10A4B0004FF0500383F31188BFF36F8FBFF34F8FBB
:10A4C000FEE74FF0500383F31188BFF36F8FBFF3A4
:10A4D0004F8FFEE7036C002BE5D04FF0500383F362
:10A4E0001188BFF36F8FBFF34F8FFEE7FFF7C4FCF8
:10A4F000EFF311884FF0500383F31188BFF36F8F90
:10A50000BFF34F8FA26BE36B9A4206D3022D04D0A8
:10A51000002088F31188BDE8F0812A46394620469C
:10A52000FFF702FEA36CB3F1FF3F04D0A36C01332D
:10A53000A3640120EDE7636A0BB90120E9E704F1A8
:10A54000240000F09BFD18B126B101203060E0E747
:10A550000120DEE70120DCE768B170B50D46044656
:10A56000036C8BB14FF0500383F31188BFF36F8FEF
:10A57000BFF34F8FFEE74FF0500383F31188BFF313
:10A580006F8FBFF34F8FFEE70368DBB1FFF774FCFB
:10A59000EFF311864FF0500383F31188BFF36F8FF1
:10A5A000BFF34F8FA26BE36B9A4224D2A36B0133AC
:10A5B000A363A36CB3F1FF3F10D0A36C0133A3647A
:10A5C000012019E04368002BE0D04FF0500383F3E3
:10A5D0001188BFF36F8FBFF34F8FFEE7636A0BB92C
:10A5E000012009E004F1240000F048FD38B145B134
:10A5F0000120286000E0002086F3118870BD012052
:10A60000FAE70120F8E70000F0B585B0019298B1B3
:10A610000D461E460446C1B100F0D2FD074600BB00
:10A62000019B002B5FD04FF0500383F31188BFF3E1
:10A630006F8FBFF34F8FFEE74FF0500383F3118806
:10A64000BFF36F8FBFF34F8FFEE7036C002BE3D098
:10A650004FF0500383F31188BFF36F8FBFF34F8F19
:10A66000FEE700273FE0E76829462046FFF79AFD0E
:10A67000A6B9A36B013BA363236833B1236943B934
:10A68000FFF710FB012005B0F0BD00F053FE606045
:10A69000F4E704F1100000F0F1FCF1E7E760636A11
:10A6A000002BEDD004F1240000F0E8FCE8E7FFF710
:10A6B000F9FA0020E7E702A800F026FD01271CE0D8
:10A6C0000023636423E00023A36424E0FFF7C8FAB7
:10A6D000606800F085FDFFF7E5FA2BE02046FFF704
:10A6E00073FD00F013FBFFF7BBFAA36B002BBAD18D
:10A6F000019B002BDBD0002FDDD0FFF7D3FA00F059
:10A7000085FAFFF7ADFA636CB3F1FF3FD8D0A36CC5
:10A71000B3F1FF3FD7D0FFF7C5FA01A902A800F0B7
:10A7200009FDE0B92046FFF7F2FC0028D6D02368E7
:10A73000002BCBD0019904F1240000F02FFC20461F
:10A74000FFF742FD00F0E2FA0028CCD1074B4FF0B2
:10A7500080521A60BFF34F8FBFF36F8FC3E720465D
:10A76000FFF732FD00F0D2FA00208CE704ED00E0A4
:10A77000F8B5A8B10E4615460446D1B1FFF77CFBEB
:10A78000EFF311874FF0500383F31188BFF36F8FFE
:10A79000BFF34F8FA36BC3B9002087F31188F8BDB7
:10A7A0004FF0500383F31188BFF36F8FBFF34F8FC8
:10A7B000FEE7036C002BE1D04FF0500383F31188C8
:10A7C000BFF36F8FBFF34F8FFEE731462046FFF791
:10A7D000E9FCA36B013BA363636CB3F1FF3F04D0BF
:10A7E000636C013363640120D7E723690BB901204F
:10A7F000D3E704F1100000F041FC18B125B10120AD
:10A800002860CAE70120C8E70120C6E740B110B5BB
:10A810000446FFF725FAA46BFFF744FA204610BD63
:10A820004FF0500383F31188BFF36F8FBFF34F8F47
:10A83000FEE70000002300E00133072B0BD8064A97
:10A8400052F83320002AF7D1034A42F8331002EBC2
:10A85000C303586070477047D0FF0020002300E01A
:10A860000133072B0AD8064A02EBC3025268824220
:10A87000F6D1034A002142F833107047704700BFF9
:10A88000D0FF002038B110B50446FFF7E7FF20469F
:10A89000FFF7F6FB10BD4FF0500383F31188BFF3B1
:10A8A0006F8FBFF34F8FFEE770B504460E46154617
:10A8B000FFF7D6F9636CB3F1FF3F0BD0A36CB3F194
:10A8C000FF3F0AD0FFF7EEF9A36B4BB12046FFF72D
:10A8D0007BFC70BD00236364F0E70023A364F1E711
:10A8E0002A46314604F1240000F090FBEEE7000018
:10A8F000084B1B681B6823B9074B4FF0FF321A60E7
:10A900007047044B1B68DB68DB685A68024B1A60AF
:10A91000704700BF50B7002024B8002010B504468F
:10A92000006BFFF7ADFB2046FFF7AAFB10BD70B52B
:10A9300005460E4671B1B6B15C20FFF729FB04460F
:10A9400068B1066324B1AA00A521206B02F0B2FC15
:10A95000204670BD8000FFF71BFB0646EBE7304644
:10A96000FFF78EFBEEE73446F2E770B50446164675
:10A9700000230F2B07D8CD5CE01880F83450C85C5A
:10A9800008B10133F5E7002384F84330062E00D9DF
:10A990000626E662E66400252565201DFFF7CEF851
:10A9A00004F11800FFF7CAF82461C6F10706A66192
:10A9B0006462656584F8585070BD000038B50024A5
:10A9C00007E004EB840293000E481844FFF7ABF84D
:10A9D0000134062CF5D90C4D2846FFF7A4F80B4C92
:10A9E0002046FFF7A0F80A48FFF79DF80948FFF74F
:10A9F0009AF80948FFF797F8084B1D60084B1C6050
:10AA000038BD00BF58B70020FCB7002010B80020A8
:10AA10002CB8002058B8002044B8002050B70020BF
:10AA200054B7002010B50F4B1B6858600E4B1B68C5
:10AA3000834207D90D4B18680A4B19680431FFF798
:10AA40008BF810BD04460A4B1868064B1968043190
:10AA5000FFF782F8074B1B68A342F2D9054B1C6035
:10AA6000EFE700BF4CB700206CB8002054B70020BF
:10AA700050B7002024B800202DE9F04F83B00C9F80
:10AA8000DDF834A070B18946164698468346062FF5
:10AA900011D94FF0500383F31188BFF36F8FBFF3C9
:10AAA0004F8FFEE74FF0500383F31188BFF36F8F92
:10AAB000BFF34F8FFEE70E991046FFF738FF0446AD
:10AAC000002851D0036B06F18045013D03EB85035F
:10AAD00023F0070500960F9B3A464946FFF745FFCE
:10AAE000424659462846FFF797F82060BAF1000F12
:10AAF00001D0CAF80040FFF7B3F81F4A13680133CA
:10AB000013601E4B1B6853B11D4B1B6863B91B4B75
:10AB10001B68DB6ABB4207D8184B1C6004E0174B6C
:10AB20001C601368012B1CD0164A13680133136094
:10AB30006364E06A01238340134A11680B43136086
:10AB400000EB8000211D114B03EB8000FEF7F9FFA5
:10AB5000FFF7A8F80A4B1B685BB1084B1B68012084
:10AB600004E0FFF72BFFDFE74FF0FF3003B0BDE855
:10AB7000F08F0120FAE700BFE4B700204CB70020B7
:10AB800040B80020F0B70020F8B7002058B70020E8
:10AB900000B585B0002303930293019300938022B4
:10ABA00015491648FFF768FF01280BD001280CD083
:10ABB000F8B94FF0500383F31188BFF36F8FBFF3E1
:10ABC0004F8FFEE700F02EFCF0E74FF0500383F3C9
:10ABD0001188BFF36F8FBFF34F8F094B4FF0FF32D8
:10ABE0001A60084B01221A60074B00221A60FFF717
:10ABF000CDF805B05DF804FB9CDB0208B9AE010896
:10AC000024B8002040B800206CB80020024A136825
:10AC100001331360704700BFECB70020014B186888
:10AC2000704700BF6CB800202F4B1B68002B54D11D
:10AC300070B52E4B1A6801321A601D68C5B92C4BCD
:10AC40001B681B6843B14FF0500383F31188BFF3B7
:10AC50006F8FBFF34F8FFEE7254A1168254B1868A9
:10AC600010601960244A136801331360FFF740FE37
:10AC7000224B1B68AB4218D9002070BD1F4B4FF010
:10AC8000FF321A60F8E71D4A1360F5E7E36A012214
:10AC90009A401B49086802430A6003EB83039A0049
:10ACA000314618481044FEF74CFF114B1B681B68D7
:10ACB000002BE3D00E4B1B68DB68DC6863689D42A9
:10ACC000E1D3261D3046FEF760FFA36A002BDDD0DE
:10ACD00004F11800FEF759FFD8E70B4A1368013357
:10ACE00013600020704700BFECB700206CB8002054
:10ACF00050B7002054B7002028B8002024B8002006
:10AD0000F8B7002058B70020E8B7002038B52C4B22
:10AD10001B6843B94FF0500383F31188BFF36F8F63
:10AD2000BFF34F8FFEE7FEF79BFF254B1A68013AF2
:10AD30001A601B6813B9234B1B681BB9FEF7B2FFDF
:10AD4000002038BD204B1B681BB31F4BDB68DC6841
:10AD500004F11800FEF719FF251D2846FEF715FF20
:10AD6000E06A01238340194A11680B43136000EB2A
:10AD700080002946164B03EB8000FEF7E2FEE26AF4
:10AD8000144B1B68DB6A9A42DCD3134B01221A6016
:10AD9000D8E7124B1B6833B90F4B1B68CEE70F4A3D
:10ADA0001368013B13600D4B1B68002BF4D0FFF7B9
:10ADB0003BFF0028F3D0084B01221A60EFE700BFE9
:10ADC000ECB70020E4B700202CB80020F8B7002032
:10ADD00058B700204CB7002070B80020E8B700201A
:10ADE00010B540B30446184B1B6843B14FF05003F5
:10ADF00083F31188BFF36F8FBFF34F8FFEE7FFF729
:10AE000005FF124B1B681C44114B18680430FEF7F9
:10AE1000BCFE50B90E4B1B68DA6A012303FA02F23A
:10AE20000C490B6823EA02030B602046FFF7FAFD8A
:10AE3000FFF76CFF38B9084B4FF080521A60BFF330
:10AE40004F8FBFF36F8F10BDECB700206CB80020A0
:10AE50004CB70020F8B7002004ED00E0134B1B684E
:10AE600013B310B5FFF7D2FE114B1C68FFF74EFF6E
:10AE700024B90E4B1B68002BF4D110BDFEF7F0FE79
:10AE80000B4BDB68DC68201DFEF77FFE094A136868
:10AE9000013B1360054A1368013B1360FEF702FF94
:10AEA0002046FFF73BFDE4E7704700BFF4B7002002
:10AEB00058B80020E4B7002008B5FFF7CFFF044BD7
:10AEC0004FF080521A60BFF34F8FBFF36F8FF4E7DC
:10AED00004ED00E02C4B1B681BB12C4B01221A60C7
:10AEE000704710B5294B00221A60294B1B681B6B59
:10AEF0001A68B2F1A53F03D15A68B2F1A53F1BD041
:10AF0000234B18681968343107F078F8214B1B6817
:10AF1000B3FA83F3DBB2C3F11F0303EB83018A00AF
:10AF20001D498A588AB94FF0500383F31188BFF343
:10AF30006F8FBFF34F8FFEE79A68B2F1A53FDFD165
:10AF4000DB68B3F1A53FDBD1E0E7134903EB8300F6
:10AF500082000A4450684068506003EB8304A200FA
:10AF6000144608321144884209D003EB83039A0047
:10AF7000094B13445B68DA68054B1A6010BD4068E2
:10AF8000054A22445060F0E7ECB7002070B800207A
:10AF90004CB70020F8B7002058B7002038B5E8B10A
:10AFA0000C46164D29681831FEF7D6FD2868043086
:10AFB000FEF7EBFD48B92B68DA6A012303FA02F2C7
:10AFC0000F490B6823EA02030B60B4F1FF3F0ED078
:10AFD0000C4B18682044FFF725FD38BD4FF0500397
:10AFE00083F31188BFF36F8FBFF34F8FFEE7034BDF
:10AFF000196804310448FEF7A4FDEEE74CB70020C1
:10B00000F8B700206CB8002044B80020F0B170B54B
:10B010000C461546154E31681831FEF792FD306822
:10B020000430FEF7B2FD48B93368DA6A012303FA47
:10B0300002F20F490B6823EA02030B60012D0ED0C8
:10B040000C4B18682044FFF7EDFC70BD4FF0500327
:10B0500083F31188BFF36F8FBFF34F8FFEE7034B6E
:10B06000196804310448FEF76CFDEEE74CB7002088
:10B07000F8B700206CB8002044B8002038B5C36889
:10B08000DC6824B304F118052846FEF77EFD184B52
:10B090001B682BBB251D2846FEF777FDE06A0123C0
:10B0A0008340144A11680B43136000EB800029466B
:10B0B000114B03EB8000FEF744FDE26A0F4B1B6867
:10B0C000DB6A9A4211D901200D4B18600EE04FF057
:10B0D000500383F31188BFF36F8FBFF34F8FFEE7E9
:10B0E00029460848FEF72DFDE7E7002038BD00BFE0
:10B0F000ECB70020F8B7002058B700204CB700206C
:10B1000070B800202CB8002030B1084A12680260E4
:10B11000074A1268426070474FF0500383F311886A
:10B12000BFF36F8FBFF34F8FFEE700BF28B800203B
:10B130006CB8002038B5C0B10C460546F1B1FEF739
:10B140008FFD1A4B19682268B2F1FF3F27D028689B
:10B15000174B1B68984202D06B688B4224D96B68EE
:10B16000C81A824213D801241AE04FF0500383F327
:10B170001188BFF36F8FBFF34F8FFEE74FF050037F
:10B1800083F31188BFF36F8FBFF34F8FFEE75B1A16
:10B19000134423602846FFF7B7FF002400E0002493
:10B1A000FEF780FD204638BD0124F9E76CB8002089
:10B1B00028B80020014B01221A60704770B80020A7
:10B1C000054B1B6833B1054B1B680BB10020704762
:10B1D000022070470120704740B80020ECB70020E3
:10B1E000002845D038B50446C36A224A1268D26A9C
:10B1F000934214D28269002A05DB1E4A1268D26A81
:10B20000C2F107028261616903EB83031A4A02EB10
:10B210008303994204D0174B1B68DB6AE36238BD95
:10B22000251D2846FEF7B1FC90B1124B1B68D86A69
:10B23000E06201238340114A11680B43136000EB65
:10B24000800029460C4B03EB8000FEF77AFCE6E712
:10B25000E36A03EB8301084A52F82120002AE4D173
:10B2600001229A4005490B6823EA02030B60DCE7E0
:10B27000704700BF4CB7002058B70020F8B7002037
:10B2800000284CD038B50446274B1B68834208D0B1
:10B290004FF0500383F31188BFF36F8FBFF34F8FCD
:10B2A000FEE7036D43B94FF0500383F31188BFF3FA
:10B2B0006F8FBFF34F8FFEE7013B0365C16AC26C1E
:10B2C00091422ED00BB1002038BD051D2846FEF757
:10B2D0005CFC70B9E26A02EB8201144B53F8213036
:10B2E0003BB9012303FA02F211490B6823EA020376
:10B2F0000B60E06CE062C0F10703A361012404FA73
:10B3000000F30B4A11680B43136000EB80002946E1
:10B31000064B03EB8000FEF714FC2046D4E7002028
:10B3200070470020D0E700BF4CB7002058B700207E
:10B33000F8B70020054B1B6823B1044B1A68136D46
:10B3400001331365014B1868704700BF4CB70020EC
:10B35000064B1A681368B3FA83F35B09036013B9E9
:10B36000D368186870470020704700BF74B8002089
:10B3700008B54160006191420CD8D21A83699A42A3
:10B3800001D3012008BD011D094B1868FEF7E4FB3D
:10B390000020F7E79A4201D2994206D2011D054BDF
:10B3A0001868FEF7D9FB0020ECE70120EAE700BFB0
:10B3B00078B8002074B8002038B5FEF751FC134B64
:10B3C0001B6813B1FEF76EFC38BD114D2846FEF721
:10B3D000AAFB104C2046FEF7A6FB0F4B1D600F4B3F
:10B3E0001C6000220C210A20FEF758FF074B186052
:10B3F00018B10B49FFF71EFAE4E74FF0500383F34F
:10B400001188BFF36F8FBFF34F8FFEE7A8B80020FE
:10B410007CB8002090B8002074B8002078B80020D4
:10B42000A4DB020800B585B0FFF7C6FF0D4B1B6813
:10B4300063B10023039302930193032200924FF41C
:10B44000C07209490948FFF717FB40B94FF0500394
:10B4500083F31188BFF36F8FBFF34F8FFEE705B003
:10B460005DF804FBA8B80020ACDB020835B7010882
:10B47000C0B110B584B014461A4603461648006899
:10B4800038B301910294039305291CDCFFF798FE61
:10B49000022810D000231A4601A90F480068FEF7C1
:10B4A0002FFF14E04FF0500383F31188BFF36F8F29
:10B4B000BFF34F8FFEE70023069A01A906480068F4
:10B4C000FEF71EFF03E0002301A9FEF7E4FF04B02E
:10B4D00010BD0020FBE700BFA8B8002070B582B007
:10B4E0001A4B1B681A6852B3DB681E68DC68251D9E
:10B4F0002846FEF74AFB636A20469847E369012B1A
:10B50000EED1A36933449E4207D263602461294689
:10B510000E4B1868FEF720FBE2E7002100910B4676
:10B5200032462046FFF7A4FF0028D9D14FF0500340
:10B5300083F31188BFF36F8FBFF34F8FFEE7044A89
:10B54000106802490860136002B070BD74B8002032
:10B5500078B8002038B50546FFF760FB0446074B76
:10B560001B68834205D800232B60044B1C602046D7
:10B5700038BDFFF7B3FF01232B60F6E7A4B8002026
:10B5800070B582B006460D46144B1B68DB68DC685C
:10B59000201DFEF7FAFAE369012B04D0636A204606
:10B5A000984702B070BDA16933462A46314420460F
:10B5B000FFF7DEFE0128F1D1002100910B46324653
:10B5C0002046FFF755FF0028E8D14FF0500383F3E2
:10B5D0001188BFF36F8FBFF34F8FFEE774B8002061
:10B5E00070B582B006460C46FFF710FB01A8FFF7C6
:10B5F000B1FF019B1BBB05460CB9B04218D22CB160
:10B60000114B1B681C68B4FA84F464092246711B50
:10B610000E4B1868FFF748F9FFF778FB88B90C4B19
:10B620004FF080521A60BFF34F8FBFF36F8F08E067
:10B63000FFF76CFB29463046FFF7A2FF01E0FFF75A
:10B6400065FB02B070BD00BF78B80020A8B800202C
:10B6500004ED00E010B586B000231A4603A9344873
:10B660000068FEF7D1FF002860D0039B002BF3DBBE
:10B67000059C636913B1201DFEF787FA02A8FFF746
:10B6800069FF039B092BE7D801A252F823F000BF02
:10B69000B9B60108B9B60108B9B6010859B601082A
:10B6A000FFB6010825B70108B9B60108B9B6010807
:10B6B00059B60108FFB60108049BA1690246194466
:10B6C0002046FFF755FE0128C6D1636A20469847F9
:10B6D000E369012BC0D1A269002100910B460498B7
:10B6E00002442046FFF7C4FE0028B5D14FF05003B6
:10B6F00083F31188BFF36F8FBFF34F8FFEE7049979
:10B70000A16131B10346024601442046FFF730FEF5
:10B71000A2E74FF0500383F31188BFF36F8FBFF39D
:10B720004F8FFEE72046FEF7ABFC95E706B010BD55
:10B73000A8B8002000B583B001A8FFF709FE019961
:10B74000FFF74EFFFFF786FFF6E7000008B50A484F
:10B750000A4B03604FF4E133436000238360C3600E
:10B7600003610C2242618361C361F9F799F800B962
:10B7700008BD06F0ADFCFBE700B90020005000401A
:10B7800010B586B00DF1170004F0E8F870B19DF81F
:10B7900017203C2A0CD018490B68581C08601A70F6
:10B7A00000225A709DF817303E2B05D006B010BD10
:10B7B000114B12491960EEE7104C20460CF032FC98
:10B7C0000F49204601F03FFD18B9204604F032F938
:10B7D000ECE74FF0FF33029300230193074C0094F2
:10B7E00064231A46074909680748006801F0BCFD50
:10B7F000204604F01FF9D9E748000020B0B8002027
:10B80000B4DB02081C0001207008012008B504F018
:10B8100011F908BD174B1B6903F40073002B14BF0B
:10B8200001220022144B1B780CBF01210021B3B16F
:10B83000A9B1124B002119700F4B1A700E4B1B78D7
:10B8400063B10F4B1B680F4A13600F4A12689B1AB3
:10B850000E4A934202D9094B01221A707047012BFC
:10B86000ECD0002AEAD0064B1968074B1960024B4E
:10B870001A70E3E700040240ADB80020ACB8002025
:10B8800024000040140001201800012040420F0055
:10B8900000B585B000220C210A20FEF7FFFC04460B
:10B8A0002049FEF7C7FF204B1C6000220C2101201D
:10B8B000FEF7F4FC04461D49FEF7BCFF1C4B1C6060
:10B8C000FFF744FF04F006F94FF4FA60FFF788FA37
:10B8D000184801F04DFE0EE00298FFF797FF07E0D1
:10B8E0000298FFF793FF03E0FFF794FFFFF748FF8D
:10B8F0000120FFF775FA00231A4601A90A480068DB
:10B90000FEF782FE0128EFD1BDF80430C82BE3D04A
:10B91000B3F57A7FE4D000231A463221039801F070
:10B9200069FDE5E7BCDB020810000120C8DB020866
:10B930001C000120D8DB02082DE9F84F804689461B
:10B940001446002015E000F10C0304EB8303D3F848
:10B950000620130C1B0203F47843110AC90001F4FA
:10B96000FC610B43C2F3C4021344354A22F8103081
:10B9700001300F28E7DD334B1E68D4F812A0C24413
:10B980000AF1FF3AD4F816B0CB440BF1FF3B04F0B8
:10B99000D9FB504523DD04F0DBFB584524DDAAEB41
:10B9A00008070137ABEB090501351FFA8BF31FFAC6
:10B9B0008AF21FFA89F11FFA88F001F017FCD4F817
:10B9C0001230B4F81CC00CFB03FC0CF11F0C4FEA46
:10B9D0005C1C4FEA8C0C0FFA8CFC00201AE004F07F
:10B9E000B1FB00F1FF3AD6E704F0B2FB00F1FF3BF8
:10B9F000D5E700230BE004F1760203FB0C01515C58
:10BA000001F00F010E4A32F8112032800133AB42AF
:10BA1000F1DB013007EBD773B0EB630F0EDA0023D5
:10BA2000AB42E6DA04F1760203FB0C01525C120928
:10BA3000034931F8122032800133F1E7BDE8F88F75
:10BA40002000012050000020BFF34F8F0549CA6835
:10BA500002F4E062044B1343CB60BFF34F8F00BF8F
:10BA6000FDE700BF00ED00E00400FA052DE9F04716
:10BA70000125BB4B1D6004F0E5F90A2005F02EFC02
:10BA800072B60024B74B1C60204601F047FD2046EB
:10BA900001F05CFD204605F0E1FB284606F0C6FA01
:10BAA000204605F01BFC204605F0D8FB204601F09F
:10BAB00079FE204601F074FD204601F0B1FD2046DC
:10BAC00001F056FDA84803F0C1FEA84B1C601C3BCA
:10BAD0001C60083B1C60083B1C602C3B1C6003F591
:10BAE0000C731C6004331C6040331C6010331C60FA
:10BAF00010331C6008331C60383B1C60803B1C60AA
:10BB000004331C6004331C600C331C6070331C60F5
:10BB10003C331C6004331C6004331C60643B1C60B9
:10BB200004331C60924B1F221A655C659C651C6681
:10BB30005C66904B1C60243B1C60A3F5FF43783B84
:10BB40001C60043B1C608C4B1A6822F030021A60A7
:10BB5000DA6822F00402DA60A3F580631A6822F43E
:10BB600040521A601A6822F040721A6007E065B20B
:10BB70002846F6F745FD2846F6F764FD01345F2CAC
:10BB8000F5DD7E4B4FF0FF32C3F88021C3F88421EE
:10BB9000C3F888210022C3F88021C3F88421C3F8A8
:10BBA000882177490A60A1F678510A604FF40002B3
:10BBB000C3F88420FFF72AF8F6F73CFA04E0714B4B
:10BBC00000221A6001221A606F4B1B6913F4807FF8
:10BBD000F5D0DFF8B4816D4BC8F80C306C4F4FF4E2
:10BBE0000453FB606B4D4FF0020AC5F80CA0624E87
:10BBF0004FF40053F360DFF8B0910024C9F80C4013
:10BC0000D8F8003023F04343C8F800303B6823F4F1
:10BC100043633B606FF003032B606FF4405333606A
:10BC20006FF44073C9F8003080232246052138465E
:10BC300000F0A8FB802322462146284600F0A2FB04
:10BC4000802322460621304600F09CFB80232246BA
:10BC50000421484600F096FB01231A460521284698
:10BC600000F090FB012322462146384600F08AFB73
:10BC7000012322461946384600F084FB0123224660
:10BC80005146384600F07EFB01231A460421304617
:10BC900000F078FB01231A460521304600F072FBC4
:10BCA00001231A460721304600F06CFB012322468F
:10BCB0000E21304600F066FB012322460F2130465C
:10BCC00000F060FB01231A460421404600F05AFBB5
:10BCD000012322460521404600F054FB0123224661
:10BCE0000721404600F04EFB01232246032128464F
:10BCF00000F048FB012322460421284600F042FBC5
:10BD000001231A460621284600F03CFB01231A466F
:10BD10000D21284600F036FB184B83F80343082218
:10BD20001A6083F8074380221A6062B602E00C4B67
:10BD300001221A60184B1B68002BF8D004F08EFA11
:10BD4000164D01242C600023154A13601032136035
:10BD500070321360134B1C6004F08EFA2C602AE0E2
:10BD6000A4000E4244000120E02C0120740647424A
:10BD700000380240B0824142000C024000E100E085
:10BD800088ED00E0B402414200000240000001647E
:10BD900000040240000802408C000E4220000E42C7
:10BDA0002801054208000E42001002400D4B0022FF
:10BDB0001A6001221A6000224FF47A710A48F8F7DB
:10BDC00097F80028F2D101210846F7F73FFA074B10
:10BDD0001A6842F002021A605A6822F001025A60A0
:10BDE00030BFF4E7B4024142180301200070004064
:10BDF000024B1A68024B1A60704700BF24000040D3
:10BE00004000012030B585B000220C210A20FEF749
:10BE100045FA04464849FEF70DFD484D2C600022C6
:10BE20000C210120FEF73AFA04464549FEF702FDCF
:10BE3000444B1C60286801F0D1FD434B1A68434B0A
:10BE40001A60FFF7D5FF1BE078200CF003F921E022
:10BE500009F0B4FF80B205F041FA3D4B00221A70A0
:10BE600002E03A4B00221A603A4B4FF080521A60BF
:10BE7000BFF34F8FBFF36F8F374B4AF6AA221A607A
:10BE8000FFF7B6FF354A304B1B681360344A12681F
:10BE90009A42D9D800231A4601A928480068FEF71B
:10BEA000B3FB0128E0D1BDF80430B3F5E17F14D035
:10BEB000B3F5FA7FD5D0B3F5C87FD5D1FFF798FF9A
:10BEC000234B1B78002BC3D1264B1B78002BCBD1E7
:10BED0001D4B1A681D4B1A60C6E7029B042B0ED03F
:10BEE000012B15D0029B052B1CD0029B0A2BBBD12A
:10BEF0001C4B1B78002BB7D172B6FFF7A5FD194A72
:10BF00001278002AECD118480AF018FCFFF7AEFDB1
:10BF1000144B1B78002BE5D114480AF00FFC0AF0F3
:10BF200013FBDFE70F4B1B78002BDED110480AF024
:10BF300005FC0AF0EFFAD8E7DCDB020844B9002080
:10BF4000E4DB020848B9002024000040440001203E
:10BF500040B9002004ED00E0003000404CB9002062
:10BF60004000012012F90020F4DB020808DC02087E
:10BF700024DC020808B500230E4A13600E4A4FF471
:10BF8000800151610D4A13600D4B4AF6AA221A60D6
:10BF90000C4B1B681BB1074B01221A6008BD0A49F4
:10BFA000CA6802F4E062094B1343CB60BFF34F8FC2
:10BFB000FFF74AFDB4024142003C0140A80105429E
:10BFC000003000402002404200ED00E00400FA058D
:10BFD00008B503490348FDF7C7FC034B187008BDBB
:10BFE0006C000120A40000206800012000B587B08B
:10BFF00001A9684602F0E8F99DF802309DF80100B9
:10C00000400100F4787003449DF8030014304002AE
:10C0100080B203449DF80600C0F344009DF805205B
:10C02000520102F4FC6210439DF80420D20292B245
:10C0300010441B0413FA80F007B05DF804FB000005
:10C0400000B595B00146684601F07CF9684601F0FC
:10C0500082F9013814AB1844002300F8503C194908
:10C06000684601F0F0F820B11749684601F0EBF896
:10C0700060B96846FCF761FDE8B9144804F068FA55
:10C080001348FDF71CF815B05DF804FB114968462C
:10C0900001F0D9F838B19DF800302F2B07D0684651
:10C0A000FCF74BFDE8E70B48FCF747FDE4E7684683
:10C0B000FCF743FDE0E7084804F04AFA0448FCF7BF
:10C0C000FEFFE0E738DC02083CDC020858DC02082E
:10C0D0007000012040DC020844DC020810B5044670
:10C0E000FFF776FF4FF40E720021204601F0E2F8D0
:10C0F000012207492046FCF76BF820B105480CF0F7
:10C1000017F8002010BD04480CF012F80120F9E7E0
:10C11000ECEC02087CDC020860DC020838B51B4C41
:10C120001B4BA3614FF48073E3611A4D4FF40B7204
:10C130000021284601F0BEF8174B184A2146284630
:10C14000FDF733F80C280BD0A0B9104B5B7AABB1DC
:10C150000E4B9869037803B9114804F0F9F938BD1A
:10C160001048FFF7BBFF0C4B0C4A21462846FDF751
:10C170001CF8E9E70C4804F0EBF9F0E70548FCF798
:10C180009EFF0A4804F0E4F9E9E700BF48000120F7
:10C1900050B900207000012090DC020838DC020851
:10C1A00051000120B0080120A8DC020894DC02083C
:10C1B00008B51649164B8B614FF48073CB61154857
:10C1C000FCF7D0FF0C280BD090B9104B5B7AB3B1C1
:10C1D0000E4B9869037803B90F4804F0B9F908BD0C
:10C1E0000E48FFF77BFF09490A48FCF7BBFFEBE766
:10C1F0000848FCF764FF0A4804F0AAF9EFE705488D
:10C20000FCF75DFF074804F0A3F9E8E748000120C8
:10C2100050B900207000012051000120B008012019
:10C22000A8DC020894DC020800B5ABB01F49204B23
:10C230008B614FF48073CB611E4B1F4A1F48FCF784
:10C24000B4FF0C281AD008BB184B5B7A2BB3174BE2
:10C250009A69137803B91A4A14490B68097A11F0DC
:10C26000100F21D017490091174902A80BF0AAFF1F
:10C2700002A804F06DF92BB05DF804FB1348FFF73A
:10C280002DFF0A490D48FCF76DFFDCE70B48FCF772
:10C2900016FF0F4804F05CF9EDE70848FCF70FFFC4
:10C2A0000C4804F055F9E6E70B49DCE748000120AB
:10C2B00050B9002090DC020838DC02087000012030
:10C2C00051000120C0DC0208C4DC0208B0080120D3
:10C2D000A8DC020894DC0208B8DC020800B5ABB0A8
:10C2E0001E491F4B8B614FF48073CB611D48FCF7D7
:10C2F00039FF0C281AD008BB184B5B7A2BB3174BAD
:10C300009A69137803B9184A14490B68097A11F02D
:10C31000100F21D015490091154902A80BF052FFCA
:10C3200002A804F015F92BB05DF804FB1148FFF7E3
:10C33000D5FE0A490B48FCF715FFDCE70E4804F070
:10C3400007F90848FCF7BBFEEDE70648FCF7B7FE27
:10C350000A4804F0FDF8E6E70949DCE74800012057
:10C3600050B900207000012051000120C0DC0208FB
:10C37000C4DC0208B0080120A8DC020894DC020832
:10C38000B8DC0208F0B404684F000325BD4024EA7D
:10C39000050403F00306BE403443046046680124EC
:10C3A0008C4026EA0406C3F380048C402643466092
:10C3B000866826EA0506C3F30114BC40264386605E
:10C3C000C46824EA0504C3F3811505FA07F73C4362
:10C3D000C460072915DC046A8E000F25B54024EAE5
:10C3E0000504C3F30323B34023430362012A16D099
:10C3F0008369012202FA01F143EA01418161F0BC43
:10C400007047446AA1F10805AD000F26AE4024EA4A
:10C410000604C3F30323AB4023434362E6E7836987
:10C4200002FA01F119438161E9E700002DE9F843BF
:10C430000124814B1C6004331C6004331C600433F2
:10C440001C6004331C607D4D7023002206212846A9
:10C45000FFF798FF2346002205212846FFF792FFA9
:10C460002346002207212846FFF78CFF234600229F
:10C4700004212846FFF786FF714E2346002208213B
:10C480003046FFF77FFFDFF8C091234600220621E8
:10C490004846FFF777FF6B4F234600221146384688
:10C4A000FFF770FFDFF8A4812346002206214046F3
:10C4B000FFF768FF2346002206213846FFF762FF98
:10C4C000234622460C214846FFF75CFF2346002204
:10C4D0000D213846FFF756FF234600220521384636
:10C4E000FFF750FF2346002211463046FFF74AFF70
:10C4F0002346002221463046FFF744FF2346002210
:10C5000002213046FFF73EFF234600220421384631
:10C51000FFF738FF402300220A213046FFF732FFA1
:10C52000402300220C212846FFF72CFF4023002245
:10C530000B212846FFF726FF40230022082128462A
:10C54000FFF720FF4023002209213846FFF71AFF9A
:10C55000402300220D214846FFF714FF00231A460E
:10C560000B213046FFF70EFF05230022032148462A
:10C57000FFF708FF2346002203214046FFF702FF92
:10C580002346002204214046FFF7FCFE23460022FA
:10C5900006214846FFF7F6FE23460022114638469C
:10C5A000FFF7F0FE2346002205213046FFF7EAFEA2
:10C5B0002346002205214046FFF7E4FE0323002224
:10C5C00021463846FFF7DEFE234600220721384683
:10C5D000FFF7D8FE2346224621464046FFF7D2FE0B
:10C5E0002346224600214046FFF7CCFE00231A4690
:10C5F00009213046FFF7C6FE2346002206213046B9
:10C60000FFF7C0FE2346002207213046FFF7BAFE9F
:10C61000442300220A212846FFF7B4FE41230022CA
:10C6200009212846FFF7AEFE412322460421284671
:10C63000FFF7A8FEBDE8F88300064742000002406D
:10C640000004024000080240000C024000100240BA
:10C650000346344A526F12F0005F2ED031494A6FC0
:10C6600042F080724A6701202F4A45F2555111600D
:10C67000B3F5007F23D30721516023B3012B30D0C2
:10C68000022B30D0032B30D0042B30D0052B30D0F0
:10C69000062B30D0072B30D0082B31D0092B32D0CD
:10C6A0000A2B33D0B3F5007F33D0B3F5806F33D08E
:10C6B000B3F5006F33D0002206E00020D4E71A4A19
:10C6C00003215160D9E70522174B9A604AF6AA2246
:10C6D0001A604CF6CC421A60134BDB68002BFBD17E
:10C6E00070470A22F0E70F22EEE71F22ECE73D2217
:10C6F000EAE77B22E8E7FF22E6E740F2FF12E3E702
:10C7000040F2FF32E0E740F2FF72DDE740F6FF72F1
:10C71000DAE740F2FF32D7E740F2FF72D4E740F6A3
:10C72000FF72D1E7003802400030004010B50446E7
:10C7300000F0010001F00EF8C4F3400001F014F81D
:10C74000C4F3800001F01AF8C4F3C00001F020F82F
:10C7500010BD0000024B1B68188880B2704700BFF4
:10C76000500000202DE9F84F002001F01BF80120B7
:10C77000FFF7DCFF642000F093FE012001F012F8C7
:10C780009D4C236801251D80052000F089FE23684B
:10C7900028221A802368CF221A80984B1968002219
:10C7A0000A80196883200880196830200880216871
:10C7B000ED20088019684FF06408A1F8008019681E
:10C7C00003200880196812200880196881200880D9
:10C7D0002168E820088019688520088019680D8084
:10C7E0001968792008802168CB20088019683920D1
:10C7F000088019682C20088019680A80196834207C
:10C800000880196802270F802168F72008801968BE
:10C81000202008802168EA20088019680A801968A9
:10C820000A802168C02008801868262101802068BD
:10C83000C126068018684FF0110606802068C526BC
:10C84000068018683526068018683E26068020680F
:10C85000C72606801868BE26068020683626068011
:10C8600018684826068026683A2030801E684FF0F7
:10C87000550CA6F800C026684FF0B10CA6F800C011
:10C880001E6832801E684FF01B0CA6F800C0266898
:10C890004FF0F20CA6F800C01E684FF0080CA6F886
:10C8A00000C02668318019680D802168E0260E805E
:10C8B00019684FF01F09A1F8009019681A260E8018
:10C8C00019684FF0180EA1F800E019684FF00A0C33
:10C8D000A1F800C019680F260E80196806260E8080
:10C8E000196845260E80196887260E801968322639
:10C8F0000E801968A1F800C01E68072131801E68EB
:10C9000037801E6831801F6805263E801F683A8088
:10C9100027684FF0E10AA7F800A01F683A801F6857
:10C920004FF0250AA7F800A01F684FF0270AA7F8C4
:10C9300000A01F683E801F684FF0100BA7F800B0E2
:10C940001F684FF0090BA7F800B01F6838801F68F8
:10C950004FF0780BA7F800B01F684FF04D0BA7F809
:10C9600000B01F683E801E68A6F800E01E680D2714
:10C9700037801E68382737801E6830801868A0F816
:10C98000009020682A2606801868028018680280B5
:10C99000186802801868EF26068020682B2606801B
:10C9A00018680280186802801868058018683F259A
:10C9B00005802068B7250580186801802168B620A9
:10C9C00008801968A1F800C01968822008801968D9
:10C9D000A1F800A01B681A8023684FF011061E8082
:10C9E000404600F05DFD236829221A80404600F091
:10C9F00057FDBDE8F88F00BF4C000020500000201C
:10CA000038B50C46064B1B68C0B218801546002D81
:10CA100005DDFFF79FFE24F8020B023DF7E738BD66
:10CA20004C00002010B50446082201460420FFF700
:10CA3000E7FF08222146D320FFF7E2FF0422214628
:10CA4000DA20FFF7DDFF04222146DB20FFF7D8FFC5
:10CA500004222146DC20FFF7D3FF10BD08B50146B4
:10CA600004220C20FFF7CCFF08BD08B501460A22BE
:10CA70000920FFF7C5FF08BD014B1860704700BFD4
:10CA8000F0C900202DE9F8438146884617461E4626
:10CA9000BDF820509BB292B289B280B200F0A6FBE2
:10CAA000234B1C68A7EB0907A6EB0803013307FB20
:10CAB0000333202B32DD25802580258025802580AD
:10CAC000258025802580258025802580258025803E
:10CAD000258025802580258025802580258025802E
:10CAE000258025802580258025802580258025801E
:10CAF000258025802580203BDBE72580258025803B
:10CB000025802580258025802580258025802580FD
:10CB100025802580258025802580103B102BECDC8E
:10CB200001E0258013465A1E002BFAD1BDE8F88398
:10CB30005000002030B583B0054603F003FB0446E7
:10CB400003F006FB0095431E621E00210846FFF716
:10CB500099FF03B030BD0000014B1880704700BF43
:10CB60009C020120014B1888704700BF9C020120E5
:10CB7000014B1880704700BF0C0301202DE9F04FD6
:10CB800083B088469146824A12681789D488013456
:10CB9000A4B29E461BB103F1FF3E5FFA8EFE0197E1
:10CBA000A44604FB07F52E467A4B04E07A4909882F
:10CBB00023F8021B1646721E002EF7D14CE019F81E
:10CBC0000220CCF108031A410CF1FF3116E019F8EC
:10CBD00002304A7842EA0322CCF110031A41F3E70B
:10CBE0006E4B45F255521A6004225A604FF6FF729E
:10CBF0009A604CF6CC421A60FEE7013900292ADB24
:10CC0000BB1BACEB010A0AF1FF3A1AFB07FA1AFA4E
:10CC100083F39BB2A3EB0E03013B1BB2B3F57A6F18
:10CC200007DDDFF880A1DAF800A01AF0010FD7D0F5
:10CC300000BE002BE1DB4FF0010A0AFA01FA1AEA02
:10CC4000020FDAD0DFF860A1BAF800B0DFF844A133
:10CC50002AF813B0D1E70136019BB34216DD0CF17F
:10CC60000703DB1006FB03F209EB0201012BA6D040
:10CC7000022BACD019F802304A78120242EA034281
:10CC80008B781A43CCF118031A419DE7221892B20F
:10CC900008F1FF33013AA8EB07019BB292B289B2C7
:10CCA00000F0A4FA3E4B1A683A4B202D64D919883B
:10CCB00011805988118099881180D988118019892B
:10CCC00011805989118099891180D9891180198A17
:10CCD0001180598A1180998A1180D98A1180198B03
:10CCE0001180598B1180998B1180D98B1180198CEF
:10CCF0001180598C1180998C1180D98C1180198DDB
:10CD00001180598D1180998D1180D98D1180198EC6
:10CD10001180598E1180998E1180D98E1180198FB2
:10CD20001180598F1180998F1180D98F1180203DEA
:10CD30004033BAE719881180598811809988118089
:10CD4000D988118019891180598911809989118098
:10CD5000D9891180198A1180598A1180998A118084
:10CD6000D98A1180198B1180598B1180998B118070
:10CD7000D98B1180103D2033102DDBD8691E25B1D1
:10CD800033F8020B10800D46F8E703B0BDE8F08FD2
:10CD9000F0C9002050BA00209C0201200030004061
:10CDA00050000020F0ED00E00C03012070B5144CA1
:10CDB00025682C79141B2E7BB44216DC114E368864
:10CDC000B04214DC002814DBAAB10A2A15D02A6864
:10CDD0002E8906FB04F4ED880735ED1005FB0422CF
:10CDE00080B2FFF7CBFE012000E0002070BD0020E4
:10CDF000FCE70020FAE70020F8E70020F6E700BF94
:10CE0000F0C90020100301202DE9F84305460E4625
:10CE1000144699469DF82070104600F09CFA1C4B71
:10CE20001B68B3F8068008F1FF3818FB00F81FFAFA
:10CE300088F803F087F940451FD9B9F1010F0AD0EE
:10CE4000B9F1020F19D1134B1B88A3EB080315FA94
:10CE500083F39DB211E00F4B1B88A3EB080808EB8E
:10CE6000D878C8F34F032B449DB206E0084B1B68EB
:10CE7000DB882B449BB2013B9DB23B4614F8012B4F
:10CE8000314628B2FFF792FF0028EFD1BDE8F883C2
:10CE9000F0C900201003012070B516461C463B4B1C
:10CEA0001D6880B289B293B2C21892B20B449BB291
:10CEB000013B013A9BB292B200F098F9013E052E77
:10CEC00062D8DFE806F0605D534228032C802C8096
:10CED0002C802C802C802C802C802C802C802C80F2
:10CEE0002C802C802C802C802C802C802C802C80E2
:10CEF0002C802C802C802C802C802C802C802C80D2
:10CF00002C802C802C802C802C802C802C802C80C1
:10CF10002C802C8038E02C802C802C802C802C8045
:10CF20002C802C802C802C802C802C802C802C80A1
:10CF30002C802C802C802C802C802C802C802C8091
:10CF40002C802C802C802C801EE02C802C802C802F
:10CF50002C802C802C802C802C802C802C802C8071
:10CF60002C802C802C802C802C800DE02C802C8020
:10CF70002C802C802C802C802C802C802C8003E01A
:10CF80002C802C802C802C8070BD00BF5000002095
:10CF90002DE9F04F83B0064692469B46264B1B6810
:10CFA0001A890192B3F8069019FB00F311FA83F382
:10CFB0001FFA83F8002722E01BF80250C9F108038A
:10CFC0001D4109F1FF3412E01BF802304D7845EAAB
:10CFD0000325C9F110031D41F3E7184B1B883246A6
:10CFE00007FB16A104FB1680FFF756FF013C002C3F
:10CFF00004DB0123A3402B42F8D0EEE70137019B6D
:10D00000BB4216DD09F10703DB1007FB03F20BEB54
:10D010000201012BD0D0022BD6D01BF802304D7864
:10D020002D0245EA03458B781D43C9F118031D41C4
:10D03000C7E703B0BDE8F08FF0C900200C03012062
:10D0400070B50D4C24888C4213D30BB9002011E02D
:10D050000A4C2468266825795B1B258905FB03F3A8
:10D06000E4880734E41004FB0363FFF791FF012019
:10D0700000E0002070BD00BF10030120F0C90020B7
:10D080002DE9F04F85B08146019190461D469DF8EF
:10D0900038300293294B1B68B3F806B0284B1B8825
:10D0A000B3FBFBF303933DE0741B012C42D0A2467B
:10D0B000029B012B13D0022B1DD0019C002757454A
:10D0C00023D215F8013B424621464846FFF7B8FFF8
:10D0D0001BFB09F314FA83F4A4B20137EFE703F062
:10D0E00031F804FB09F404FB1B04C4F34F04019B57
:10D0F0001C44A4B2E2E7039B04FB193414FB0BF4B9
:10D10000019B13FA84F4A4B2D8E70C4B1B681B896B
:10D1100013FB09F39BB2A8EB03081FFA88F83378D6
:10D1200043B1751C2E463378002BBDD00A2BBBD0E3
:10D130000136F8E705B0BDE8F08F00BFF0C9002068
:10D14000100301201E4B1B6836221A8000F00300DA
:10D150001C4B1860032832D8DFE800F0020E1A26B4
:10D16000194B1B6848221A80184BF0221A60184B82
:10D170004FF4A0721A607047134B1B6828221A8064
:10D18000124B4FF4A0721A60114BF0221A607047D4
:10D190000D4B1B6888221A800C4BF0221A600C4B36
:10D1A0004FF4A0721A607047074B1B68E8221A8080
:10D1B000064B4FF4A0721A60054BF0221A607047BC
:10D1C0004C000020A002012050000020A4020120F9
:10D1D00008030120014B1880704700BF1003012095
:10D1E000014B1880704700BF0E03012070B40C4C37
:10D1F00024680C4D2D682A262E800E0A2680218058
:10D20000190A218023802B232B80030A238020806E
:10D21000130A238022802C232B8070BC704700BF10
:10D22000500000204C00002010B403461A780AB1C8
:10D230000133FBE70C7801311C700133002CF9D16C
:10D240005DF8044B704703782BB10A78934202D102
:10D2500001300131F7E70878181A704770B40E787A
:10D2600016B970BC70470130037863B19E42FAD1A1
:10D270000A4603461478002CF3D013F8015B013200
:10D28000AC42F7D0EFE70020EBE710B40346032AE7
:10D290000AD951F8044B43F8044B043AF7E711F864
:10D2A000012B03F8012B2246541E002AF7D15DF80A
:10D2B000044B704710B40346541E1AB103F8011B07
:10D2C0002246F9E75DF8044B7047FAB113468842ED
:10D2D0001CD010B40FD31144821813E0134611F878
:10D2E000012B03F8012B1A4623465C1E002BF5D1B7
:10D2F0005DF8044B70470246F7E711F8013D02F86C
:10D30000013D23465C1E002BF7D1F1E77047034631
:10D31000AAB110B40C782CB1013103F8014B013AD9
:10D32000002AF7D122B1002103F8011B013AF9E7E5
:10D330005DF8044B7047002103F8011B013A002AF5
:10D34000F9D1704703460A781AB1013103F8012B6D
:10D35000F9E71A7070470346002013F8012B12B149
:10D36000013080B2F9E7704700283BD0F0B585B0B6
:10D370000C4615461E460746002935D00846FDF7DF
:10D3800045FA90B9ADF804500B9BADF806300A9BF6
:10D390000293039400231A4601A93846FCF7B0FF14
:10D3A000012809D0002005B0F0BD00230C9A01A986
:10D3B0002046FDF729F9E5E70EB90020F3E7002341
:10D3C0000C9A01A92046FDF71FF901280ED10299F8
:10D3D00011B10A98FFF7B6FFBDF80430B34207D089
:10D3E0000020E0E7002070470020DCE70020DAE7BB
:10D3F0000120D8E790B110B584B0ADF80410ADF8B5
:10D400000630029200220392134601A9FCF778FF2E
:10D41000012814BF0020012004B010BD0020704777
:10D4200090B110B584B0ADF80410ADF8063002929A
:10D4300000220392012301A9FCF762FF012814BF17
:10D440000020012004B010BD002070470121094BCD
:10D4500019604FF08042002353625360064B1B68F3
:10D460000648A0FB03039B0C013B936211605161D2
:10D47000704700BF000847420000002083DE1B43C6
:10D480004FF0804300225A621A617047034B1A68BA
:10D49000024B1B689B1A8342FAD37047240000405A
:10D4A00008B54FF47A7303FB00F0FFF7EFFF08BDF8
:10D4B000F8B507460E461546002405E02B463246D1
:10D4C0003946FFF7ADFF01340F2C05D8034B53F855
:10D4D00024000028F2D1F6E7F8BD00BFF4C900200F
:10D4E000034B1B6913F4006F0CBF01200020704731
:10D4F00000000240034B1B6913F4007F0CBF0120A6
:10D500000020704700080240034B1B6913F4005FC2
:10D510000CBF012000207047000C024008B5084BEA
:10D520001B78012B00D008BD0222064903F032FF10
:10D53000B0FA80F2520901210348F5F735FAF2E713
:10D540000C010020D8DB02080008024008B50222C6
:10D55000054903F01FFFB0FA80F252094021034849
:10D56000F5F722FA08BD00BFD8DB0208000C024024
:10D5700008B5084B1B78012B00D008BD02220649D4
:10D5800003F008FFB0FA80F2520910210348F5F7C2
:10D590000BFAF2E70C010020D8DB02080010024071
:10D5A000064B1B78012B00D0704718B1044B0122A9
:10D5B0001A607047034B01221A60F5E70C01002046
:10D5C000140342425403424208B50648FFF7BEFF27
:10D5D0004FF4FA70FFF764FF03F03AFE80B203F0F5
:10D5E0003DFE08BDD8DB020808B5002003F036FE7A
:10D5F0004FF4FA70FFF754FF0148FFF7A7FF08BD8B
:10D60000D0DC020808B50222044903F0C3FE10B9B9
:10D61000FFF7DAFF08BDFFF7E7FFFBE7D8DB0208FB
:10D6200008B50222054903F0B5FEB0FA80F25209AE
:10D6300020210348F5F7B8F908BD00BFD8DB020880
:10D640000004024008B50C4B1B6893B1013B0A4A29
:10D65000136073B9094B1B7863B10121064A11604D
:10D6600083F00103054A1370012208210448F5F7ED
:10D670009BF908BD0321F1E71403012059CA0020DA
:10D680000010024008B502220D4903F083FE70B974
:10D690000C4B4FF47A721A6001220B4B1A7008215E
:10D6A00000F1804000F50430F5F77EF908BD002256
:10D6B000044B1A6008210548F5F776F9F6E700BF34
:10D6C000D8DB02081403012059CA002000100240D0
:10D6D00008B50222054903F05DFEB0FA80F2520956
:10D6E00008210348F5F760F908BD00BFD8DB020840
:10D6F000000C024008B5024640210248F5F754F9F3
:10D7000008BD00BF00080240104A136913F4805F8F
:10D710000CBF01230023126912F4006F10D0002007
:10D7200003430B4A126912F4007F0BD0002003431D
:10D73000064A126912F4807F06D000201843704711
:10D740000220EDE70820F2E70420F7E7000002409E
:10D750000008024008B5024620210248F5F724F9E6
:10D7600008BD00BF0008024008B50246012102487A
:10D77000F5F71AF908BD00BF0004024008B50246DB
:10D7800002210248F5F710F908BD00BF000402406D
:10D7900008B5024604210248F5F706F908BD00BFA6
:10D7A0000004024008B5024610210248F5F7FCF8D3
:10D7B00008BD00BF0008024000B587B006230193F2
:10D7C00000230293039301A90248F4F757FF07B01F
:10D7D0005DF804FB0000024010B586B00123019300
:10D7E000002402940393049401A90648F4F746FF29
:10D7F00022460F210620F4F7C3FE0620F4F7F4FEBC
:10D8000006B010BD0000024070B586B00826019633
:10D8100001230293002403940494064D01A9284691
:10D82000F4F72CFF224631462846F5F7BDF806B03E
:10D8300070BD00BF0000024008B5FFF7BDFFFFF755
:10D84000CBFFFFF7E1FF08BD064B5A6822F002024A
:10D850005A601A6822F00C0242F004021A60022296
:10D860009A61704700000240074B5A6842F0080274
:10D870005A601A6822F0C00242F040021A604FF467
:10D8800000229A61704700BF00000240064B5A68B0
:10D8900022F001025A601A6822F0030242F00102EB
:10D8A0001A6001229A61704700000240074B5A68D3
:10D8B00042F004025A601A6822F0300242F010026C
:10D8C0001A604FF480229A61704700BF0000024046
:10D8D000024A136843F003031360704700000240DC
:10D8E000024A136843F0300313607047000002409F
:10D8F000024A136843F00C031360704700000240B3
:10D90000024A136843F0C0031360704700000240EE
:10D9100008B501211248F5F743F818B1114B01225F
:10D920005A6108BDFFF790FFFFF79EFFFFF7D0FF9A
:10D93000FFF7D6FF002004F0E9FBFFF7A7FFFFF792
:10D94000B5FFFFF7D5FFFFF7DBFF012004F0DEFB9B
:10D95000FFF732FFFFF740FFFFF756FFDEE700BF9C
:10D9600000000240003C014038B50F4B1C684FF4EA
:10D9700080610E48F5F714F8003818BF01200C4DEF
:10D9800028704FF48060F5F717F80A4B1A68A21A4E
:10D990002B783BB1084B214608480AF043FB054B66
:10D9A0001C6038BD064BF6E724000040000402402E
:10D9B00058CA00204CCA0020D8DC0208DCDC02086F
:10D9C000D4DC020808B501210348F4F7E9FF003868
:10D9D00018BF012008BD00BF0000024000233F2BFC
:10D9E00009D8054A52F823200AB10133F7E7024A61
:10D9F00042F8230070477047F4C90020F8B5A74BE0
:10DA0000DA881A819A88DA805A889A801A885A8025
:10DA1000A34A136913F4805F0CBF0123002312692A
:10DA200012F4006F40F0BD80022213439C4A126939
:10DA300012F4807F40F0B78004221343994A1269A0
:10DA400012F4007F40F0B18008221343934A138000
:10DA5000FFF7B8FF20B9914A138843F020031380E1
:10DA6000914B1B6913F4005F40F0A18040238B4A67
:10DA7000128813431BB28D4A126912F4806F40F072
:10DA80009880102213439BB2844A13801089D58852
:10DA90009188548800EA05020A4014401C4004F0B2
:10DAA0007F05834B1B68042B40F38580814B1F88C7
:10DAB00087EA0506804B1B682BB1804A1268D31A8F
:10DAC0007F4A93427DD8AF427AD07A4B1D8016F0C0
:10DAD0000F0F16D0784B1B681BB9784B1A68764B22
:10DAE0001A60012E7BD0022E00F08C80042E00F0F4
:10DAF0009D80082E00F0AE8004F00F030A2B00F08A
:10DB0000BD8016F0200F37D014F0200F00F0BD803C
:10DB1000FFF79AFEFFF7A8FEFFF7DAFEFFF7E0FE39
:10DB20000A20FFF7B3FC002004F0F0FA00EB8000BD
:10DB3000C0F39310634D2860FFF7A8FEFFF7B6FE11
:10DB4000FFF7D6FEFFF7DCFE0A20FFF79FFC01205F
:10DB500004F0DCFAC0EB0010C0F313205A4F386019
:10DB6000FFF72AFEFFF738FEFFF74EFE3A682968F6
:10DB70004FF41670FFF79CFC16F0400F20D004F015
:10DB800040040120FFF7B6FD0A20FFF77FFC0020CC
:10DB9000FFF7B0FD0022214640F24C40FFF788FC21
:10DBA0000EE0002241E7002247E700224DE7002374
:10DBB0005DE7002266E73F4A158001333C4A136067
:10DBC000F8BD002204F00F014FF4E170FFF770FC84
:10DBD0003E4B01221A70384B00221A6073E714F092
:10DBE000010F80D1394B1B782BB10023324A1360CF
:10DBF000364A137077E7002201214FF4C870FFF70F
:10DC000057FCF2E714F0020F7FF470AF2F4B1B7834
:10DC10002BB10023284A13602C4A137066E70022B8
:10DC200002214FF4C870FFF743FCF2E714F0040F31
:10DC30007FF45FAF254B1B782BB100231E4A136086
:10DC4000224A137055E7002204214FF4C870FFF7F1
:10DC50002FFCF2E714F0080F7FF44EAF1B4B1B783C
:10DC60002BB10023144A1360184A137044E70022B2
:10DC700008214FF4C870FFF71BFCF2E700220A21CD
:10DC80004FF4E670FFF714FC3BE70E4B1A680E4B9F
:10DC900019684FF42F70FFF70BFC6DE740CA0020A6
:10DCA0000000024000080240000C02400004024054
:10DCB0003CCA00204ACA002054CA00202400004068
:10DCC000C0C62D0034CA002038CA002050CA002027
:10DCD0000C280DDC074A136B43F480531363064B87
:10DCE00001229A6019601A68A3F502335A65196512
:10DCF000704700BF00380240003002400A4B586DA8
:10DD00001B6D0B60094A136B43F480531363084B7C
:10DD100001229A600A681A601B68834201D10120BF
:10DD200070470020704700BF0028004000380240C4
:10DD30000030024008B50B480AF0FAF90A4B1B689C
:10DD400013F0010F01D000BEF5E7084B45F2555224
:10DD50001A6004225A604FF6FF729A604CF6CC4269
:10DD60001A60FEE7FCDC0208F0ED00E00030004045
:10DD700038B505461446012904D0881E20B9013D56
:10DD80000C2001E0451E0B2007EE900AF8EEE77A22
:10DD900017EE900A09F0B0FB17A3D3E9002309F0AE
:10DDA0001DF917A3D3E9002309F046FA09F084FC12
:10DDB0000444283C2C4407EE905AF8EEE77A17EE1C
:10DDC000900A09F099FB0022094B09F007F909F0C4
:10DDD00073FC23180533074880FB0320C218D817AB
:10DDE000C0EBA200C0EBC000181A38BDAFF3008032
:10DDF0000000D03F93244992CDCCCCCCCCCC044075
:10DE00009A9999999999C93F38B54478E31EDBB23C
:10DE1000072B1BD8231FDBB2052B19D985782A467F
:10DE20002146C078FFF7A4FF032C03D00A2C07D0AB
:10DE300000200CE0281A1828D4BF0020012006E09A
:10DE4000281A1828CCBF0020012000E0002038BD8F
:10DE50000120FCE700B587B03148324B0360002356
:10DE600043607F228260FF22C2600361436183615D
:10DE7000F5F7ABFE002846D1002269462848F6F7A0
:10DE800019F8002843D1002201A92548F5F7EAFF37
:10DE900000283ED19DF80330632B13D89DF8013044
:10DEA000013BDBB20B2B0DD81E2B0BD89DF8043099
:10DEB000172B07D89DF805303B2B03D89DF806306B
:10DEC0003B2B1DD900238DF804308DF805308DF8DB
:10DED000063004930593012201A91148F5F7CDFE00
:10DEE000C8B901228DF800208DF801208DF802209C
:10DEF00000238DF8033069460948F5F73DFF60B906
:10DF000007B05DF804FB08480AF012F9B4E7FFF720
:10DF100011FFFFF70FFFFFF70DFFFFF70BFF00BF2C
:10DF2000180301200028004010DD020810B58AB057
:10DF30000446002205A91948F5F794FF02AB0093A7
:10DF400003AB04AA164920460AF060F9032808D159
:10DF5000049B182B05DC039A3B2A02DC02993B291F
:10DF600004DD104802F0F4FA0AB010BD01338DF858
:10DF700014308DF815208DF816104FF48033089367
:10DF8000F5F748F9002205A90448F5F776FEF5F7FC
:10DF90004FF9054802F0DCFAE6E700BF180301205C
:10DFA00020DD02082CDD02083CDD0208F0B44778D1
:10DFB0007B1E244AD15CC57805F5FA65224B83FBAC
:10DFC00005235B11642202FB13531C46002B29DB43
:10DFD00003EBA4041D4A82FB04621619E217C2EB8C
:10DFE000A602C2EBC202A21AF3B115F0030F27D0AA
:10DFF0000023012F98BF012B00D1013B0A440632B8
:10E0000081780A44D31A114880FB0320C218D8171C
:10E01000C0EBA200C0EBC000181A00D10720C0B2AC
:10E02000F0BC7047DC1CD3E7074C84FB0564E411AB
:10E030004FF4C87606FB1454002CDAD10123D8E73C
:10E040000123D6E76CDE02081F85EB519324499229
:10E05000C378113BDBB2522B10D84378013BDBB2C3
:10E060000B2B0DD88378013BDBB21E2B0AD803782B
:10E07000013BDBB2072B07D9002070470020704717
:10E0800000207047002070470120704700B587B01E
:10E0900004AB009303AB02AA18490AF0B7F80328AF
:10E0A00016D1049B632B19DDDBB23033DBB28DF864
:10E0B0001730039B8DF81530029B8DF8163005A89C
:10E0C000FFF774FF8DF8140005A8FFF7C1FF38B9FA
:10E0D0000B4802F03DFA07B05DF804FBDBB2E6E75F
:10E0E000F5F798F8002205A90648F5F745FEF5F77B
:10E0F0009FF8054802F02CFAEDE700BF20DD02088A
:10E1000058DD0208180301204CDD020830B58BB041
:10E1100004460D462422002101A8FFF7CBF8E3783E
:10E12000643306936378013B0593A37804932B78BB
:10E1300003936B780293AB7801932378079320467F
:10E14000FFF762FE099001A809F04EFD0BB030BD4B
:10E1500070B584B01546FFF7D9FF0446002603A921
:10E160003046FFF7CBFD48B921460020FFF7B0FD50
:10E1700003A90020FFF7C2FD04B070BD2B1B009364
:10E18000224633462946024809F04CFFECE700BF1F
:10E1900074DD020800B587B000238DF814300093B9
:10E1A000019302930493838803F01F028DF81620D5
:10E1B000C3F343128DF815205B0A143B8DF817301A
:10E1C000C388DA0A8DF80020C3F345128DF80120C8
:10E1D00003F01F038DF802304FF0FF3303936946BD
:10E1E00005A8FFF793FF07B05DF804FB30B585B0D5
:10E1F0008A88530A143BDBB2C988CC0AC1F345159F
:10E2000001F01F010391029501940093C2F343139F
:10E2100002F01F02024909F0D5FF05B030BD00BF72
:10E22000B8DD0208F0B587B004464F4D4F4F0022CD
:10E2300029463846F5F73EFE4D4E00223146384617
:10E24000F5F710FE31462846FFF760FF0546494BBB
:10E250000493494B0393494B0293494B0193494B18
:10E260000093494B494A4A49204609F0CFFF072805
:10E2700076D1464B1A68531E0B2B1CD8424B1B6899
:10E28000002B18DD1F2B16DC3E490968B1F5FC6F29
:10E2900011DD3A48006800280DDB3B280BDC3648CE
:10E2A0000068002807DB3B2805DC354800680028AB
:10E2B00001DB172804DD374802F04AF907B0F0BD4A
:10E2C0003031294CE1706270A3702046FFF76EFE7A
:10E2D000207026480368CA225A6253225A622E4B83
:10E2E00001221A6000222146F5F746FD214B1B78DA
:10E2F000702B2DD0224B1C781D4B1C701F4A1268AE
:10E300005A701D4A12689A700022DA604021D97052
:10E310001A619A605A601448FFF776FD10B1013C0B
:10E32000134B1C70124E114C002231462046F5F75B
:10E33000A4FC2A4631460C48FFF70AFF2368FF2257
:10E340005A62154B00221A60144802F001F9B5E731
:10E350000B4B1B680B2BCDDC0C33094A1360C9E750
:10E360000C4802F0F5F8A9E77CCA00201803012048
:10E3700080CA00205CCA002094CA002074CA002011
:10E3800070CA002098CA00206CCA002078CA0020F9
:10E39000D0DD0208F4DD020820000E4210DE020883
:10E3A00008B5014600220248F5F75CFD08BD00BF34
:10E3B0001803012008B5014600220248F5F77AFD4E
:10E3C00008BD00BF1803012010B50C46FFF7F2FF8F
:10E3D0002046FFF7E5FF10BD10B58AB0044605A939
:10E3E00004A8FFF7F1FF9DF811209DF813309DF868
:10E3F00014109DF81500029001910093054B53F8FD
:10E4000022309DF812200449204609F0DBFE0AB0B4
:10E4100010BD00BF5400002024DE0208014B187814
:10E42000704700BF9CCA0020014B01221A70704740
:10E430009CCA0020014B01221A60704750034042E1
:10E44000064B9B6813F0020FFAD0044B9B6813F045
:10E45000800FFAD1024B01221A6070470030014050
:10E460001003404282B00E4B1B68002BFBD00D4BBB
:10E47000D8600D4B1A680D4B1B6823B90A4B1B68FB
:10E480009B1A092BF7D9074AD368DBB28DF80730FE
:10E490009DF807309368DBB28DF8073002B0704703
:10E4A00004012642003001402400004000012642C1
:10E4B00010B5094B1A68002AFCD0084A084B0948D5
:10E4C0001468FF211970016819B91168091B09291D
:10E4D000F9D9187810BD00BF04012642240000407D
:10E4E0000C3001400001264210B5074B1C68FFF7B5
:10E4F000DFFFFFF7DDFFFF2805D0034B1B681B1B69
:10E50000024A9342F5D910BD240000401FA1070024
:10E51000014B00221A7070479ECA0020014B1878E8
:10E52000704700BF9ECA002070B504460D46FFF735
:10E53000DBFFFF2828D106462046FFF793FF280E71
:10E54000FFF790FFC5F30740FFF78CFFC5F30720E7
:10E55000FFF788FFE8B2FFF785FF402C19D0482C61
:10E5600019D03046FFF77EFF4C2C16D00A24FFF757
:10E570009FFF054610F0800F03D0631E13F0FF04C9
:10E58000F5D16CB1284670BD084809F0D1FDFF25D2
:10E59000F8E79526E3E78726E3E7FFF789FFE5E756
:10E5A0002946034809F03EFDECE700BF78DE02088B
:10E5B0008CDE020810B582B02C4B1A6822F03802AB
:10E5C0001204120C1A601A6842F038021A60FFF73F
:10E5D00037FF0024092C04DCFF20FFF743FF013440
:10E5E000F8E7FFF727FF40238DF8003000248DF86F
:10E5F00001408DF802408DF803408DF804409523CA
:10E600008DF80530052C07DC02AB234413F8080C09
:10E61000FFF728FF0134F5E741F6FF7403E01448E3
:10E6200009F000FD013CFFF743FF0146012806D039
:10E630002CB1FF29F3D12E2009F00CFDF2E70D4893
:10E6400009F076FDFF20FFF70DFFFFF7F9FE0A4BFB
:10E6500001221A706420FEF723FF044A136823F096
:10E6600038031B041B0C136002B010BD00300140C6
:10E67000A4DE0208ECEC02089ECA0020024A93685D
:10E6800043F440139360704700640240024A936869
:10E6900043F040639360704700640240074B0122DF
:10E6A0001A60074B074A1A600749996000225A61AD
:10E6B00018330648186099605A61704758064742F7
:10E6C00040640240000400060C3001404000000697
:10E6D00030B583B005460C46FFF7E0FFFF230193FA
:10E6E000244B1A6822F040021A60234A5460D56015
:10E6F0002248446001A9C16021494FF0FF348C6079
:10E70000596841F003015960016841F0010101605D
:10E71000116841F0010111601A6842F040021A606C
:10E72000184B1968164A136803F0006313602BB97D
:10E73000144B1B685B1A144A9342F3D9104B4FF0E9
:10E74000FF329A600D4A136823F001031360183AF0
:10E75000136823F0010313600A4B1B68591A0A4B14
:10E76000994202D8012003B030BD084809F0E0FC0E
:10E770000020F8E700300140406402405864024045
:10E7800000640240240000403F420F00ACDE02085B
:10E7900070B505460E460D4B1C68FFF789FEFF2835
:10E7A00005D10A4B1B681B1B094A9342F5D9FE2869
:10E7B00002D00024204670BD31462846FFF788FF6E
:10E7C0000446FFF775FEFFF773FEF3E724000040F1
:10E7D0009F860100084B01221A60084B4FF0C0626F
:10E7E0001A600749996000225A6118330548186079
:10E7F00099605A61704700BF580647424064024022
:10E800000C3001404004000670B582B006460D464B
:10E81000FFF7E0FF244B1A6822F040021A60234AF7
:10E82000556001A9D160224C6560E66021494FF036
:10E83000FF308860596841F003015960216841F058
:10E8400001012160116841F0010111601A6842F074
:10E8500040021A60184B1968164A136803F00063E7
:10E8600013602BB9144B1B685B1A144A9342F3D9FB
:10E87000104B4FF0FF329A600D4A136823F00103EA
:10E880001360183A136823F0010313600A4B1B68E6
:10E89000591A0A4B994202D8012002B070BD0848AB
:10E8A00009F046FC0020F8E70030014040640240D7
:10E8B0005864024000640240240000403F420F00C0
:10E8C000C0DE020808B5054A136843F04003136030
:10E8D0004FF40071FFF798FF08BD00BF0030014002
:10E8E00070B506460D46FFF7FFFDFF2802D0002653
:10E8F000304670BD00242846FFF7B4FDFD2D21D021
:10E900003046FFF7DFFF06460028F1D0FFF7D0FDC5
:10E91000FFF7CEFD2546402D07D8FFF7C9FD00F0D3
:10E920001F04052C01D00135F5E7FFF7C1FD0028D4
:10E93000FBD0052CDCD0044A936943F40053936167
:10E940000026D5E70126D3E70008024070B582B063
:10E95000FFF776FD6420FEF799FD5C4B1B7813F002
:10E96000020404D0594B1878C0B202B070BDFFF752
:10E9700021FE574809F0DCFBFFF75CFD554B1E6894
:10E9800000214020FFF7D0FD0546012811D0524B51
:10E990001C70FFF78DFDFFF753FD002C00F09280F7
:10E9A0004A4A137803F0FE031370484B1878C0B23C
:10E9B000DBE74FF4D5714820FFF7B6FD012845D1BC
:10E9C000254607E0FFF774FD02AB2B4403F8040C67
:10E9D0000135EDB2032DF5D99DF80630012BD6D1C6
:10E9E0009DF80730AA2BD2D105E03A4B1B689B1B40
:10E9F0003A4A93420CD800217720FFF795FD012871
:10EA0000F3D84FF080416920FFF78EFD0028ECD14C
:10EA1000304B1B689E1B314B9E42B8D800217A2098
:10EA2000FFF782FD054640B1B1E7FFF741FD02ABBC
:10EA30002B4403F8040C0135EDB2032DF5D99DF8F4
:10EA4000043013F0400F3BD00624A0E700217720CC
:10EA5000FFF76AFD012813D800216920FFF764FD44
:10EA600001280DD802250BE000217720FFF75CFD7F
:10EA700001281ED9174B1B689B1B184A934207D8C5
:10EA8000022DF1D000214120FFF74EFD0028F1D1E9
:10EA9000104B1B689E1B114B9E423FF678AF4FF404
:10EAA00000715020FFF740FD00287FF470AF2C4626
:10EAB0006DE700216920FFF737FD0028DAD1E7E78D
:10EAC000022464E7FFF724FD6FE700BF8800002001
:10EAD000D8DE0208240000409DCA00203F420F00FB
:10EAE000014B1878704700BF880000202DE9F041E5
:10EAF000002A54D005460F4614462C4B93F800804C
:10EB000018F001084ED12A4B1B7813F0040F00D1E6
:10EB10004F02002611E039465120FFF705FD38B3BA
:10EB2000FFF7C6FCFFF78CFCFFF7C2FC7CB3324654
:10EB30003946204809F076FA0136092E21DCFFF724
:10EB400079FC012CE7D039465220FFF7EDFC002874
:10EB5000E6D14FF400712846FFF71AFE18B105F50B
:10EB60000075013CF5D100214C20FFF7DDFCD7E713
:10EB70004FF400712846FFF70BFE0028D0D0002488
:10EB8000CEE73CB9B4F1000818BF4FF00108404689
:10EB9000BDE8F0813946084809F044FAF2E74FF041
:10EBA0000408F4E74FF00308F1E700BF88000020F5
:10EBB0009DCA0020ECDE020818DF02082DE9F041B2
:10EBC000002A43D080460F461646234B1B7813F08D
:10EBD000010F3DD1204B1C7814F004043AD11F4A98
:10EBE000936943F0005393611D4B1B7813F0040F9E
:10EBF00000D14F02002509E0FFF722FCFFF758FC87
:10EC0000E6B12946174809F00DFA0135012D11DC4E
:10EC1000FFF710FC012EEFD139465820FFF784FC96
:10EC20000028E9D1FE214046FFF75AFE0028E3D034
:10EC30000026E1E72EB9341E18BF01242046BDE8A6
:10EC4000F0813946084809F0EDF9F4E70424F5E7C6
:10EC50000324F3E70224F1E78800002000080240C3
:10EC60009DCA002034DF02084CDF020870B586B070
:10EC70000E46052814D005465F4B1C7814F001049D
:10EC800040F0B780FFF7D6FB0D2D00F29D80DFE846
:10EC900005F06420609B9B9B9B9B9B9B9B6B7A8955
:10ECA0000C78012C0CD0022C0ED00CB1042496E070
:10ECB000FFF734FC002800F09280FFF729FC8EE07B
:10ECC000FFF778FC00248AE0FFF728FC707000242E
:10ECD00085E0002131604920FFF726FC044608B199
:10ECE0002C4672E0102101A8FFF752FD002879D0D0
:10ECF0009DF804309B09012B1FD09DF8092002F0DC
:10ED00000F029DF80E3002EBD3129DF80D305B0020
:10ED100003F006031A449DF80C309DF80B109B0974
:10ED200003EB81039DF80A10890201F440610B4452
:10ED30000133073A9340336047E09DF80D309DF86A
:10ED40000C2003EB02239BB201339BB29B02336086
:10ED50003BE04FF40073338037E0FFF7C5FB044618
:10ED6000FF2832D12C4630E000214920FFF7DCFBA0
:10ED7000044608B1012428E010213046FFF708FDC1
:10ED800018BB012421E000214A20FFF7CDFB0446F7
:10ED900008B1012419E010213046FFF7F9FCA0B9B1
:10EDA000012412E000217A20FFF7BEFB044638B1AF
:10EDB00004240AE0FFF77CFB06F8010B0134E4B2FF
:10EDC000032CF7D9042400E004240C4B1B689B6837
:10EDD00013F0800FF9D1FFF733FB012C04D020464C
:10EDE00006B070BD2C46F0E72946054809F01AF92F
:10EDF000F5E70324F3E700BF88000020A40B0120FF
:10EE000068DF0208024AD36843F08803D360704782
:10EE100000100140024AD36823F08003D36070479A
:10EE20000010014008B5104A536C43F010035364BE
:10EE30000E480F4B03604FF4E133436000238360BF
:10EE4000C36003610C2242618361C361F5F728FD51
:10EE500008B9002304E0074809F06AF9FEE7013326
:10EE6000B3F5004FFBD308BD003802403803012042
:10EE70000010014084DF020808B5FFF7D3FF25200A
:10EE8000F3F7B2FB054B064A1A60064B064A1A60B6
:10EE9000064AD36843F02003D36008BDA4CA00200B
:10EEA000B0CA0020A8CA0020B0D200200010014043
:10EEB00038B504460D46FEF74EFA013000232354C0
:10EEC0002046FEF748FA255438BD000010B5454BE2
:10EED0001B68454A934203D302F50062934208D966
:10EEE000424809F025F9424B1B6813F0010F31D05D
:10EEF00000BE404B1B68404A934203D302F5806238
:10EF0000934208D93D4809F013F9394B1B6813F0B7
:10EF1000010F2CD000BE3A4B1B6813F0200F42D0DB
:10EF2000374B5C68E4B23E2C2ED00D2C2CD00A2C32
:10EF30002AD0A4F12003DBB25E2B34D8294B1B6806
:10EF4000304A934247D2591C264A11601C70002255
:10EF50005A7028E02C4B45F255521A6004225A6030
:10EF60004FF6FF729A604CF6CC421A60FEE7264BD1
:10EF700045F255521A6004225A604FF6FF729A60A9
:10EF80004CF6CC421A60FEE721461748FFF790FF87
:10EF90003E2C1BD01D4B1B6813B11D4B01221A7058
:10EFA000104B114A1A60164B1B6813F0800F0CD0DF
:10EFB000184B1B789BB10F490A68501C08601178E8
:10EFC0000F4A5160013B134A137010BD0A210648D5
:10EFD000FFF76EFFDEE7034B034A1A60E3E7FFF734
:10EFE00019FFF2E7A4CA0020B0CA00209CDF020883
:10EFF000F0ED00E0A8CA0020B0D20020B0DF020887
:10F0000000100140B0D2002000300040A0CA002013
:10F01000ACCA0020B0D6002010B5094B1860094CCE
:10F020003C23238041682046FEF7FEF8064B1C6017
:10F030002046FEF790F9054B1870FFF7E3FE10BD70
:10F04000A0CA0020B0D20020A8CA0020B0D600205C
:10F0500010B50848FEF73CFBFFF70EFF064C2046B4
:10F06000FEF7DEFA2046FEF733FB6420FBF7B8FE1E
:10F0700010BD00BFD0DC0208D8DB020800B585B0A7
:10F0800000220C210A20FBF709F904462849FBF766
:10F09000D1FB284B1C6000220C210120FBF7FEF85D
:10F0A0002549FBF7C7FB0120FBF7D0F900231A46DF
:10F0B0001946FBF725F9FFF7CBFF2BE0BDF804302D
:10F0C000B3F5487F0AD040F2145293420DD000238A
:10F0D0001A4632210398FEF78DF913E001A8FFF7D5
:10F0E0009BFF164B00221A700CE0FFF7B1FF09E0FE
:10F0F0000023134A4FF461710398FEF77BF90F4B1D
:10F1000000221A700F4B4FF080521A60BFF34F8FDE
:10F11000BFF36F8F00231A4601A906480068FBF76A
:10F1200073FA0128CAD0054B1B78002BEAD0DFE721
:10F13000DCDB0208B4D60020E4DB0208ACCA002005
:10F14000B0CA002004ED00E004207146084203D05C
:10F15000EFF3098000F046B9EFF3088000F042B900
:10F1600008B5284B284A03E052F8041B43F8041B57
:10F1700026498B42F8D3264B02E0002243F8042BA9
:10F18000244A9342F9D3244B244A03E052F8041B47
:10F1900043F8041B22498B42F8D302E0002243F8D3
:10F1A000042B204A9342F9D31F4B204A9A60204AED
:10F1B000072151601F4991601F49D1605A6942F08F
:10F1C00010025A6103F0ECF91C4B1B6813F0010F9D
:10F1D00000D1FEE71A4808F0ABFF184B1B6813F08C
:10F1E000010F01D000BEFEE7164B45F255521A60E2
:10F1F00004225A604FF6FF729A604CF6CC421A60B5
:10F20000FEE700BF00000020E00D0308E002002040
:10F21000E0020020802E012000000010C010030832
:10F22000000000100000011000ED00E000000108E7
:10F23000002004E0FF19E00603000700F0ED00E005
:10F24000C8DF0208003000400B4808F071FF0B4B8C
:10F250001B6813F0010F01D000BEFEE7084B45F21A
:10F2600055521A6004225A604FF6FF729A604CF6AB
:10F27000CC421A60FEE700BFDCDF0208F0ED00E0E0
:10F2800000300040FFF7E0FFFFF7DEFFFFF7DCFF95
:10F29000FFF7DAFFFFF7D8FFFFF7D6FFFFF7D4FF3E
:10F2A000FFF7D2FFFFF7D0FFFFF7CEFFFFF7CCFF4E
:10F2B000FFF7CAFFFFF7C8FFFFF7C6FFFFF7C4FF5E
:10F2C000FFF7C2FFFFF7C0FFFFF7BEFFFFF7BCFF6E
:10F2D000FFF7BAFFFFF7B8FFFFF7B6FFFFF7B4FF7E
:10F2E000FFF7B2FFFFF7B0FFFFF7AEFFFFF7ACFF8E
:10F2F000FFF7AAFF054B5B6913F4806F03D0034B44
:10F300004FF480625A61FFF79FFF00BF003C01404D
:10F31000FFF79AFFFFF798FFFFF796FFFFF794FFBD
:10F32000FFF792FFFFF790FFFFF78EFFFFF78CFFCD
:10F33000FFF78AFFFFF788FFFFF786FFFFF784FFDD
:10F34000FFF782FFFFF780FFFFF77EFFFFF77CFFED
:10F35000FFF77AFFFFF778FFFFF776FFFFF774FFFD
:10F36000FFF772FFFFF770FFFFF76EFFFFF76CFF0D
:10F37000FFF76AFFFFF768FFFFF766FFFFF764FF1D
:10F38000FFF762FFFFF760FFFFF75EFFFFF75CFF2D
:10F39000FFF75AFFFFF758FFFFF756FFFFF754FF3D
:10F3A000FFF752FFFFF750FFFFF74EFFFFF74CFF4D
:10F3B000FFF74AFFFFF748FFFFF746FFFFF744FF5D
:10F3C000FFF742FFFFF740FFFFF73EFFFFF73CFF6D
:10F3D000FFF73AFFFFF738FFFFF736FFFFF734FF7D
:10F3E000FFF732FF8EB002680D9242680C9282687D
:10F3F0000B92C2680A920269099242690892826974
:10F400000792C3690693134B1B680593124B1B6845
:10F410000493124B1B680393114B1B680293114B0F
:10F420001B680093104B1B680193104B1B6813F073
:10F43000010F02D000BE0EB070470D4B45F2555281
:10F440001A6004225A604FF6FF729A604CF6CC4262
:10F450001A60FEE728ED00E02CED00E030ED00E062
:10F460003CED00E034ED00E038ED00E0F0ED00E0D0
:10F4700000300040174B1B6803B17047F0B587B0F0
:10F48000144B01221A6000240094134B9A6B42F033
:10F4900001029A639B6B03F001030093009B4FF6FC
:10F4A00080730193022702970394032604960C2588
:10F4B000059501A90948F3F7E1F84CF6B3730193F8
:10F4C000029703940496059501A90548F3F7D6F829
:10F4D00007B0F0BDBCD6002000380240001002404A
:10F4E000000C024008B50B4B1B6803B108BD094B6B
:10F4F00001221A60084A936B23F0010393634FF6CD
:10F5000080710648F3F7ACF94CF6B3710448F3F791
:10F51000A7F9EBE7B8D600200038024000100240FF
:10F52000000C024008B50320F3F718F8002211463A
:10F530006FF00B00F3F724F8002211466FF00A0079
:10F54000F3F71EF8002211466FF00900F3F718F8E0
:10F55000002211466FF00400F3F712F80022114662
:10F560006FF00300F3F70CF800220F216FF0010099
:10F57000F3F706F800220F214FF0FF30F3F700F801
:10F5800008BD000002680F4B9A4200D0704700B5DA
:10F5900087B00021009103F58C335A6C42F48072DD
:10F5A0005A645B6C03F480730093009B0F230193F8
:10F5B00003230293039101A90348F3F75FF807B00F
:10F5C0005DF804FB00200140000002400268044B8B
:10F5D0009A4200D07047034B01221A60FAE700BF3D
:10F5E000002800403C0E4742F0B589B00368244A29
:10F5F000934204D0234A93421BD009B0F0BD0021AE
:10F600000191214B5A6C42F480525A645B6C03F4B2
:10F6100080530193019BE0230393022304930591FC
:10F62000032306930523079303A91848F3F726F845
:10F63000E3E700240294144B1A6C42F480421A64EB
:10F640001B6C03F480430293029B0C230393022759
:10F650000497059403260696052507950DEB0301EF
:10F660000B48F3F70BF84FF44053039304970594BA
:10F670000696079503A90748F3F700F8BDE700BF12
:10F6800000300140003800400038024000000240D5
:10F69000000802400004024082B00268114B9A4206
:10F6A00005D002680F4B9A420ED002B0704700237B
:10F6B00000930D4B5A6C42F480325A645B6C03F435
:10F6C00080330093009BECE700230193064B5A6CB8
:10F6D00042F002025A645B6C03F002030193019B47
:10F6E000E3E700BF004001400038024010B586B09B
:10F6F00004460268124B9A4205D02268114B9A4286
:10F700000FD006B010BD40230193022302930023C3
:10F71000039304930323059301A90B48F2F7AEFF6B
:10F72000EBE78023019302230293002303930493C6
:10F730000323059301A90548F2F7A0FFE1E700BF05
:10F740000040014000040140001002400008024057
:10F75000F0B589B00368344A934207D0334A9342E4
:10F7600020D0334A934243D009B0F0BD0023009328
:10F77000304B1A6C42F400221A641B6C03F4002311
:10F780000093009B4FF440630393022304930123EF
:10F790000593032306930823079303A92648F2F74A
:10F7A0006DFFE1E700230193224B1A6C42F48012B3
:10F7B0001A641B6C03F480130193019B4FF4805374
:10F7C000039302270497012605960325069508242E
:10F7D000079403A91848F2F751FF042303930497F1
:10F7E00005960695079403A91448F2F747FFBBE76F
:10F7F000002302930F4B5A6C42F010025A645B6C68
:10F8000003F010030293029B4FF4C063039302239F
:10F81000049301230593032306930723079303A966
:10F820000748F2F72BFF9FE7004C004000500040D4
:10F83000001001400038024000080240000C024065
:10F840000000024008B5FFF715FE08BD08B5FFF738
:10F8500049FE08BD7047FEE7FEE7FEE7704708B5C2
:10F86000F2F7CCFBFAF756F9FDF7ECFE07F04AF990
:10F8700008BD000000B585B000220C210A20FAF76F
:10F880000DFD04461249FAF7D5FF124B1C60002209
:10F890000C210120FAF702FD0F49FAF7CBFFFDF723
:10F8A000CBFF04E0FEF7AAF80520FBF799FA002346
:10F8B0001A4601A907480068FAF7A6FE0128F1D107
:10F8C00000231A4632210398FDF794FDECE700BFB0
:10F8D000ECDF0208C0D60020F0DF0208154BB3F8B9
:10F8E00080349BB203B3134BD3F88824511CC3F864
:10F8F00088141178104A5160D3F8882403F5906376
:10F900009A4203D3A3F59063C3F88834094BB3F844
:10F9100080349BB23BB1074AB2F880349BB2013BC2
:10F920009BB2A2F880347047034AD36823F0800367
:10F93000D360704750DB002000500040C0F88404C2
:10F94000C0F888040023A0F88034B3F5906F03DA80
:10F950000022C2540133F8E770470000104BB3F89F
:10F9600080340BB90020704772B60D4BD3F8882451
:10F97000511CC3F8881412780270D3F8882403F558
:10F9800090639A4203D3A3F59063C3F88834044A82
:10F99000B2F88034013BA2F8803462B6012070478F
:10F9A000C4D60020204BB3F880342BB10021B3F52E
:10F9B000906F03D3002070470121F8E710B472B6AE
:10F9C000194BD3F88424541CC3F884441070D3F822
:10F9D000842403F590639A4203D3A3F59063C3F89C
:10F9E0008434114AB2F8803401339BB2A2F88034D7
:10F9F000B3F5906F0DD362B60B4BB3F8803443B1BF
:10FA00000A4B4FF080521A60BFF34F8FBFF36F8FD6
:10FA1000F2E721B1064AD36843F08803D36062B6A7
:10FA200001205DF8044B704750DB002004ED00E03E
:10FA30000050004010B50446207818B10134FFF79B
:10FA4000B1FFF9E7012010BD10B5204B1C6814F080
:10FA5000800F0AD114F0200F04D014F00F0F07D03C
:10FA60001A4B5B68BFF34F8F10BDFFF737FFF1E70D
:10FA7000164B5A68D2B2164BB3F8803433B1144BDC
:10FA8000D3F88814D3F884349942EBD0104BD3F8D0
:10FA90008414481CC3F884040A70D3F8842403F542
:10FAA00090639A4203D3A3F59063C3F88434084A61
:10FAB000B2F8803401339BB2A2F88034B3F5906F72
:10FAC000D0D31046FFF73AFFCCE700BF005000400C
:10FAD000C4D6002008B50748FFF730FF0648FFF7F7
:10FAE0002DFF064B42F22C02DA603520F2F77CFD46
:10FAF00008BD00BFC4D6002050DB002000500040ED
:10FB000010B50446F5F7ECFD0028FBD12046FDF7C3
:10FB100022FC81B22046F5F7D1FDF5F7EBFD10BDD3
:10FB200008B500210348F5F7C9FD0348F5F7D0FDF6
:10FB3000002008BD60E00020E0DF002000207047CA
:10FB4000202803D021280ED0002070470B784A7857
:10FB500003EB02238A7803EB0243CA7803EB0263C8
:10FB6000094A1360F0E7084B1B680B70C3F30722C8
:10FB70004A70C3F307428A701B0ECB7000230B71CF
:10FB80004B7108238B71DFE7940000200C4B1B881E
:10FB9000A3B110B40B4C21684A1C22600978017093
:10FBA000013B07490B80084B9A4203D001205DF8C6
:10FBB000044B7047054A22600120F8E70020704797
:10FBC000DCDF002090000020E0E40020E0E00020E6
:10FBD00070B506460C460B680022C2540A680146FE
:10FBE000134808F01FFA2168334608E0114A12480A
:10FBF0001060104A1068114A1268904211D00A46EB
:10FC0000013972B10B480268541C046013F8010BEF
:10FC100010700B4D2A8801322A800A4A9442E8D19A
:10FC2000E4E73046F5F754FDF5F77AFD002070BDA6
:10FC3000FCDF02088C000020E0E0002090000020A3
:10FC4000DCDF0020E0E4002030B587B04FF4404313
:10FC500001930225029500240394032304930C23AB
:10FC6000059301A90B48F2F709FD00940A4B1A6BA2
:10FC700042F000521A631B6B03F000530093009B89
:10FC8000224629464D20F2F77BFC4D20F2F7ACFCD2
:10FC900007B030BD000402400038024008B5074AF2
:10FCA000136B23F0005313634FF440410448F2F701
:10FCB000D7FD4D20F2F7A4FC08BD00BF003802407C
:10FCC0000004024008B5F6F7DDFA044AD2F8003E17
:10FCD00043F00103C2F8003E08BD00BF000004402D
:10FCE00008B5164B164AC3F89C2104221A6001225B
:10FCF0009A600022DA6040221A6102225A61F2F709
:10FD0000BBFEB0B94FF48070F3F77EFA802100207B
:10FD1000F3F74CFA80210120F3F748FA8021022002
:10FD2000F3F744FA4FF480710320F3F73FFA002011
:10FD300008BD9321034802F007FCE3E7800501209A
:10FD40007803012014E0020810F0800F09D100F0C0
:10FD50007F00C0EBC000074B03EB800090F8C200AF
:10FD6000704700F07F00C0EBC000024B03EB800047
:10FD7000807E704780050120122303800048704771
:10FD8000A0E0020804230380004870479800002088
:10FD900010B50246034C21460348F6F7CDFC204639
:10FDA00010BD00BFE0E4002034E0020810B50246B8
:10FDB000034C21460348F6F7BFFC204610BD00BFA8
:10FDC000E0E4002058E0020810B50246034C21464A
:10FDD0000348F6F7B1FC204610BD00BFE0E4002068
:10FDE0006CE0020810B50246034C21460348F6F7C2
:10FDF000A3FC204610BD00BFE0E400207CE0020828
:10FE000010B50246034C21460348F6F795FC204600
:10FE100010BD00BFE0E400208CE0020862230380F4
:10FE200000487047B4E0020808B5F5F785FC00B15A
:10FE300008BDF5F7AFFBFBE708B5F5F78CFCF5F768
:10FE4000CBFB08BD08B5F6F739F908BD08B503784E
:10FE500003F00303012B09D0022B04D1838803F0A4
:10FE60007F03032B05D0F5F7C5FB08BD8288002A68
:10FE7000F2D1F5F77BFCF8E708B5032802D0F5F7D7
:10FE8000EFFB08BDF5F75EFD0020FAE708B5032893
:10FE900002D0F5F7EDFB08BDF5F7C4FD0020FAE749
:10FEA00008B5F5F7F5FB08BD08B5F6F7F7F8F6F76E
:10FEB00011F9034A936B43F40013936308BD00BF29
:10FEC00000000440034B93F8F401032814BF002002
:10FED000012070477803012030B589B005460C46F3
:10FEE00069460120FEF7C2FE009B2B604FF40073B1
:10FEF0002380002009B030BD0020704700207047EB
:10FF000008B5FFF7FDFD08BD10B586B00DF117006F
:10FF1000FFF73CFE002834D01F4B1A681F4B9A4253
:10FF200031D09DF817203C2A32D01B490B68581C51
:10FF300008601A7000225A709DF817303E2B06D0C8
:10FF40000A2B04D00D2B02D0154B984219D1134C1B
:10FF50002146144808F066F84FF0FF33029300235F
:10FF60000193009464231A460F4909680F480068FA
:10FF7000FDF7FAF921460E4808F054F82046FFF73D
:10FF8000BFFD06B010BD9DF817303C2BF9D1C8E776
:10FF9000014B02491960C8E7A0000020E0E60020FC
:10FFA00060E700203CE1020860E7002070080120C3
:10FFB00048E1020800B585B000220C210A20FAF7BA
:10FFC0006DF904462449FAF735FC244B1C600022E5
:10FFD0000C210120FAF762F904462149FAF72AFCBC
:10FFE000204B1C60FFF760FF6420F2F715F801203A
:10FFF000FAF7F6FE18E00298FFF782FF00231A4690
:020000040802F0
:100000004FF49B710398FDF7F5F905E00298FFF7AF
:1000100077FD01E0FFF778FF134B4FF080521A6035
:10002000BFF34F8FBFF36F8F00231A4601A90B4810
:100030000068FAF7E9FA0128ECD1BDF80430B3F50D
:10004000967FD8D0B3F57A7FE0D000231A463221CC
:100050000398FDF7CFF9DFE754E1020864E70020D9
:1000600058E1020860E7002004ED00E02DE9F041CE
:1000700005460C4690461F46BDF81860194B1A8875
:10008000824201D8551EADB2174B1B88A34201D83E
:100090005C1EA4B2424502D8013A1FFA82F8BB4264
:1000A00001D8013B9FB2454502D84346A8461D46AC
:1000B000BC4202D83B4627461C4623462A463946C0
:1000C0004046FDF793F8094B1968A5EB0805E31BBB
:1000D000013305FB033313B10E80013BFBE7BDE8A1
:1000E000F08100BF100301200E030120500000200A
:1000F0002DE9F04182B005460E4614461F46BDF874
:100100002080CDF800800246FFF7B0FFCDF80080D8
:100110003B46224639462846FFF7A8FFCDF8008027
:100120003B46224631462046FFF7A0FFCDF800802F
:100130003346224631462846FFF798FF02B0BDE815
:10014000F0810000014B1888704700BF10030120A8
:10015000014B1888704700BF0E030120004870470C
:100160005828004010B501F09FFF074B03E053F8FB
:10017000041B064A1160064A9342F8D9034B1C68D7
:1001800001F0A0FF204610BD58280040003002407A
:100190009B28004010B582B0019001F085FF00233C
:1001A00007E002AA02EB830252F8041C064A11601F
:1001B0000133102BF5D9044B1C6801F083FF019B20
:1001C0005C6402B010BD00BF0030024008B5FFF70C
:1001D000C9FF024BC3F89C0008BD00BF00280040C7
:1001E00010B50F4BD3F89C40FFF7BCFF844215D0ED
:1001F0000C4B01221A6000210B4A0C4B112905D827
:1002000053F8040B42F8040B0131F7E7FFF7AAFF9C
:10021000034BC3F89C00034B00221A6010BD00BFC3
:100220000028004020000E425828004064E10208E7
:1002300010B5002305E0084A52F8232040F8232097
:100240000133132BF7DD446CFFF78CFF844214BF9E
:100250000020012010BD00BF58280040044B01229F
:100260001A60044BCA225A6253225A62704700BF76
:1002700020000E4200280040034BFF225A62034B2D
:1002800000221A60704700BF0028004020000E4284
:1002900010B50446FFF7E2FF0023112B06DC54F8EB
:1002A0002310054A42F823100133F6E7FFF78EFFCB
:1002B000FFF7E2FF10BD00BF5828004070B50646AA
:1002C0000C4615460748FFF7B3FF631E2CB1054ADD
:1002D000AE54360A01351C46F7E70248FFF7D8FF4F
:1002E00070BD00BF2007012072B6BFF34F8F0549D4
:1002F000CA6802F4E062044B1343CB60BFF34F8F34
:1003000000BFFDE700ED00E00400FA05704703467A
:1003100000F07F0013F0600F04D07F2800D07047FA
:100320002E2070472E20FAE77047000000B583B0FA
:1003300001AA034907F06AFF03B05DF804FB00BFA0
:10034000A0E3020810B50446094B9A68094B1B68E4
:100350009A4206D0064B9A68074B1B689A4203D014
:1003600010BDFFF767FBF5E72046FFF7C9FBF7E78E
:1003700078E700201C00012060E7002010B5002471
:1003800008E004EB44039A00044B13449868FFF719
:10039000D9FF01342E2CF4D910BD00BFECF10208B6
:1003A00008B5044B1B68044A12680449044807F066
:1003B00009FF08BD40F6020860F60208ACE1020839
:1003C0007007012008B5054B1B782BB1044A05497D
:1003D000054807F0F7FE08BD044AF8E7ACB800206E
:1003E000ECEC0208C0E1020870070120BCE1020841
:1003F00008B5034B1A780349034807F0E3FE08BD2C
:1004000068E70020D4E102087007012010B588B029
:100410000E4B0F4A1068186012791A7100240B2CC9
:100420000BDC0C4B1A5D0C49684607F0CBFE6946A5
:100430000648FCF7F9FE0134F1E7044C2046FCF7CE
:100440008AFF064B1B88235208B010BD700701209D
:10045000E8E10208107AFF1FF0E1020840E5020817
:1004600010B584B001460C4C2046FCF76BFF6423AA
:1004700002930023019300944FF461734FF4487288
:100480000649096806480068FCF76EFF21460548E2
:10049000FCF758FF04B010BDD4ED002024EE00207E
:1004A000B4D600207007012000B589B003A8FDF77D
:1004B00077FF9DF80C209DF80D309DF80E109DF8EB
:1004C0000F0018B90B2A0BD9064800E00548019027
:1004D00000910549054807F075FE09B05DF804FB79
:1004E0000348F4E7F8E1020800E20208700701207F
:1004F000FCE1020800B585B003A8FDF75BFF9DF89D
:100500000C109DF80D209DF80F3003F5FA63019350
:1005100000929DF80E30054A52F821200449054802
:1005200007F050FE05B05DF804FB00BF2CF4020894
:1005300020E2020870070120132803D8024B53F869
:100540002000704701487047B800002040E20208D0
:1005500008B501460148FCF7F5FE08BD700701200B
:1005600030B597B00446FFF7F9FD05462046FCF785
:10057000F2FE4F2858D8214602A8FCF7E3FE02A855
:10058000FCF7E9FE431E16AA1344002203F8502C80
:10059000604902A807F0AAFE002849D05E4902A8D7
:1005A00007F0A4FE00284DD05C4902A807F09EFE8B
:1005B000002850D05A4902A807F098FE002856D0CB
:1005C000584902A807F092FE00285CD0564902A8BC
:1005D00007F08CFE002862D0544902A807F086FE7E
:1005E000002868D0524902A807F080FE00286ED08B
:1005F000504902A807F07AFE002874D04E4902A89C
:1006000007F074FE002877D04C4902A807F06EFE70
:1006100000287AD105F12402494902A807F0D2FD49
:1006200002A8FFF795FF0BE04648FFF791FFA2E70E
:100630002A78454902A807F0C5FD02A8FFF788FF00
:1006400017B030BD6A78414902A807F0BBFD02A887
:10065000FFF77EFFF4E72A796B79A97900913C498D
:1006600002A807F0AFFD02A8FFF772FFE8E7EA79FA
:100670002B7A697A0091374902A807F0A3FD02A8F6
:10068000FFF766FFDCE7AA7AEB7A297B0091324913
:1006900002A807F097FD02A8FFF75AFFD0E76A7B90
:1006A000AB7BE97B00912D4902A807F08BFD02A8E6
:1006B000FFF74EFFC4E72A7C6B7CA97C0091284998
:1006C00002A807F07FFD02A8FFF742FFB8E7EA7C27
:1006D0002B7D697D0091234902A807F073FD02A8D4
:1006E000FFF736FFACE7AA781F4902A807F06AFDBA
:1006F00002A8FFF72DFFA3E7EA781C4902A807F03C
:1007000061FD02A8FFF724FF9AE70E48FFF720FFDC
:1007100096E700BF58E2020878E2020894E2020875
:10072000B4E20208D0E20208ECE2020808E30208A0
:1007300024E302083CE3020860E3020884E30208C1
:100740008CE3020850E2020864E2020884E2020834
:10075000A0E20208BCE20208D8E20208F4E20208C1
:1007600010E302082CE302084CE3020870E30208DD
:1007700000B587B003AB009304AB05AA0E4907F0A0
:1007800045FD032809D1039A642A06D8049944F246
:100790006823994201D8132905D80848FFF7D8FEE5
:1007A00007B05DF804FB92B289B2059801F084FEAF
:1007B0000348FFF7CDFEF3E798E3020850E2020892
:1007C00058DC020870B5A8B0FFF7C8FC0146482203
:1007D00016A8FCF75AFD864C864B93E8070084E880
:1007E00007009DF85820844902A807F0EBFC02A9F5
:1007F0002046FCF719FD814D9DF85920294602A895
:1008000007F0E0FC02A92046FCF70EFD9DF85A20F7
:10081000294602A807F0D6FC02A92046FCF704FDF1
:100820009DF85B20294602A807F0CCFC02A92046CF
:10083000FCF7FAFC9DF85E30714E00939DF85D3038
:100840009DF85C20314602A807F0BCFC02A92046B6
:10085000FCF7EAFC9DF8613000939DF860309DF84C
:100860005F20314602A807F0ADFC02A92046FCF744
:10087000DBFC9DF8643000939DF863309DF86220A6
:10088000314602A807F09EFC02A92046FCF7CCFCEA
:100890009DF8673000939DF866309DF865203146DD
:1008A00002A807F08FFC02A92046FCF7BDFC9DF8CA
:1008B0006A3000939DF869309DF86820314602A89F
:1008C00007F080FC02A92046FCF7AEFC9DF86D30D5
:1008D00000939DF86C309DF86B20314602A807F01C
:1008E00071FC02A92046FCF79FFC1FAA454902A8FB
:1008F00007F068FC02A92046FCF796FC9DF86E20E4
:10090000294602A807F05EFC02A92046FCF78CFCF1
:100910009DF86F20294602A807F054FC02A9204642
:10092000FCF782FC9DF87020294602A807F04AFCDB
:1009300002A92046FCF778FC9DF87120294602A800
:1009400007F040FC02A92046FCF76EFC9DF87220DF
:10095000294602A807F036FC02A92046FCF764FCF1
:100960009DF87320294602A807F02CFC02A9204616
:10097000FCF75AFC9DF87420294602A807F022FCD7
:1009800002A92046FCF750FC9DF87820294602A8D1
:1009900007F018FC02A92046FCF746FC9DF87920D8
:1009A000294602A807F00EFC02A92046FCF73CFCF1
:1009B0009DF87A20294602A807F004FC02A92046E7
:1009C000FCF732FC9DF87B20294602A807F0FAFBD1
:1009D00002A92046FCF728FC2046FCF7BCFC0A4B89
:1009E0001B8823522046FFF7B3FD28B070BD00BF1F
:1009F00084F10020A4E30208ACFF0208B0E302087F
:100A0000B4E30208C0E3020840E50208034B044ACD
:100A10001068186092889A80704700BF70070120A4
:100A200058DC020800B587B0F1F7F0FA0246064933
:100A300001A807F0C7FB01A8FEF7EEFAFFF7E6FFF3
:100A400007B05DF804FB00BFC4E30208F0B595B041
:100A50000746012201462C48F5F7F2FE00284FD147
:100A600000252DE06846FCF776FC0DEB0002274BD5
:100A700019889B782DF80010937000240F2C0EDC41
:100A800004F13B062B19204AD05CFFF740FC0246DC
:100A90001F490DEB060007F095FB0134EEE76846B1
:100AA000FCF759FC1B4B1B882DF800301A4B9A6839
:100AB0001A4B1B689A421BD06846FFF721F8103585
:100AC000B5F5007F18DA05EB47221549684607F0AF
:100AD00079FB00240F2CC5DC04EB440009302B19F2
:100AE000094AD25C0F49684407F06CFB0134F1E716
:100AF0006846FAF78BFEE2E7FFF788FF15B0F0BD16
:100B00000948FFF725FDF9E7D0E70020D4FF0208E8
:100B1000DCE3020888FB020878E700201C000120C3
:100B2000CCE30208D4E30208E0E3020808B5034B73
:100B3000186801301860FFF789FF08BDCCE7002076
:100B400008B5074A074907F061FB012803D00648AA
:100B5000FFF7FEFC08BD024B1868FFF777FFF9E7C7
:100B6000CCE70020A0E30208FCE3020800B589B04E
:100B700060B1FFF7E1FC02460649684607F022FB38
:100B80006846FFF7E5FC09B05DF804FBFFF73EFFA0
:100B9000F9E700BF18E4020800B59DB014A9F8F702
:100BA00013FB40B99DF858200449684607F00AFB3A
:100BB0001DB05DF804FBFFF7D9FFF9E724E4020854
:100BC00008B50348F7F79BFFFFF7D0FF08BD00BF4C
:100BD00058EF002000B595B001466846FCF7B2FB1F
:100BE0006846FCF7B8FB013814AB1844002300F842
:100BF000503C6846F8F798FBFFF7B8FF15B05DF872
:100C000004FB00B595B001466846FCF79BFB6846BF
:100C1000FCF7A1FB013814AB1844002300F8503C4A
:100C20006846F8F700FBFFF7A1FF15B05DF804FB7D
:100C300000B5B3B0204B1B68EBB1204B4FF4806282
:100C40001F492048F7F70EFCD8B91C4B1B680BB3A3
:100C50001B48FFF777FB194B1A681B490B681344B5
:100C60000B601A4900911A4902A807F0ABFA02A8D2
:100C7000FFF76EFC02E01748FFF76AFC33B05DF83F
:100C800004FBFFF773FF0F48F7F739FF0A4B002209
:100C90001A60F3E70B48F7F732FF074B00221A60A0
:100CA000094B1B68094A0C4902A807F08BFA02A8F5
:100CB000FFF74EFCE2E700BF54EF0020D0ED00202C
:100CC000D0E9002058EF002084F200202CEE002014
:100CD0004CE4020834E4020874E4020810B5B2B02F
:100CE00001462A4C2046FCF72DFB2046FCF733FB3F
:100CF000013800232354012221462548F7F7AEFA94
:100D000018BB244B01221A60234B00221A60234B8C
:100D10004FF4806222491E48F7F7A4FBE0B91F4B4D
:100D20001B6813B31E48FFF70DFB1C4B1A681A49CA
:100D30000B6813440B60154900911A4902A807F08B
:100D400041FA02A8FFF704FC04E0FFF70FFF114B84
:100D500000221A6032B010BDFFF708FF0C48F7F709
:100D6000CEFE0C4B00221A60F4E70948F7F7C7FEE5
:100D7000084B00221A60084B1B68044A0A4902A863
:100D800007F020FA02A8FFF7E3FBE3E72CEE0020D0
:100D900058EF002054EF002084F20020D0ED002016
:100DA000D0E900204CE4020874E4020810B582B0D7
:100DB0000446FCF7D0FA01AB421E21460348F7F780
:100DC0009BFCFFF7D3FE02B010BD00BF58EF002020
:100DD00000B595B001466846FCF7B4FA6846FCF7E2
:100DE000BAFA013814AB1844002300F8503C0A2228
:100DF00069460448F7F732FAFFF7B8FE15B05DF818
:100E000004FB00BF58EF002010B5ADF50C7D014686
:100E1000124C2046FCF796FA2046FCF79CFA013863
:100E2000002323540122214601A8F7F717FA28B11D
:100E3000FFF79CFE0FE00948FFF784FA01AA4FF480
:100E400080610648F8F7F8FB0028F4D101A8F7F70D
:100E500056FEFFF7DBFD0DF50C7D10BDD0E900203F
:100E6000044B054A106818609188927999809A71AC
:100E7000704700BF7007012050E2020810B5BEB0F5
:100E80000446FFF76BF9014648222CA8FCF7FDF950
:100E90002046FCF760FA4F286BD815AB019316ABD0
:100EA000009317AB18AAB649204607F0AFF90428FB
:100EB00062D0B44918A807F019FA002865D0B249E1
:100EC00018A807F013FA00286FD0B04918A807F047
:100ED0000DFA002870D0AE4918A807F007FA0028CC
:100EE00076D0AC4918A807F001FA00287CD0AA49AE
:100EF00018A807F0FBF9002800F08280A74918A87D
:100F000007F0F4F9002800F08780A54918A807F039
:100F1000EDF9002800F08C80A24918A807F0E6F946
:100F2000002800F09180A04918A807F0DFF90028F8
:100F300000F091809D4918A807F0D8F9002840F0EA
:100F40009B8005342046FCF706FA132800F29080B7
:100F5000214635A8FCF7F6F935A8FCF7FCF9431E45
:100F60003EAA1A4412F8242C3E2A7BD0FFF74EFDED
:100F700011E0FFF775FF90E7169B642B02D8159BD5
:100F8000012B96D9FFF76CFF0DE09DF85C308DF8D2
:100F9000B030FFF73BFD86498648FCF754F904461C
:100FA000002800F033813EB010BD9DF85C308DF814
:100FB000B130FFF72BFDEEE7179B8DF8B430169B91
:100FC0008DF8B530159B8DF8B630FFF71FFDE2E7C1
:100FD000179B8DF8B730169B8DF8B830159B8DF8A0
:100FE000B930FFF713FDD6E7179B8DF8BA30169B83
:100FF0008DF8BB30159B8DF8BC30FFF707FDCAE7B5
:10100000179B8DF8BD30169B8DF8BE30159B8DF863
:10101000BF30FFF7FBFCBEE7179B8DF8C030169B77
:101020008DF8C130159B8DF8C230FFF7EFFCB2E7A9
:10103000179B8DF8C330169B8DF8C430159B8DF827
:10104000C530FFF7E3FCA6E79DF85C308DF8B230C1
:10105000FFF7DCFC9FE79DF85C308DF8B330FFF7BD
:10106000D5FC98E73EAA1344002203F8242C7DE720
:101070005148FFF76DFA8EE7504918A807F036F986
:10108000002845D04E4918A807F030F9002846D06E
:101090004C4918A807F02AF9002847D04A4918A84F
:1010A00007F024F9002848D0484918A807F01EF98D
:1010B000002849D0464918A807F018F900284AD056
:1010C000444918A807F012F900284BD0424918A843
:1010D00007F00CF900284CD0404918A807F006F991
:1010E000002800F081803E4918A807F0FFF800288A
:1010F00000F081803B4918A807F0F8F8002840F07C
:1011000081809DF85C308DF8D230FFF77FFC42E79C
:101110009DF85C308DF8C630FFF778FC3BE79DF812
:101120005C308DF8C730FFF771FC34E79DF85C3018
:101130008DF8C830FFF76AFC2DE79DF85C308DF81C
:10114000C930FFF763FC26E79DF85C308DF8CA30A4
:10115000FFF75CFC1FE79DF85C308DF8CB30FFF7A4
:1011600055FC18E79DF85C308DF8CC30FFF74EFC4D
:1011700011E79DF85C308DF8D030FFF747FC0AE7A7
:1011800090E4020858E2020878E2020894E20208B9
:10119000B4E20208D0E20208ECE2020808E3020826
:1011A00024E302083CE3020860E3020884E3020847
:1011B00058DC0208700701209CE40208B4E402082D
:1011C000B8E40208BCE40208C0E40208C4E402086F
:1011D000C8E40208CCE40208D0E40208DCE4020817
:1011E000E8E40208F4E402089DF85C308DF8D130A0
:1011F000FFF70CFCCFE69DF85C308DF8D330FFF79D
:1012000005FCC8E60F48FFF7A3F9C4E6F2F702F8B9
:10121000FEF7A4FF0146482203A8FCF736F80A4A65
:101220002CAB112C05D853F8041B42F8041B0134D5
:10123000F7E7FEF797FF054BC3F89C00F1F7F8FFBF
:10124000B1E600BF50E202085028004000280040EC
:10125000014B1868704700BF0801002000B589B035
:1012600060230193FA2303FB00F30C4880FB032364
:101270005B11029300230393059304220DEB0201FB
:101280000748F3F7A4F830B904210548F3F71EF92D
:1012900009B05DF804FB00F01BFFF5E71F85EB517B
:1012A000640B012008B5094A094906F0AFFF01287F
:1012B00003D00848FFF74CF908BD044B1888FFF726
:1012C000CDFF0548FFF744F9F6E700BF080100200D
:1012D000A0E302080CE5020800E50208124B1B8897
:1012E000834220D010B588B004460F4B1880642884
:1012F00000D96424602301930C4B1B5D02930023EF
:1013000003930593082201A90948F3F760F838B957
:1013100008210748F3F7DAF8064B1C7008B010BD37
:1013200000F0D6FEF4E77047ACEE00204CF4020863
:101330007408012068E7002000B583B001AA0A49BB
:1013400006F064FF012802D10198642805DD0748F2
:10135000FFF7FEF803B05DF804FB80B2FFF7BEFFB5
:10136000FFF754FBF6E700BFACFF020824E50208D4
:1013700008B540F20223002208210448FBF702F8D6
:101380000020034B1870FFF7A9FF08BD00040240BE
:1013900068E7002030B406E0203B0DE0A34214D102
:1013A00001300131013A82B1037873B1134C1C5DF5
:1013B00004F00304022CEFD00C78104D655D05F0AD
:1013C0000305022DEAD1203CE8E7A2B100780B4BDF
:1013D000C35C03F00303022B09D00B78074A9A5C25
:1013E00002F00302022A04D0C01A30BC7047203831
:1013F000F3E7203BF8E70020F7E700BF160B0308F0
:101400002DE9F84380463E4B1B6813B100273D464B
:101410002AE0FAF763FF3B4C9F223B492046FBF74B
:1014200076FF002384F89F30354B01221A60EDE7E8
:10143000002634E0DFF8CC904846FEF783FF2644D0
:1014400037440135314B1868204418604046FAF79C
:1014500045FF9F222C494846FBF759FF002389F896
:101460009F30274B01221A60254BD3F80090B9F129
:10147000000F1FD0102226492248FFF78BFFC8B16A
:101480000E2224491F48FFF785FF98B1952D11DCE6
:101490001C48FBF760FF0446002DC9DD0126BB197F
:1014A0002344B3F5E06F05D8002DC3DD1A48FEF7DD
:1014B00049FFBFE7B9F1000F05D00E2215491148C9
:1014C000FFF768FF68B1B9F1000F05D0102210498D
:1014D0000C48FFF75FFF58B11048FFF739F8BDE837
:1014E000F883074B00221A600A48FFF731F8F6E745
:1014F000034B00221A600A48FFF72AF8EFE700BF03
:10150000B0EE0020B4EE00207007012028EE00208D
:1015100094DC0208A8DC020838E5020858DC02085E
:101520003CE5020870B504460026094B1E60FAF738
:101530007BFE084D9F2208492846FBF7E8FE85F808
:101540009F60064B01221A602046FFF759FF70BDCD
:1015500028EE0020B4EE002070070120B0EE00203D
:1015600010B5084B1C6802220749FFF713FFB0FAB9
:1015700080F35B09002240F214512046FBF73AFF4A
:1015800010BD00BFB4D60020D8DB0208F8B507466E
:1015900000242F2C1AD804EB44030D4A52F8236080
:1015A0003046FBF7D8FE0546024631463846FFF77F
:1015B000F1FE08B10134ECE704EB4404044B03EB07
:1015C00084046368781998470120F8BD0020FCE77F
:1015D000ECF1020838B504460F4B07C883E8070052
:1015E000FFF714FA6068FFF7D1FF70B10B4D284682
:1015F000FBF7B1FE0A4B1B882B5200232A464FF4FF
:101600007A71A068FBF7F6FE38BD626805490348A9
:1016100006F0D8FDEAE700BF6CE700207007012064
:1016200088FB020844E5020810B50446F1F7F2FD14
:101630000022094B112A07D8204650F8041B43F812
:10164000041B01320446F5E7FEF78CFD034BC3F89B
:101650009C00F1F7EDFD10BD582800400028004027
:1016600010B4044602681378303BDBB2092B01D971
:101670000132F8E7002007E0013200EB800003EBC5
:101680004003DBB2303BD8B21378A3F13001C9B2CA
:101690000929F1D922605DF8044B704710B4044663
:1016A00002681378303BDBB2092B01D90132F8E72D
:1016B000002007E0013200EB800003EB40039BB207
:1016C000303B98B21378A3F13001C9B20929F1D99E
:1016D00022605DF8044B704710B40446026813782A
:1016E000303BDBB2092B01D90132F8E7002005E0DD
:1016F00000EB8000013203EB400030381378A3F197
:101700003001C9B20929F3D922605DF8044B704752
:1017100010B51446022908D004290AD0012900D0A6
:1017200010BDFFF79DFF2070FAE7FFF7B7FF20809D
:10173000F6E7FFF7D1FF2060F2E7000030B583B095
:101740000190704C2246012101A8FFF7E1FF621CC5
:10175000012101A8FFF7DCFFA21C012101A8FFF76E
:10176000D7FFE21C012101A8FFF7D2FF221D0121B2
:1017700001A8FFF7CDFF621D012101A8FFF7C8FFF7
:10178000A21D012101A8FFF7C3FFE21D012101A84D
:10179000FFF7BEFF04F10802012101A8FFF7B8FF1F
:1017A00004F10902012101A8FFF7B2FF04F10A02C6
:1017B000012101A8FFF7ACFF04F10B02012101A8F0
:1017C000FFF7A6FF04F10C02012101A8FFF7A0FF1B
:1017D00004F10D02012101A8FFF79AFF04F10E02A6
:1017E000012101A8FFF794FF04F10F02012101A8D4
:1017F000FFF78EFF04F11002012101A8FFF788FF17
:1018000004F11102012101A8FFF782FF04F1120285
:10181000012101A8FFF77CFF04F11302012101A8B7
:10182000FFF776FF04F11402012101A8FFF770FF12
:1018300004F11502012101A8FFF76AFF04F1240554
:101840002A463149019806F0E1FC2846FBF783FD62
:1018500001382044002380F82430A07818284DD87F
:10186000284C04F11602012101A8FFF751FF04F1F1
:101870001702012101A8FFF74BFF04F11802012113
:1018800001A8FFF745FF04F11902012101A8FFF7A4
:101890003FFF04F11A02012101A8FFF739FF04F10B
:1018A0001B02012101A8FFF733FF04F11C020121F3
:1018B00001A8FFF72DFF04F12002012101A8FFF785
:1018C00027FF04F12102012101A8FFF721FF04F104
:1018D0002202012101A8FFF71BFF04F123020121CD
:1018E00001A8FFF715FF204604F05AFA2046FFF73B
:1018F0009BFE0648FEF72CFE03B030BDFFF7EEFC62
:10190000AEE700BF84E7002060E5020858DC02086B
:1019100008B500220C210A20F8F7C0FC044619493A
:10192000F8F788FF184B1C6000220C210120F8F703
:10193000B5FC04461549F8F77DFF154B1C6002E025
:101940001448FFF747FE00234FF0FF3211490E48BD
:101950000068F8F759FE0128F5D10E4B1B88642B5F
:10196000EED0B3F5617FEED10A4C606806F0E0FB83
:10197000002362684FF47A7107488068FBF73AFDEC
:10198000E1E700BF68E502087008012070E5020881
:1019900024EE002078E700206CE7002038B5124CD8
:1019A0002070124D29700120F8F750FD104B18607F
:1019B00000231A461946F8F7A3FC0022297820785C
:1019C00000F0CEF900222978207800F0ECF900220E
:1019D0002978207800F00AFA00222978207800F08F
:1019E0005DF9002038BD00BF8DF200208CF2002090
:1019F00088F2002010B50446F9F7E2FB01280BD06D
:101A000000234FF0FF3219460D480068F8F7FCFD3F
:101A1000012801D003240AE0012C14BF0022012276
:101A2000084B1978084B187800F038F90024002387
:101A30001A46194602480068F8F762FC204610BDB5
:101A400090F2002094F2002095F2002038B5124C5C
:101A50002070124D29700120F8F7F8FC104B186027
:101A600000231A461946F8F74BFC00222978207803
:101A700000F076F900222978207800F094F900220D
:101A80002978207800F0B2F900222978207800F037
:101A900005F9002038BD00BF95F2002094F2002027
:101AA00090F2002010B50446F9F78AFB01280BD00C
:101AB00000234FF0FF3219460D480068F8F7A4FDE7
:101AC000012801D003240AE0012C14BF00220122C6
:101AD000084B1978084B187800F0E0F80024002330
:101AE0001A46194602480068F8F70AFC204610BD5D
:101AF00098F200209CF200209DF2002038B5124C94
:101B00002070124D29700120F8F7A0FC104B1860CE
:101B100000231A461946F8F7F3FB002229782078AB
:101B200000F01EF900222978207800F03CF900220C
:101B30002978207800F05AF900222978207800F0DE
:101B4000ADF8002038BD00BF9DF200209CF20020BF
:101B500098F20020044B1A681073936813F0010F79
:101B6000FBD0D068C0B27047A8F2002070B5044620
:101B70000E4B1B689B6813F0020FF9D00C4E0D4DF5
:101B8000002231882868F0F70FFF4120FFF7E2FFBD
:101B90002046FFF7DFFF5520FFF7DCFF0446012258
:101BA00031882868F0F700FF204670BDA8F20020B9
:101BB000A4F20020A0F20020F8B505460C460F4B19
:101BC0001B689B6813F0020FF9D00D4F0D4E0022D9
:101BD00039883068F0F7E8FE4020FFF7BBFF284661
:101BE000FFF7B8FF2046FFF7B5FF0446012239880A
:101BF0003068F0F7D9FE2046F8BD00BFA8F20020FB
:101C0000A4F20020A0F20020044B1B68044A1268D2
:101C10001A60044A12685A60704700BFA8F2002098
:101C2000B0F20020B4F20020034B1B684FF4557251
:101C30001A6000225A607047A8F20020094B1B78F6
:101C400083420DD010B5044620B1012805D0054BC4
:101C50001C7010BDFFF7D8FFF9E7FFF7E5FFF6E7C7
:101C6000704700BFACF2002008B54FF47A71054B05
:101C7000D3F80C02F7F7E2FE08B1002008BD0120FE
:101C8000FCE700BFB008012008B5034BD3F80C02F5
:101C9000F7F706FF08BD00BFB008012070B5054684
:101CA0000C461646F9F78CFA012802D0FFF7DCFF44
:101CB000A0B10120FFF7C2FF2846FFF757FF4EB142
:101CC0000443E4B221462846FFF776FFFFF7DCFF26
:101CD000204670BD20EA0404E4B2F3E70324F7E7EA
:101CE00070B5194C2060194D2960194E32800120C1
:101CF000F8F7ACFB00231A461946F8F701FB01225E
:101D000031882868F0F750FE23681968114A11607D
:101D10005A68114B1A600024104B1C700120FFF709
:101D20008DFF21460A20FFF747FF21460B20FFF7D2
:101D300043FFFE212046FFF73FFF80210120FFF7F0
:101D40003BFF204670BD00BFA8F20020A0F200209B
:101D5000A4F20020B0F20020B4F20020ACF2002087
:101D600070B504460D461646F9F72AFA012802D046
:101D7000FFF77AFFA8B10120FFF760FF2046FFF7C9
:101D8000F5FE012E09D020EA0501C9B22046FFF771
:101D900013FFFFF779FF002070BD40EA0501C9B2CB
:101DA000F4E70320F8E770B504460D461646F9F748
:101DB00007FA012802D0FFF757FFA8B10120FFF76B
:101DC0003DFF2046FFF7D2FE012E09D020EA050193
:101DD000C9B22046FFF7F0FEFFF756FF002070BDA6
:101DE00040EA0501C9B2F4E70320F8E770B50446FC
:101DF0000D461646F9F7E4F9012802D0FFF734FF43
:101E0000A8B10120FFF71AFF2046FFF7AFFE012E11
:101E100009D020EA0501C9B22046FFF7CDFEFFF741
:101E200033FF002070BD40EA0501C9B2F4E703208A
:101E3000F8E7000010B50446F9F7C2F901280BD005
:101E400000234FF0FF3219460D480068F8F7DCFB1D
:101E5000012801D003240AE0012C14BF0022012232
:101E6000084B1978084B1878FFF718FF0024002357
:101E70001A46194602480068F8F742FA204610BD93
:101E8000B8F20020BCF20020BDF2002038B5124CA0
:101E90002070124D29700120F8F7D8FA104B186005
:101EA00000231A461946F8F72BFA002229782078E1
:101EB000FFF756FF002229782078FFF774FF0022F1
:101EC00029782078FFF792FF002229782078FFF701
:101ED000E5FE002038BD00BFBDF20020BCF20020AE
:101EE000B8F200202E4B5B6813F0020F19D02D4B77
:101EF0002D4A1A602D4B5B6F13F0804F04D12B4B92
:101F00005B6F13F0005F02D0264B294A1A60274B03
:101F10005A6F42F080725A675A6F22F080725A6785
:101F20007047224B5B6F13F0805F03D01D4B214A3B
:101F30001A60DFE71D4B5B6F13F0006F03D0194B86
:101F40001D4A1A60D6E7194B5B6F002B08DB174B55
:101F50005B6F13F0804F07D0124B184A1A60C9E725
:101F6000104B174A1A60C5E7104B5B6F13F0005F08
:101F700003D00C4B134A1A60BCE70C4B5B6F13F099
:101F8000007F03D0074B104A1A60B3E7074B5B6F23
:101F900013F0806FAED0034B0C4A1A60AAE700BF63
:101FA0000070004010010020B4F402080038024024
:101FB00040F50208D8F40208E8F4020808F502081F
:101FC000F8F4020814F5020820F502082CF50208BE
:101FD00008B5FFF7CDF904F049FD1F20FAF7AAFD77
:101FE0000548FAF749FD1F20FAF7B6FD4FF6FF70D6
:101FF000FAF7BEFD08BD00BF34000020094B1B6886
:1020000013F0010F01D000BE7047074B45F2555247
:102010001A6004225A604FF6FF729A604CF6CC4266
:102020001A60FEE7F0ED00E00030004070B586B0C9
:102030001A4B1B78ABB14FF48073019318B3012393
:102040000293002403940494154D01A92846F0F747
:1020500015FB22464FF480712846F0F7A5FC06B028
:1020600070BD082601960123029300240394049472
:102070000C4D01A92846F0F701FB224631462846BF
:10208000F0F792FCEBE702230293059300230393FE
:10209000049301A90248F0F7F1FAE0E70C010020EF
:1020A00000040240000C02400122044B1A60044B61
:1020B0009A604FF0FF321A60704700BF3006474207
:1020C00000300240014B00221A6070473006474240
:1020D00008B50B4806F02CF80A4B1B6813F0010FEB
:1020E00001D000BEF5E7084B45F255521A600422B4
:1020F0005A604FF6FF729A604CF6CC421A60FEE7C7
:1021000050F50208F0ED00E00030004030B585B039
:102110000090012301930023029369460E48F0F7D3
:1021200053F9B0B90C4C2046F0F754F8642120461E
:10213000F0F7ECF82046F0F744F905462046F0F7B2
:10214000C5F8064A536823F480035360284605B057
:1021500030BDFFF7BDFF00BFDCF2002000230140CF
:1021600000B589B0124B01221A601248124B03606D
:102170000623436000238360FA22C2600361F2F702
:10218000ABF888B96023019300230293039305936E
:10219000082201A90748F2F71AF938B90548FDF7EE
:1021A000A5FA09B05DF804FBFFF792FFFFF790FF77
:1021B00008084742740801200008004010B5044692
:1021C000FAF734F9FFF7CCFFFFF702FF01212046B1
:1021D00004F052FA204605F0ABFFFBF78BF9D8B9B3
:1021E000FBF77EF90028F8D00E4B5A6F42F0807250
:1021F0005A675A6F22F080725A6772B6BFF34F8FD8
:102200000949CA6802F4E062084B1343CB60BFF38C
:102210004F8F00BFFDE700BFFBF76CF90028FAD134
:1022200010BD00BF0038024000ED00E00400FA05D8
:1022300000B5A1B0002101912E4B1A6C42F08052E2
:102240001A641B6C03F080530193019B02912A4A8C
:10225000136823F4404343F480431360136803F48A
:1022600040430293029B0523149301231593199372
:10227000169302231A934FF480021B9204221C929D
:1022800090221D921E9306231F9314A8F0F7FAFFC5
:1022900050BB0F230F93022310939023119300231D
:1022A0001293139301210FA8F1F7DAF9F0B9202363
:1022B00003934FF480730D9303A8F1F7D3FAB8B9E1
:1022C000F1F79EFA0D4BA3FB00308009F0F7A4F95B
:1022D0000420F0F7C3F900220F214FF0FF30F0F790
:1022E0004FF921B05DF804FBFFF7F2FEFFF7F0FEB7
:1022F000FFF7EEFE0038024000700040D34D621040
:1023000000B585B01148124B036000234360836021
:10231000036183610362C362C3600122C26103631C
:102320004261EFF72DFF60B9002300930122019273
:10233000029369460548F0F747F820B905B05DF803
:1023400004FBFFF7C5FEFFF7C3FE00BFDCF2002071
:102350000020014070B5104E3446104B44F8043B49
:102360000F4D0FCD0FC40FCD0FC495E8070084E8C3
:1023700007003046F1F744FE58B90A4AD36843F0E3
:102380004003D360A2F55042136843F0400313604A
:1023900070BDFFF79DFE00BFA40B0120003001407F
:1023A00014F602080000024008B50A480A4B036010
:1023B0004FF4E133436000238360C36003610C2268
:1023C00042618361C361F2F76BFA00B908BDFFF7A0
:1023D0007FFE00BF60F300200010014008B50A48EE
:1023E0000A4B03604FF41653436000238360C360BD
:1023F00003610C2242618361C361F2F751FA00B9B3
:1024000008BDFFF765FE00BFA0F30020004C0040B0
:1024100000B589B01148124B0360062343600023C6
:102420008360FA22C2600361F1F756FF90B970230E
:102430000193002302930393059304220DEB020101
:102440000648F1F7C4FF38B90448FDF74FF909B061
:102450005DF804FBFFF73CFEFFF73AFE24F3002093
:102460000004014000B589B01148124B03600623F7
:10247000436000238360FA22C2600361F1F72CFFFE
:1024800090B96023019300230293039305930422E0
:102490000DEB02010648F1F79AFF38B90448FDF741
:1024A00025F909B05DF804FBFFF712FEFFF710FEF7
:1024B000640B01200040014070B588B00646154607
:1024C0001D4C94FBF1F41D481D4B03602423436015
:1024D00000238360C46003614361F1F7FDFE18BB14
:1024E0007023019304FB05F51649A1FB0535A4EB08
:1024F0009514029400230393059304220DEB02012B
:102500000E48F1F764FF88B904210C48F1F7DEFFAB
:10251000FBF784FF60B93046EFF77EFD04210748E2
:10252000F1F7F0FF08B070BDFFF7D2FDFFF7D0FD67
:102530003046F8F755FCF1E740420F0024F3002045
:10254000000401401F85EB51FEE7000000B589B093
:102550001048114B0360002343608360C360036134
:10256000F1F7A0FE60B90022019202920392059257
:1025700001A90848F1F7FCFE38B909B05DF804FB81
:1025800040F2EA310548FFF7DFFF40F2F33103483C
:10259000FFF7DAFF280B01200048014060F5020830
:1025A00070B5A4B0874A884B9A60F9F73FFF874B14
:1025B0001B6813F0010F40F0E280FFF793FC844B9F
:1025C000186805F0B5FD4FF40070FAF741F8FFF711
:1025D0002FFEFAF73BFFFAF753FFEFF7F5FCFFF793
:1025E0008FFEFFF7BDFDFEF7C3FEFFF7B3FEFFF75B
:1025F000DBFEFFF7F3FEFFF70BFFFFF733FFFFF7FD
:10260000A5FFFDF7EDFD734A136843F470031360F3
:10261000743A136843F00203136062B6FBF71AFCC6
:1026200000220D211046EFF7ABFF0020EFF7DCFF93
:10263000694B1B6913F4806F00F0B180FEF798FEC0
:1026400004F014FA6548FFF7B9FD0120FBF752F8D2
:102650000120FAF725FF0020FBF74CF80120FAF7DC
:102660001FFF0120FBF746F801F08CFD01225C49B9
:102670005C48FFF735FB01211320FFF73FFA0421E7
:102680001320FFF703FC0221132004F07BFC01213F
:102690001220FFF7DBF908211320FFF77FF9102143
:1026A000132000F0D9F8504B1F93504B2093002477
:1026B000ADF8844022944FF48065239521461FA8ED
:1026C000F7F78BF94A4A10604A4B1A934A4B1B930F
:1026D000ADF870401D941E9521461AA8F7F77DF9B4
:1026E000464A1060464B1593464B1693ADF85C4036
:1026F00018941995214615A8F7F76FF9424A10600A
:10270000424B1093424B1193ADF8484013941495EB
:10271000214610A8F7F761F93E4A10603E4B0B9333
:102720003E4B0C93ADF834400E944FF400660F9678
:1027300021460BA8F7F751F9394A1060394B069337
:10274000394B0793ADF8204009940A95214606A815
:10275000F7F743F9354A1060354B0193354B029337
:10276000ADF80C4004940596214601A8F7F735F919
:10277000314A1060FBF758FEF7F72AF9FEE707F039
:10278000FFFD2E4B1B684FF480522D49986807F0CF
:102790002FFE2C4B2C4A9A602C4ADA600DE72C480D
:1027A000F9F79CFC00287FF450AF2948F9F796FC14
:1027B00000287FF44AAF04F059F92648FFF7FEFCE1
:1027C00043E700BF0000010800ED00E0F0ED00E08D
:1027D0001001002088ED00E0000402406CF50208C2
:1027E0000010024000300140BCF5020805BE01089F
:1027F000D8F20020C8F502087DF00108C8F20020D8
:10280000D8F5020811190208C4F20020E4F5020804
:1028100091B80108C0F20020F4F502088D6C02089E
:10282000D0F20020FCF5020875F80108CCF2002077
:102830000CF60208B5FF0108D4F20020880200203F
:10284000000C0120002004E0FB19E0060300060054
:10285000B008012078F5020838B5124C2070124DEE
:1028600029700120F7F7F2FD104B186000231A467B
:102870001946F7F745FD002229782078FFF770FA0E
:10288000002229782078FFF78EFA00222978207814
:10289000FFF7ACFA002229782078FFF7FFF9002033
:1028A00038BD00BFE5F30020E4F30020E0F3002092
:1028B00038B52DED028B054690ED008A0024F7EE29
:1028C000007AB4EEE78AF1EE10FA0ADBF2EE047A4F
:1028D00088EE278A0134F2E7F2EE047A28EE278A9E
:1028E000013C18EE100A04F007FE07A3D3E9002309
:1028F00004F0BAFE0028EFD185ED008A2046BDEC39
:10290000028B38BDAFF300809A9999999999B93F94
:102910000F4A536C43F4802353640E4B00215962D9
:1029200040F2E732DA6259600B4A12680B48A0FBAA
:102930000202920C013A9A62094AF02082F81A03C4
:102940004FF080601060196001225A61DA607047B0
:1029500000380240004801400000002083DE1B4395
:1029600000E100E04FF47A73B3FBF0F3034A136025
:10297000034B00221A600120704700BF1CF40020A6
:10298000F0F3002030B403780D7844784A7894420C
:1029900008BFAB4214BF0123002380788A7890429D
:1029A0000CBF184643F0010030BC704710B4074814
:1029B0000368074C246823440360934203DB00222E
:1029C0000260044B19705DF8044B704714F400204A
:1029D00020F400209001002000B585B00E4A0F4B76
:1029E00093E80300106011710D4B19684FF47A736E
:1029F00093FBF1F35B0002930023019300924FF4E9
:102A000061734FF448720749096807480068FAF78C
:102A1000ABFC05B05DF804FB38F4002064F6020856
:102A20008C010020F8FA0020B4D600202DE9F04FE8
:102A300083B006468DED010AB5EE400AF1EE10FABC
:102A400030D00F461546B5EEC00AF1EE10FA2ED47E
:102A50000446DDED017AF0EEE77AB7EE007AF4EEA7
:102A6000C77AF1EE10FA2DD401A8FFF721FF002854
:102A70002CDDF2EE046ADDED017A67EEA67AFDEE5A
:102A8000E77A17EE903A303304F8013B9DED017A76
:102A900027EE267AF8EEE77A77EE677ACDED017ABF
:102AA0000138E4E7302303700023437060E00446FC
:102AB0002D2304F8013BDDED017AF1EE677ACDEDCF
:102AC000017AC6E7302304F8013BCDE717B12E2386
:102AD00004F8013B4FF0000A00282DDABA452BDA42
:102AE000302304F8013B01380AF1010AF4E70198A8
:102AF00004F002FD0022204B04F070FA04F0DCFD2B
:102B0000834600F1300304F8013B019804F0F4FC23
:102B10000022194B04F062FA80468946584604F0B8
:102B2000D9FC02460B464046494604F085FB04F0BA
:102B3000EBFD01900AF1010ABA45D8DB00232370AE
:102B40003046FAF708FC2B1A002B11DD0446321828
:102B50007319002104E012F8010903F80109013199
:102B6000A142F8DD02E0202203F80129B342FAD2A3
:102B700003B0BDE8F08F00BF0000244010B50C4644
:102B8000114602462046F6F757FD90B12046FAF767
:102B9000E2FB0138235C0A2B08D008492046FAF7EB
:102BA0005DFB40B100220270012010BD00232354C0
:102BB000F3E70020F9E70120F7E700BF6CF6020811
:102BC0002DE9F04182B0044600686568A268E368B8
:102BD0000F46002938D0618A00912946F9F752FF43
:102BE000D4F81880B8F80600451EE069FAF7B3FB80
:102BF000A36826689B1B00FB153000EBD07006EB2A
:102C00006006B8F80A50E36861685B1A5B1B03EB67
:102C1000D37301EB6308CFB1608AF9F79DFFA08AF7
:102C2000F9F7A6FFA069F9F727FF05EB080189B2BC
:102C30000431002300930323E26989B2B0B2FAF7AA
:102C4000E3F802B0BDE8F081218AC5E7208AE4E715
:102C500070B582B04FF6FF750095EF2340F23F123A
:102C600014210020F9F70EFF134C21891F2600962E
:102C7000EF2340F23F12591A0020F9F703FF3046C4
:102C8000F9F76AFF2846F9F773FF2046F9F7F4FED3
:102C9000002400940123094AEF212046FAF7B4F8F2
:102CA000092C07D80021064B53F82400FFF788FFB2
:102CB0000134F5E702B070BD3400002070F6020860
:102CC000940100202DE9F04385B0054616461C46C8
:102CD0004F4B1B68002B5DD04D4B1968A1424BDA5E
:102CE0004EF278639C4259DD4A4880FB0132CB1793
:102CF000C3EBA21C80FB04024FEAE47ECEEBA212DF
:102D0000DFF82C8188FB0101434880FB029707EB29
:102D10000209D717C7EB6917C7EB0717A2EB8702A2
:102D2000029288FB0428CEEBA832019280FB0C2093
:102D300000EB0C074FEAEC70C0EB6710C0EB001023
:102D4000ACEB80000090C3EBA133344A4FF4007128
:102D5000334805F005FA3348F9F78EFE4FF6FF7059
:102D6000F9F7FAFE0020F9F703FF00200090012395
:102D70002B4AC321FAF748F8254A13682A490968FB
:102D80000B441360A3422DDA284B1B78A3BB05B07C
:102D9000BDE8F0830121FFF713FF9DE71D4880FB8D
:102DA0000132CB17C3EBA212214F87FB017180FBCD
:102DB0000470E717C7EBA0100190174880FB027062
:102DC0008718D017C0EB6710C0EB0010A2EB800291
:102DD0000092C3EBA133174A4FF40071104805F07D
:102DE000BFF9B8E700212846FFF7EAFE084B0022AA
:102DF0001A60114B1E70C7E700212846FFF7E0FE5E
:102E0000034B00221A600C4B20221A70BFE700BF50
:102E100014F40020D34D62108988888880F6020857
:102E200038F400203400002020F40020B4F9002001
:102E300073B2E7459CF602089001002070B582B09D
:102E4000104E3446104D0FCD0FC495E8070003C453
:102E500022704FF6FF70F9F77FFE0020F9F788FE29
:102E60000024009401233246D7212046F9F7CCFFF5
:102E7000009401233246C3212046F9F7C5FF02B072
:102E800070BD00BF38F40020B4F6020870B50546E6
:102E900016461C46154B1B685BB1144B1968144A47
:102EA000126811441960A14207D2124B1B7883B9F2
:102EB00070BD0121FFF784FEEFE700212846FFF7F0
:102EC0007FFE0A4B00221A600B4B1E70FFF7B6FF05
:102ED000EBE700212846FFF773FE044B00221A603F
:102EE000054B20221A70FFF7A9FFE1E714F4002038
:102EF00020F40020B4F900209001002088425AD22A
:102F000070B584B04EF27863994238D92A4CA4FB4C
:102F10000035AD09A4FB0134A409284EA6FB00230B
:102F2000274AA2FB04C04009C0EB0010A4EB8004B8
:102F30000294A6FB0101890B0191A2FB0512520923
:102F4000C2EB0212A5EB820200929B0B1D4A4FF4CA
:102F500000711D4805F004F91C48F9F78DFD4FF686
:102F6000FF70F9F7F9FD0020F9F702FE002000904C
:102F70000123154AC321F9F747FF04B070BD0E4A7B
:102F8000A2FB0034A4090D4BA3FB0003A2FB01210B
:102F9000890901910A4AA2FB04125209C2EB0212EA
:102FA000A4EB820200929B0B094A4FF40071064881
:102FB00005F0D6F8D0E77047D34D621073B2E745FD
:102FC0008988888880F6020838F4002034000020C0
:102FD0009CF6020830B589B0044603A902A8FBF7A5
:102FE000F3F93E492046F6F774FB3D492046F6F7D3
:102FF00070FB3C492046F6F76CFB3B492046F6F750
:1030000068FB3A492046F6F764FB39492046F6F753
:1030100060FB38492046F6F75CFB9DF80B3003F562
:10302000FA6300939DF809309DF80A203249204642
:10303000F6F74FFB9DF80E3000939DF80D309DF88C
:103040000C202E492046F6F744FB2D492046F6F782
:1030500040FB2C4A2C492046F6F73BFB2B4B1B68C8
:103060002B4A12682B492046F6F733FB2A4D294696
:103070002046F6F72EFB29492046F6F72AFB29467B
:103080002046F6F726FB264B1A6826492046F6F717
:1030900020FB254B1A6825492046F6F71AFB244BDE
:1030A0001A6824492046F6F714FB234B1A68234973
:1030B0002046F6F70EFB224B1A6822492046F6F707
:1030C00008FB214B1A6821492046F6F702FB2946E6
:1030D0002046F6F7FEFA09B030BD00BFD0F6020870
:1030E000E8F60208FCF602080CF702081CF70208D2
:1030F00028F702083CF7020848F702085CF70208C4
:1031000074F7020814010020A4F7020800F400205C
:10311000FCF30020C4F70208D8F7020810F80208F0
:10312000ECF3002040F80208E8F3002050F8020811
:1031300010F4002060F80208F4F300206CF8020894
:10314000F8F300207CF8020834F4002088F8020824
:1031500010B500240B2C15D80C4B13F824308342E7
:1031600001D00134F6E70A48FAF7F0F904EB440419
:10317000084B1C446078FEF771F8A3781BB1044833
:10318000FAF780FA10BD0448FAE700BFC40103084B
:10319000D8DB020864F80020D0DC02082DE9F041F9
:1031A00086B0074690461E46584A1368013313609E
:1031B000574B1B68ABB1564B1A68564981FB02311D
:1031C000D317C3EBA1134FF47A7101FB1323D3B1CF
:1031D000FFF702FCB8BB504B20221A7006B0BDE8C6
:1031E000F0810C460121FFF7EBFCB8F1080F03D08A
:1031F0002046FFF7ADFFDEE76420FEF72FF80A2038
:10320000FAF74EF9F4E7434B83FB0213D217434C12
:103210000096C2EBA313424A4FF40071204604F01B
:103220009FFF4048F9F728FC4FF6FF70F9F794FC30
:103230000020F9F79DFC0020009001232246C321C5
:10324000F9F7E2FDC4E7314B1A6837493748F6F71A
:1032500040FA324C2046FAF77EF8C31E0025E554AA
:1032600004341DE00134217819B12C2901D0092939
:10327000F8D101342E4B03EB8503D3ED007AF8EE41
:10328000677A002203219FED2B0A87EE800A02A8AD
:10329000FFF7CCFB02AA28492448F6F71AFA0135B1
:1032A000172D0ADC224A002342F8253002EB850262
:1032B0002249204604F0AAFFD5E71C4D22462049AA
:1032C0002846F6F706FA2846F5F7B1FB104A1368C8
:1032D0001C4909680B4413604FF47A7202FB06F62E
:1032E000B34208DA184B1B78002B3FF477AF0A4B38
:1032F00020221A7072E70021054B1960064B83F8F3
:1033000000803846FFF75CFCECE700BF18F40020B3
:1033100014F40020D34D62109001002038F40020F6
:1033200094F8020834000020ACFF020838F60020B0
:10333000A0F8002000401C46ACF80208A8F80208DB
:10334000B0F8020820F40020B4F90020014B1878EE
:10335000704700BF00F90020014B01221A7070472E
:1033600000F90020014B00221A70704700F900207C
:10337000014B00221A60704700480140014B0122B6
:103380001A6070470048014000B583B000230193E4
:10339000154A136801331360144A1268934211D21C
:1033A000134B00221A61BFF34F8F019B3BB1114BAE
:1033B0004FF080521A60BFF34F8FBFF36F8F03B08F
:1033C0005DF804FB0023084A13600B494FF4966232
:1033D0000A804B804B608B60012301AA074800687C
:1033E000F7F759F8DCE700BFF0F300201CF40020E9
:1033F0000048014004ED00E004F40020FCFA002045
:1034000008B5074B00221A70FFF782FAFFF7B0FFEA
:10341000044B1868FFF7A6FAFFF7B0FF08BD00BF1E
:10342000900100208C01002038B505460C46084666
:10343000F9F791FF024621462846FDF7ABFFB0FAA7
:1034400080F0400938BD000010B59AB00C4603ABBF
:10345000009317AB18AA154904F0D8FE032802D030
:1034600000201AB010BD9DF860308DF864309DF8D2
:103470005C308DF865300E4903A8FFF7D5FF50B1D9
:1034800000238DF86630BDF864209DF866302280F8
:10349000A3700120E5E7074903A8FFF7C5FF00284F
:1034A000DFD001238DF86630EDE700BFB8F80208E1
:1034B000D0DC0208D8DB0208F0B5ADF51D7D05466D
:1034C0000021A64B1970202209A8F9F7F3FE01226A
:1034D000A34911A8F4F7C2FE18B100200DF51D7D17
:1034E000F0BD09A99E48F5F76FFE0028F5D109A89F
:1034F000FAF750FE04469B48FCF79AFE20B104A957
:1035000003A8FAF761FF49E0974803F017F9954BD4
:1035100005225A7004221A700127DF7046229A7021
:10352000924A168890789E809871114631F804CF9F
:103530008978A3F807C059729F720021D972197354
:10354000114631F8087F8978A3F80D70D97332F8E5
:103550000C1F927819829A74A3F813605875844EE0
:1035600007CE58629962DA62327883F83020C6E773
:1035700080498148FFF758FF48B39DF80F3003F5A5
:10358000FA6300939DF80D309DF80E207B49284684
:10359000F6F79FF8734B1B6CA3425AD3939A949BF4
:1035A0009A4200F04A814FF40072734911A8FFF764
:1035B000E5FA0028EED072496F48FFF735FF002882
:1035C000D6D0704A70492846F6F783F8E2E76F498B
:1035D0006948FFF729FF58B19DF8123000939DF814
:1035E00011309DF810206A492846F6F772F8D1E7A5
:1035F00068496148FFF718FF0028CBD0664E614943
:103600003046F9F79FFE3046F9F7A5FE431E002B22
:1036100005DD614AD25C202A0CD1013BF7E700238B
:10362000122B09DC5C4AD15C4E4A1A4482F8241001
:103630000133F5E70023F3E74A4A002382F83730E5
:10364000243256492846F6F744F8444B01221A70B2
:10365000A0E753494848FFF7E7FE88B100230293EB
:1036600002AA5049504804F0D1FD012896D1029B8E
:10367000002B93D03B4A5370384B01221A708DE7D0
:103680004A493D48FFF7D0FE68B102AA454948487B
:1036900004F0BCFD012881D1029A324B1A702F4BE5
:1036A00001221A707AE743493348FFF7BDFE80B123
:1036B00041494248FFF7C8FE00283FF46FAF294B4D
:1036C0003D4A1188927899809A71244B01221A7090
:1036D00064E73B492848FFF7A7FE88B139493248DB
:1036E000FFF7B2FE00283FF459AF1E4B354A118850
:1036F0009278A3F807105A72184B01221A704DE7FE
:1037000031491D48FFF790FE80B130493048FFF73E
:103710009BFE00283FF442AF124B2C4A118892784E
:1037200059811A730D4B01221A7037E72949124843
:10373000FFF77AFE002851D027491B48FFF784FE87
:1037400000283FF42BAF074B234A11889278A3F847
:103750000D10DA73014B01221A701FE700F90020E7
:10376000C4F80208001C0120DCF802082400030849
:10377000F4F802080CF9020838F4002048F70208AF
:1037800004F902083DF40020F8DC020814F90208EC
:103790005CF702081CF9020814010020A4F70208D3
:1037A00024F90208ACFF02083FF400202CF90208BB
:1037B00046F400203CF90208ECF3002041F400201C
:1037C00048F90208E8F3002050F9020810F400203C
:1037D0003EF4002058F90208F4F3002019491A4871
:1037E000FFF722FE80B119491948FFF72DFE002886
:1037F0003FF4D4AE174B154A1188927819829A7407
:10380000154B01221A70C9E614490F48FFF70CFE48
:1038100000283FF4C3AE12491248FFF715FE0028F6
:103820003FF4BCAE0B4B0E4A11889278A3F81310EC
:103830005A75094B01221A70B0E611A8F5F75FF925
:1038400001204BE660F9020838F40020F8F300206C
:103850003EF40020001C012000F9002068F9020855
:1038600034F400203DF40020F0B5B5B01BA91AA82F
:10387000FAF7AAFD9DF86B309DF869209DF86A1053
:103880009DF86C009DF86D400494039002910192A4
:1038900003F5FA6300935C4B1B685C4A502120A837
:1038A00004F05EFC00240A2220A95948F4F7D6FC53
:1038B000034650B3082B1CD101349DF86B309DF8A2
:1038C00069109DF86A009DF86C209DF86D50059474
:1038D00004951E9D2A4403920290019103F5FA6318
:1038E0000093494B1B684B4A502120A804F038FC38
:1038F000D9E7494A52F82330009320AB474A502178
:1039000006A804F02DFC002078E04148FFF7D4FD24
:10391000002875D03E4C424B1B683B4A1268414917
:103920002046F5F7D6FE404F39462046F5F7D1FE42
:103930003E492046F5F7CDFE39462046F5F7C9FE4B
:103940003B4E32793B492046F5F7C3FEF2793A49BE
:103950002046F5F7BEFEB27A38492046F5F7B9FEA3
:10396000727B37492046F5F7B4FE327C3549204654
:10397000F5F7AFFEF27C34492046F5F7AAFE39464A
:103980002046F5F7A6FE314B1D78314B1B781D44C0
:10399000304B1B781D44304B1B781D442F4B1B783C
:1039A0001D442F4B1B781D442A462E492046F5F70F
:1039B00090FE39462046F5F78CFE32782A4920469B
:1039C000F5F787FE39462046F5F783FE327805FB8A
:1039D00002F226492046F5F77CFE39462046F5F7E7
:1039E00078FE23492046F5F774FE22492046F5F774
:1039F00070FE21492046F5F76CFE012035B0F0BD80
:103A00000348FFF7E7FA85E7FCF3002070F90208A6
:103A100038F60020BCF90208B800002094F902082A
:103A200000F40020C4F70208D8F7020810F80208D2
:103A3000001C012040F8020850F8020860F8020853
:103A40006CF802087CF8020888F80208ECF3002001
:103A5000E8F3002010F40020F4F30020F8F3002035
:103A600034F40020E8F9020808FA020830FA0208E3
:103A700050FA02087CFA0208B4FA020870B582B063
:103A800005460C46D4F80822D4F80C329A4200F0CD
:103A900062834FF400729F492046FFF76FF80028B9
:103AA000F0D09D499B48FFF7BFFCE8B99B49994876
:103AB000FFF7BAFC00284BD00023019301AA9849D4
:103AC000984804F0A3FB0128DCD1019A002AD9D040
:103AD00069788A42D6D0944802F030FE019B6B7020
:103AE000924B01221A70CDE7914E92493046F9F778
:103AF00029FC0023F3743046F9F72DFC431E03E044
:103B00008B4A0021D154013B002B03DD884AD25C53
:103B1000202AF5D005F1240685493046F9F793FBB4
:103B20000028AFD0824A3146834802F007FE0023C6
:103B3000122B06DC7E4AD15CEA1882F8241001338D
:103B4000F6E7002385F83730784B01221A7099E7A1
:103B50007A497048FFF768FC98B101AA7049784823
:103B600004F054FB01288DD12978019A914289D023
:103B7000744802F0E3FD019B2B706C4B01221A701C
:103B800080E771496348FFF74FFCD0B16F49704837
:103B9000FFF75AFC00283FF475AF6C49281DFEF76B
:103BA000F1FE00283FF46EAF684B1A889B78AA801C
:103BB000AB716749674802F0C1FD5C4B01221A7086
:103BC00060E765495348FFF72FFCD8B16349554872
:103BD000FFF73AFC00283FF455AF6049E81DFEF7B7
:103BE000D1FE00283FF44EAF5C4B1A889B78A5F8B5
:103BF00007206B724B495A4802F0A0FD4B4B012243
:103C00001A703FE757494348FFF70EFCD8B15649B1
:103C10005648FFF719FC00283FF434AF524905F12C
:103C20000A00FEF7AFFE00283FF42CAF4E4B1A8877
:103C30009B786A812B734D494D4802F07FFD3B4BC9
:103C400001221A701EE74B493248FFF7EDFBE0B145
:103C500049493448FFF7F8FB00283FF413AF4649C1
:103C600005F10D00FEF78EFE00283FF40BAF424B2E
:103C70001A889B78A5F80D20EB732A493F4802F07B
:103C80005DFD2A4B01221A70FCE63D492148FFF7F1
:103C9000CBFBD8B13B493548FFF7D6FB00283FF4B2
:103CA000F1AE384905F11000FEF76CFE00283FF434
:103CB000E9AE344B1A889B782A82AB742B49324880
:103CC00002F03CFD194B01221A70DBE62F49114826
:103CD000FFF7AAFB00285FD02D491648FFF7B4FB79
:103CE00000283FF4CFAE2A4905F11300FEF74AFE43
:103CF00000283FF4C7AE264B1A889B78A5F81320FE
:103D00006B750C49234802F019FD084B01221A700B
:103D1000B8E600BF38F400201CF9020824F90208B4
:103D2000ACFF02083FF40020ACFB020800F90020C1
:103D3000140100203DF400208CFB02082CF902083D
:103D400046F40020CCFB02083CF90208ECF300200A
:103D500041F40020F8FB020848F90208E8F30020CB
:103D600014FC020850F9020810F400203EF4002070
:103D70002CFC020858F90208F4F3002044FC020865
:103D800060F90208F8F300205CFC020874FC0208E9
:103D900034F400207CFC0208A349A448FFF744FB4C
:103DA000A8B101AAA249A34804F030FA01287FF47F
:103DB00069AEE978019A91423FF464AE9E4802F000
:103DC000BDFC019BEB709D4B01221A705AE69C4989
:103DD0009648FFF729FBA8B101AA9549994804F034
:103DE00015FA01287FF44EAEA97D019A91423FF465
:103DF00049AE954802F0A2FC019BAB758F4B0122A6
:103E00001A703FE691498948FFF70EFBA8B101AA55
:103E100087498C4804F0FAF901287FF433AEE97D34
:103E2000019A91423FF42EAE894802F087FC019B33
:103E3000EB75824B01221A7024E686497B48FFF716
:103E4000F3FAA8B101AA7A497E4804F0DFF9012803
:103E50007FF418AE297E019A91423FF413AE7E485A
:103E600002F06CFC019B2B76744B01221A7009E660
:103E70007A496E48FFF7D8FAA8B101AA6C4971488F
:103E800004F0C4F901287FF4FDAD697E019A9142E6
:103E90003FF4F8AD724802F051FC019B6B76674B22
:103EA00001221A70EEE56F496048FFF7BDFAA8B12C
:103EB00001AA5F49634804F0A9F901287FF4E2AD43
:103EC000A97E019A91423FF4DDAD674802F036FCCD
:103ED000019BAB76594B01221A70D3E563495348D5
:103EE000FFF7A2FAA8B101AA5149564804F08EF989
:103EF00001287FF4C7ADE97E019A91423FF4C2AD3B
:103F00005B4802F01BFC019BEB764C4B01221A70C4
:103F1000B8E558494548FFF787FAA8B101AA4449CE
:103F2000484804F073F901287FF4ACAD297F019A69
:103F300091423FF4A7AD504802F000FC019B2B7763
:103F40003E4B01221A709DE54C493848FFF76CFA48
:103F5000A8B101AA36493B4804F058F901287FF47A
:103F600091AD697F019A91423FF48CAD444802F0D3
:103F7000E5FB019B6B77314B01221A7082E54149C9
:103F80002A48FFF751FAA8B101AA29492D4804F09F
:103F90003DF901287FF476ADA97F019A91423FF463
:103FA00071AD394802F0CAFB019BAB77234B01226C
:103FB0001A7067E535491D48FFF736FAA8B101AA1E
:103FC0001B49334804F022F901287FF45BADE97FF7
:103FD000019A91423FF456AD2E4802F0AFFB019B8F
:103FE000EB77164B01221A704CE52B490F48FFF76F
:103FF0001BFA002856D001AA0D49284804F006F9FA
:1040000001287FF43FAD95F82010019A91423FF4CA
:1040100039AD234802F092FB019B85F82030074B15
:1040200001221A702EE500BF94FC020838F400202B
:10403000ACFF020845F40020A4FC020800F90020AF
:10404000D0FC02083BF40020D4FC0208F0FC02087B
:10405000F4FC020810FD020814FD020830FD0208FD
:1040600034FD020850FD020854FD020870FD0208EC
:1040700074FD020890FD020894FD0208B0FD0208DC
:10408000B4FD0208D0FD0208D4FD0208F0FD0208CC
:104090003CF40020F8FD020814FE020842F400205F
:1040A00020FE02082D492E48FFF7BEF9B8B101AA3B
:1040B0002C492D4804F0AAF801287FF4E3AC95F8C8
:1040C0002110019A91423FF4DDAC284802F036FB02
:1040D000019B85F82130264B01221A70D2E4254934
:1040E0001F48FFF7A1F9B8B101AA1E491E4804F004
:1040F0008DF801287FF4C6AC95F82210019A914200
:104100003FF4C0AC1C4802F019FB019B85F822303B
:10411000174B01221A70B5E418491148FFF784F9CA
:1041200000283FF4AFAC01AA0E490F4804F06EF826
:1041300001287FF4A7AC95F82310019A91423FF42F
:10414000A1AC0F4802F0FAFA019B85F82330084B26
:1041500001221A7096E402B070BD00BF40FE020852
:1041600038F40020ACFF020844F4002050FE02089E
:1041700000F9002074FE020884FE0208A8FE02086E
:10418000B8FE020830B5ADF5197DFBF7E7FF014633
:1041900048222948F9F779F801F01EFE2022002173
:1041A00005A8F9F787F8012224490DA8F4F756F875
:1041B00010B10DF5197D30BD05A92048F5F704F8BB
:1041C0000028F6D105A8F9F7E5FF04461A4B1A6C4A
:1041D0008242EED201461A4802F0B0FA05A901A8BF
:1041E000FAF704F801A9174802F0A8FA164D284674
:1041F00003F016FB03F0D8FA144904F095F80146D1
:10420000134802F09BFA403D0DA92846FFF736FC03
:104210002C64FFF79BF858B10E4802F08FFA0A4C55
:10422000204603F0FDFAA4F14000FDF7FDF9C0E7D8
:10423000094802F083FAF2E7001C0120C4F80208E2
:10424000DCFE020814FF0208401C012088FB020863
:1042500034FF020854FF020878FF020830B583B02B
:1042600004464FF6FF750095EF2340F23F121421EC
:104270000020F8F707FC0A48F8F7FEFB2846F8F795
:104280006BFC4FF47840F8F773FC0121204602F0F4
:10429000F3F94FF4FA60F6F7A3FD03B030BD00BFA9
:1042A0003400002010B584B00C4CC8230C4A4FF4E5
:1042B0000071204603F054FF4FF47A7302930023F9
:1042C000019300944FF461734FF4487205490968F3
:1042D00005480068F9F748F804B010BD38F400202C
:1042E0008CFF0208F8FA0020B4D6002010B584B084
:1042F00003460C4C0C4A4FF40071204603F030FF8B
:104300004FF47A7302930023019300944FF4617386
:104310004FF448720549096805480068F9F724F820
:1043200004B010BD38F4002094FF0208F8FA002011
:10433000B4D600202DE9F04F89B0A44B1A68A449E7
:104340000B6813440B60A3490B6813440B60A2492C
:104350000B6813440B60A14B1B78202B00F20681E5
:10436000DFE813F0210009011C0162018401A301AF
:10437000C301E20135023D0245024D0255025D02D4
:10438000650271029102B1020E032E0352036F0304
:104390008B03A803E703EF03F703FF0307040F04EE
:1043A000170423043404FEF753FCFFF7EBFE00234D
:1043B0000B2B0DD88A4803EB43014418894A02EBC2
:1043C000830232F8015F92784552A2700133EFE721
:1043D000854B00221A60854B5A7811460292844A16
:1043E00011601978834A11601A791146824A039143
:1043F000117093F805B07A4A82F801B093F806A0DC
:1044000082F802A0D8797D4904900870197A117158
:1044100093F8099082F805909C7A794905940C707C
:1044200093F80B8082F8078093F80CE082F808E09C
:104430005D7B744906950D7093F80EC082F80AC032
:10444000DF7BD7721E7C704907960E705E7C5673B8
:104450009D7C9573D97C6D4801701C7D1474587DCA
:10446000507482F813B082F814A082F8179082F882
:10447000198082F81AE082F81CC05777D67782F844
:10448000205082F8224082F82300987D604C2268F8
:1044900002FB00F05F4A10601D7EA06800FB05F083
:1044A00090605D7EE06800FB05F5D5609E7E20692A
:1044B00000FB06F61661DF7E606900FB07F05061C5
:1044C0001F7FA06900FB07F79761587FD06193F8C1
:1044D0001EC0206A00FB0CF01062D87F636A03FBE9
:1044E00000F35362039B04980344059C2344069AFB
:1044F0001344079A134419444FF47A7000FB01F1F6
:10450000E81900F5FA60864233D9331AB3FBF1F3A8
:10451000029A9A4201D9364A1360354B1B6803FB55
:104520001161081A3C4B1860B0F57A7F02D24FF443
:104530007A721A60FFF7B6FE2E4C2068FEF712FA68
:10454000364D2846F8F7EAFF2846F8F7FFFF002225
:10455000334B1A6021684FF47A7393FBF1F31B49D4
:104560000B601E4B01211970194B1A6009B0BDE890
:10457000F08F0023CCE70020FDF794FA012002F031
:10458000D5FC0020FDF736FA0020FDF753FC4FF470
:104590007A7202210120FEF709FAE7E70120FDF710
:1045A00081FA012002F0C2FC0020FDF723FA00206E
:1045B000FDF740FC174B1B68032202211948FEF748
:1045C00081FB044B00221A60D0E700BF20F40020DA
:1045D00024F4002028F400202CF400209001002076
:1045E00064F80020C4010308FCF30020001C012033
:1045F00000F400208C010020ECF30020E8F3002000
:1046000010F40020F4F30020F8F3002034F400202C
:1046100064010020481C012030F40020D8DB02088F
:1046200014F40020740103080020FDF73BFA012078
:1046300002F07CFC0020FDF7DDF90020FDF7FAFB1D
:10464000B14C236A04220321B048FEF71FFCE36843
:10465000A1690B44216A194401F57A71AC4B1868C1
:10466000FEF74CFCAB4B00221A607FE70020FDF701
:1046700019FA002002F05AFC0020FDF7BBF90020D7
:10468000FDF7D8FBA04CE368052204219F48FEF704
:10469000FDFBE368A1690B44216A194401F57A71B5
:1046A0009B4B1868FEF72AFC60E70020FDF7FAF93B
:1046B000012002F03BFC0020FDF79CF90020FDF7F3
:1046C000B9FB4FF47A73062205219048FEF7DEFB12
:1046D0008D4AD36891690B44116A194401F57A71C6
:1046E0008B4B1868FEF70AFC40E70020FDF7DAF96B
:1046F000012002F01BFC0020FDF77CF90120FDF7F2
:1047000099FB814CA369072206218048FEF7BEFB76
:10471000E368A1690B44216A194401F57A717C4B65
:104720001868FEF7EBFB21E70020FDF7BBF901203D
:1047300002F0FCFB0020FDF75DF90120FDF77AFB9C
:10474000754A136801331360744A00211160744A7A
:104750001268934208DD734B0F221A70FEF76EFB4E
:10476000714B00221A6001E70020FFF7BFFDFFF741
:104770007BF818B96B4B20221A70F7E66B4D684B2B
:104780001B680093644B1B68694A4FF4007128460C
:1047900003F0E6FC4FF6FF70F8F7DEF90020F8F7BB
:1047A000E7F90024009401232A46D7212046F8F790
:1047B0002BFB604B1C60604B1A684FF47A7393FBC1
:1047C000F2F35E4A1360574B08221A70CEE65C4B38
:1047D0001B78092208215B48FEF7E0FCC6E65A4B2D
:1047E0001B780A2209215948FEF7D8FCBEE6584B2F
:1047F0001B780B220A215748FEF7D0FCB6E6564B31
:104800001B780C220B215548FEF7C8FCAEE6544B32
:104810001B780D220C215348FEF7C0FCA6E6524B34
:104820001B780E220D215148FEF7B8FC9EE6504C35
:1048300021465048F4F726FF2046F4F760F9394B3B
:1048400007221A7092E60020FDF72CF9012002F0F1
:104850006DFB0020FDF7CEF80120FDF7EBFA464C8A
:10486000236810220F214548FEF710FB264AD36823
:1048700021680B44516A194401F5FA612A4B186802
:10488000FEF73CFB72E60020FDF70CF9012002F078
:104890004DFB0020FDF7AEF80020FDF7CBFA1A4CD7
:1048A000636A112210213548FEF7F0FAE368324AB4
:1048B00011680B44616A194401F5FA611A4B1868D2
:1048C000FEF71CFB52E60020FDF7ECF8012002F099
:1048D0002DFB0120FDF78EF80020FDF7ABFA4FF419
:1048E0007A73122211212548FEF7D0FA064AD368BE
:1048F000214909680B44516A194401F5FA610A4BD0
:104900001868FEF7FBFA31E6481C0120FC0003089A
:1049100028F4002024F40020FCF3002018F40020E8
:1049200000F40020900100202CF4002038F4002036
:104930009CFF020814F400208C01002020F40020C9
:10494000ECF300205C000308E8F3002034000308C7
:1049500010F4002024010308F4F30020AC00030845
:10496000F8F30020D400030834F400209C0103086D
:1049700038F60020B0FF020830F40020840003085D
:104980000020FDF78FF8002002F0D0FA0120FDF79B
:1049900031F80020FDF74EFA994CE36813221221FA
:1049A0009848FEF773FAE368974A11680B44616A06
:1049B000194401F5FA61954B1868FEF79FFAD5E5A1
:1049C0000020FDF76FF8012002F0B0FA0120FDF79A
:1049D00011F80020FDF72EFA4FF47A7314221321F8
:1049E0008848FEF753FA864AD368874909680B441A
:1049F000516A194401F5FA61844B1868FEF77EFA92
:104A0000834B00221A60B1E50020FDF74BF801202E
:104A100002F08CFA0020FCF7EDFF0020FDF70AFA07
:104A200041F28833152214217A48FEF72FFA744B8D
:104A3000996801F51C511031754B1868FEF75EFA44
:104A400094E50120FDF72EF8012002F06FFA002016
:104A5000FCF7D0FF0020FDF7EDF9694CA3681622A2
:104A600015216C48FEF712FAA16801F51C511031AE
:104A7000674B1868FEF742FA78E50020FDF712F858
:104A8000012002F053FA0020FCF7B4FF0020FDF7EC
:104A9000D1F941F28833172216215E48FEF7F6F964
:104AA000574B996801F51C511031594B1868FEF7A6
:104AB00025FA5BE50020FCF7F5FF012002F036FA4D
:104AC0000020FCF797FF0020FDF7B4F90020FFF766
:104AD0000DFCFEF7C9FE18B94F4B20221A7045E5B0
:104AE0004E4D4F4B1B6800934E4B1B684E4A4FF484
:104AF0000071284603F034FB4FF6FF70F8F72CF8EE
:104B00000020F8F735F80024009401232A46D72125
:104B10002046F8F779F9454B1C60454B1A684FF46D
:104B20007A7393FBF2F3434A13603B4B18221A70DB
:104B30001CE5414B1B78192218214048FEF72EFB3B
:104B400014E52F4BDB691A2219213D48FEF726FB9D
:104B50000CE53C4B1B781B221A213B48FEF71EFB41
:104B600004E53A4B1B781C221B213948FEF716FB43
:104B7000FCE4384B1B781D221C213748FEF70EFB46
:104B8000F4E4364B1B781E221D213548FEF706FB48
:104B9000ECE4344C21463448F4F774FD2046F3F736
:104BA000AEFF1D4B1F221A70E0E40020FCF77AFFD5
:104BB000012002F0BBF90020FCF71CFF0020FDF7EC
:104BC00039F9FEF7D5FB01F0F5FECFE4254C21467F
:104BD0002648F4F757FD2046F3F791FF0020FCF735
:104BE00061FF012002F0A2F90020FCF703FF002082
:104BF000FDF720F9FEF7BCFB01F0DCFEB6E400BFD8
:104C0000481C01208400030830F400202CF400200C
:104C100028F400204C0103089001002038F4002003
:104C200000F40020FCF30020C4FF020814F400206C
:104C30008C01002020F40020ECF300205C0003082D
:104C40003400030810F4002024010308F4F30020CA
:104C5000AC000308F8F30020D400030834F400206B
:104C60009C01030838F60020D8FF0208F0FF020874
:104C7000104B03EB4013DB68022B0CD0042B11D03C
:104C8000012B01D0002070470A4B03EB4010026952
:104C9000094BD05C7047074B03EB40100269064B91
:104CA000D05A7047034B03EB40100269024BD058B7
:104CB000704700BF3C040308001C0120034B03EBBA
:104CC00040131B6902481844704700BF3C040308A6
:104CD000001C012010B4064B03EB40131A69054B6E
:104CE000D0180C888978D45281705DF8044B7047D5
:104CF0003C040308001C0120264B03EB4013DB6837
:104D0000022B1DD0042B30D0012B01D00020704786
:104D100010B4204A02EB401214691F49615C5269C9
:104D20008A4207D81B4A02EB401082698A4202D2AB
:104D3000002300E0002303F001005DF8044B7047FE
:104D4000144B03EB40131969134A8A5A5B69934267
:104D500007D8104B03EB40108369934203D2002025
:104D6000704700207047012070470A4B03EB401347
:104D70001969094A8A585B69934207D8054B03EBC6
:104D800040108369934203D200207047002070478F
:104D9000012070473C040308001C012008B5FFF700
:104DA0008DFF0378642B07D84378642B06D883786B
:104DB000012B05D9002000E0002008BD0020FCE701
:104DC0000120FAE70378172B07D843783B2B06D846
:104DD00083783B2B05D900207047002070470020C6
:104DE000704701207047012070470000024B1A688D
:104DF000024B1A60704700BF2400004048F90020B1
:104E000008B5114B03EB4013DB68022B0ED0042BCB
:104E100013D0012B03D00D48FBF7BCF908BD0A4B9A
:104E200003EB40100369094AD154F4E7064B03EB46
:104E300040100369054AD152EDE7034B03EB4010E4
:104E40000269024BD150E6E73C040308001C012034
:104E50002DE9F04105460E46174600241748F8F79D
:104E60007AFAA0420ED9164B1B68D888013810FB7D
:104E700004500023114A125DB1B200B2F7F796FF59
:104E80000134EBE7F7F76EFE80464FF6FF70F7F759
:104E900063FE0CE00A4B1B68D888013810FB0450F5
:104EA00000232022B1B200B2F7F780FF0134BC42E8
:104EB000F0DB4046F7F750FEBDE8F08164F90020D2
:104EC000F0C90020F8B505460E4614461F460020DE
:104ED000F7F74EFEC4B14FF61040F7F73DFE002441
:104EE0001548F8F738FAA04211D9144B1B68D88836
:104EF000013810FB045000230F4A125DB1B200B21A
:104F0000F7F754FF0134EBE74FF6FF70E5E74FF694
:104F1000FF70F7F721FE0CE0084B1B68D8880138BA
:104F200010FB045000232022B1B200B2F7F73EFF7D
:104F30000134BC42F0DBF8BD64F90020F0C9002068
:104F400038B50D4614469BB92D4BDB6B003B18BFA3
:104F500001232C4A13704BB12B492C48F8F7F2F976
:104F6000082221462846FFF773FF38BD2849F4E799
:104F7000284B1B688342F8D1274A137883F001033A
:104F80001370204B1B78A3B11F492048F8F7DAF9BA
:104F90000823214A127821462846FFF793FF049BF5
:104FA000013B072B0CD8DFE803F00F060B200B0B9F
:104FB0000B061749E9E7134A137883F001031370CE
:104FC000164B01221A70D0E70E4B1B780C4AD26B9D
:104FD000934203D1124B00221A70F1E70848C363D1
:104FE000FBF7D8F8FEF7B8F9F4E7054BDB6B003BAD
:104FF00018BF0123034A1370094B00221A70DFE720
:10500000001C012013F900200002030864F90020AD
:10501000F40103083CF9002043F9002010F90020B6
:1050200011F900202DE9F04105460F4690461E4635
:105030000020F7F79DFD002413E00EB34FF610405B
:10504000F7F78AFD114B1B68D888013810FB0470F4
:1050500000230F4A125D1FFA88F100B2F7F7A6FE8F
:1050600001340B48F8F777F9A0420CD9AC42E4D0F0
:10507000B5F1FF3FE1D04FF61040F7F76DFDE1E7E6
:105080004FF6FF70DCE7BDE8F08100BFF0C90020FB
:1050900064F9002000B583B000230093032389B294
:1050A00080B2F7F7B1FE03B05DF804FBF0B587B04E
:1050B00004460D4616462BB19A4B1B68834223D0FB
:1050C00007B0F0BD984F3846F9F76AF9DFF868E2A3
:1050D000F4460FCFACE80F003B68CCF800309EF8E8
:1050E0000230924800EB4414914F00939EF8013037
:1050F0009EF80020A168384603F064F83A4631462D
:105100002846FFF7C7FFDBE78A4A137883F00103DD
:105110001370894A9378854901EB401100935378C5
:1051200012788968824803F04DF80C9B013B072BED
:1051300059D8DFE803F004305872585858A27F4B12
:105140001B68062B0ADC01337C4A1360022B01D05A
:10515000052B48D10133794A136044E005AB009335
:1051600004AB03AA7649724803F050F87249039BD6
:105170000B70049B4B70059B8B70724C012323605A
:1051800000227148EEF779FD002323606F4A137007
:105190006A4A136027E0694B1A686548835C0133EB
:1051A000835405AB009304AB03AA654903F02EF8C2
:1051B0006148039B0370049B4370059B8370FFF75A
:1051C00001FEA8B105A8F9F7F5F805A8F8F71CFE47
:1051D0005949C8605B4C0123236000225A48EEF70E
:1051E0004CFD002323600020F7F7C2FC002483E07D
:1051F000524B1A684E48835C013B835405AB0093C5
:1052000004AB03AA4E4903F001F84B4B039A1A7002
:10521000049A5A70059A9A70E5E7484B1B68002B70
:105220000ADD013B454A1360022B01D0052BDAD180
:10523000013B424A1360D6E70023444A13703F4AB9
:105240001360394F3846F9F7ABF8DFF8ECE0F44675
:105250000FCFACE80F003B68CCF800309EF802207E
:10526000324B03EB441400929EF801309EF800206C
:10527000A1682F4802F0A6FFB5E7304B1A682C480A
:10528000835C013B835405AB009304AB03AA2C4918
:1052900002F0BCFF2848039B0370049B4370059BEE
:1052A0008370FFF78FFD00288CD1244B1A682048AB
:1052B000835C0133835405AB009304AB03AA2049FC
:1052C00002F0A4FF1C4B039A1A70049A5A70059AB4
:1052D0009A7088E74FF6FF70F7F73EFC1C4B1B688F
:1052E000D888013810FB04500023114A125DB1B276
:1052F00000B2F7F75BFD01340D48F8F72CF8A04237
:105300007FF6DEAE0D4B1B68A34206D1094B1B781E
:10531000002BDFD04FF61040DEE74FF61040F7F7D6
:105320001BFCDBE73CF9002014F900203C040308D7
:1053300064F9002042F9002028F9002054F90020E7
:105340000802030820000E421803012011F9002072
:10535000F0C900202DE9F04182B004460E46174600
:105360001D46FFF785FC5E4B03EB44131B693DB103
:1053700080465C4B1B68A34212D002B0BDE8F081AE
:10538000574800EB4414584D584AD25CA16828464F
:1053900002F018FF2A4639463046FFF77BFEECE75D
:1053A000534A137883F0010313702046FFF760FC23
:1053B000024601904A4B03EB441399684A4802F0B5
:1053C00001FF089B013B072B45D8DFE803F00425CC
:1053D000444D4444445F474B1B680133404A02EB51
:1053E0004412D268012A05D00522934204DA414AC8
:1053F000136030E00322F8E73C48FAF749FF640104
:10540000394A374B19593C4801F098F900233B4A77
:105410001370384A13601EE0364B1A68384B53F845
:105420002230019A13442E4A02EB441252699A42E6
:1054300006DC2B4A02EB441292699A4200DB01938C
:10544000274B03EB4413019A9968274802F0BAFEF0
:10545000019B434537D1264B1B783A4631462548B8
:105460000068FFF7DFFD88E7224B1B68002B03DD98
:10547000013B204A1360EEE70023204A13701D4AC7
:1054800013602046FFF7F4FB0190E4E7194B1A681C
:105490001B4B53F82220019B9B1A114A02EB44122A
:1054A00052699A4206DC0E4A02EB441292699A4211
:1054B00000DB01930A4B03EB4413019A99680A48F5
:1054C00002F080FEC4E701AA0E49074802F09EFEE2
:1054D00001992046FFF794FCFDF73EFFBBE700BFB4
:1054E0003C0403083CF9002064F90020001C012062
:1054F00040F900204CF900201402030811F90020A3
:105500007C070308A8F802082DE9F04182B005469F
:105510000C4616461F464FF6FF70F7F71DFB00209E
:10552000F7F726FB0EB31F4B1B6823441E4A126875
:10553000934229D01D4B6A0103EB4511D1F8048039
:105540009858F7F708FF1A4BDE88013EC4EB047247
:10555000C4EB02120097174B1B78D33206FB00F105
:105560002846C04702B0BDE8F0816A01C4EB0431AF
:10557000C4EB0111D3310020009003230B4EB2582D
:1055800089B2F7F741FCCEE70A4B1B7843B14FF6DF
:105590001040F7F7E1FA4FF6FF70F7F7E9FAC9E7BD
:1055A0000020F6E760F900203CF900203C040308E5
:1055B0002400002011F90020F0B587B004460E4603
:1055C00017461D46FFF77AFB02888378ADF8142052
:1055D0008DF8163015BB2046FFF770FB03888178E5
:1055E000ADF80C308DF80E10A94800EB4414A268F9
:1055F0009DF80C309DF80D0071B9A649A64C01919B
:1056000000905021204602F0ABFD2246394630463C
:10561000FFF740FD07B0F0BDA049EFE7A04B1B68C6
:10562000A342F7D19F4A137883F0010313702046F9
:10563000FFF744FB03888178ADF808308DF80A1035
:10564000934B03EB44139A689DF808309DF80900CA
:10565000A1B990490191009050218F4802F080FD3E
:105660000C9B013B072B7CD8DFE813F00A003100CC
:105670007B00C3007B007B007B00EF008749E9E7EC
:10568000894B1B68032B07D80133874A1360032B10
:1056900067D10133136064E01A1F032A07D801336E
:1056A000814A1360072B5CD10133136059E07F48B6
:1056B000FAF7EEFD6401784A754B19597C4801F000
:1056C0003DF800237B4A1370774A136049E0764B1C
:1056D0001B68022B50D89DF80820774951F82330D9
:1056E0001344642B01D88DF80830694B03EB441345
:1056F0009A689DF808309DF809109DF80A00002866
:1057000038D16448019000915021634802F028FD8F
:105710009DF808209DF814309A4206D19DF8092082
:105720009DF815309A4200F00681594901EB441169
:1057300003AD00950DF1090302AA8968564802F0ED
:1057400065FD54492846F7F77EFD002840F0FB80B0
:1057500000238DF80A3002A92046FFF7BBFAFDF7B7
:10576000FBFD504B1B783A4631464F480068FFF727
:1057700059FC4FE74948C5E71A1F022A1FD89DF870
:105780000920043B4C4951F823301344642B01D8C1
:105790008DF809303E4B03EB44139A689DF80830AE
:1057A0009DF809109DF80A0038B93A480190009117
:1057B0005021394802F0D4FCAAE73848F6E79DF8B2
:1057C0000A10B1FA81F149098DF80A10304B03EB48
:1057D00044139A689DF808309DF8090039B92D499D
:1057E0000191009050212C4802F0BAFC90E72B491F
:1057F000F6E72D4B1B68032B14D8002B03DD013B70
:10580000294A1360ADE700232A4A1370264A136021
:105810002046FFF753FA02888378ADF808208DF808
:105820000A309EE71A1F032A07D8013B1E4A13605D
:10583000032B96D1013B136093E7013B1A4A136097
:10584000072B8ED1013B13608BE7174B1B68022B94
:1058500034D89DF80820184951F82330D31A642B06
:1058600001D88DF808300A4B03EB44139A689DF871
:1058700008309DF809109DF80A0038B905480190D4
:1058800000915021044802F06BFC41E70348F6E721
:105890003C0403082C02030864F9002028020308D2
:1058A0003CF9002044F9002058F90020001C012098
:1058B0001402030811F900207C0703081A1F022AAA
:1058C0001FD89DF80920043B254951F82330D31AED
:1058D000642B01D88DF80930224B03EB44139A68EE
:1058E0009DF808309DF809109DF80A0038B91E4847
:1058F0000190009150211D4802F032FC08E71C483D
:10590000F6E79DF80A10B1FA81F149098DF80A10FD
:10591000144B03EB44139A689DF808309DF8090076
:1059200039B91149019100905021104802F018FC3A
:10593000EEE60F49F6E79DF80A209DF816309A42E8
:105940007FF4F3AE0DE70B4903A8F7F77CFC18B919
:1059500001238DF80A30FEE600238DF80A30FAE6BE
:105960007C0703083C0403082C02030864F90020A8
:10597000280203083002030808B50A4B1A681144CC
:10598000196000290BDB0849F7F75DFC30B9054BBE
:105990001B68022B02DD034B02221A6008BD0022A5
:1059A0001A60F0E70CF900203402030870B50646CF
:1059B0000D460A48F7F760F8094B1C68084B196850
:1059C00001F10A03A34207DB2B463246611A204647
:1059D000FFF79AFD0134F1E770BD00BF24000020FD
:1059E00060F9002070B582B005461F240094EF23B3
:1059F00040F23F12DD210020F7F744F82046F7F788
:105A0000ABF84FF6FF70F7F7B3F82248F7F734F822
:105A1000002400940123204AEE212046F7F7F4F9F0
:105A20004FF6FF760096DC2340F23F121421204609
:105A3000F7F728F84CF218630093DD2340F23F1289
:105A4000142140F22F10F7F71DF8144B1968C823E2
:105A500003FB01F3124A82FB0312D917C1EBE201E7
:105A600044F208230093C1F1DB0340F23D12C1F17F
:105A700084014FF49970F7F705F83046F7F76CF8A2
:105A80002046F7F775F829462046FFF78FFF02B04A
:105A900070BD00BF2400002044F6020860F9002019
:105AA0001F85EB5183781F2B04D843780B2B03D928
:105AB0000020704700207047012070472DE9F04119
:105AC00086B004460D46164633B1924B1B6883429E
:105AD0001CD006B0BDE8F0818F4F3846F8F76AFC5D
:105AE0003A688E4B1A60FB788D4800EB4414DFF85F
:105AF000388200937B78BA78A168404602F062FB56
:105B0000424631462846FFF7C5FAE2E7854A137850
:105B100083F001031370814AD378814901EB40116E
:105B200000935378927889687F4802F04BFB0C9B76
:105B3000013B072B6AD8DFE803F004356987696900
:105B400069AE7A4B1B68062B0ADC0133774A136077
:105B5000022B01D0052B59D10133744A136055E053
:105B600005AB009304AB03AA71496F4802F04EFBEA
:105B70006A4C039BA370049B6370059BE3702046F3
:105B8000F8F714FA20706B4F01233B600022214686
:105B90006948EEF7F1F800233B60684A1370634AE6
:105BA000136033E0614B1A685F48835C01338354B0
:105BB00005AB009304AB03AA5D4902F027FB574CE9
:105BC000039BA370049B6370059BE3702046F8F76A
:105BD000EDF920702046FFF765FFE0B1534B1B68DD
:105BE000514AD25C392A02D94F4A3021D1544B4C08
:105BF0002046F8F7DBF920704E4F01233B6000226E
:105C000021464D48EEF7B8F800233B600020F6F738
:105C1000AFFF0024A6E0444F05AB009304AB03AAFA
:105C20004349384602F0F2FA039BA370049B637069
:105C3000059BE3702046F8F7B9F920703B4B1A68D2
:105C4000BB5C013BBB54E1E7384B1B68002B0ADD12
:105C5000013B364A1360022B01D0052BD6D1013B04
:105C6000324A1360D2E70023344A13702F4A13607C
:105C7000294F3846F8F79EFB3A68284B1A60FA78A5
:105C8000274B03EB441400927B78BA78A16826482E
:105C900002F098FABAE7254B1A682348835C013B67
:105CA000835405AB009304AB03AA214902F0AEFA7A
:105CB0001A4C039BA370049B6370059BE370204602
:105CC000F8F774F920702046FFF7ECFE48B1174B47
:105CD0001B68154AD25C2F2A89D8134A3921D1541E
:105CE00085E7124B1A681048835C0133835405AB77
:105CF000009304AB03AA0E4902F088FA039BA37039
:105D0000049B6370059BE3702046F8F74FF9207001
:105D10007CE700BF3CF9002004F9002008F90020CE
:105D20003C04030841F9002064F9002050F90020E8
:105D30003C02030820000E421803012011F9002044
:105D40004FF6FF70F6F708FF114B1B68D888013833
:105D500010FB045000230F4A125DB1B200B2F7F7F6
:105D600025F801340B48F7F7F6FAA0427FF6B1AEFA
:105D7000094B1B68A34206D1084B1B78002BDFD0D0
:105D80004FF61040DEE74FF61040F6F7E5FEDBE792
:105D9000F0C9002064F9002050F9002041F90020EA
:105DA00010B586B0044601A96846F8F70DFB01A9B5
:105DB0006846F8F7ABF9206406B010BD08B5FAF7ED
:105DC000CDF98078092802D9642802D808BD0A20B4
:105DD000FCE76420FAE7000038B50024012500E064
:105DE0000134182C09DC144B03EB4413DB69204607
:105DF00098470028F4D10546F2E7FAF7B3F90F4BBC
:105E0000D3F89C30984200D1A5B90D4800F096FC1B
:105E10000C4C48220C492046F7F737FA2046FFF78A
:105E2000BFFF2046FAF7B6F92046FAF731FA0748DD
:105E300000F084FC38BD00BF3C040308002800408B
:105E400048020308001C012064E102086002030804
:105E5000F0B5ADF51D7DFAF781F9014648229F485E
:105E6000F7F713FAFDF77EFAFFF7B6FF20220021BD
:105E700009A8F7F71FFA0122994911A8F2F7EEF9DC
:105E8000A0B16420FBF72AFA0026964B1E60964BC1
:105E90001E60964B1E703046FFF7A4FD944B012206
:105EA0001A70FEF7A3FF34463746D7E009A98C489D
:105EB000F3F78AF90028E4D109A8F8F76BF904464A
:105EC000864B1A6C8242DCD201468A4800F036FCCE
:105ED00009A902A8F8F78AF902A9874800F02EFC60
:105EE000864D284601F09CFC01F05EFC844902F0DE
:105EF0001BFA0146834800F021FC403D11A92846C9
:105F0000FDF7BCFD2C64FDF721FA58B17E4800F086
:105F100015FC7A4C204601F083FCA4F14000FBF70D
:105F200083FBAEE7794800F009FCF2E7782002F045
:105F300091F89EE0BDF81830B3F5C87F14D0B3F5E2
:105F4000E17F40F08B809DF81C30042B00F0AF8087
:105F5000012B40F08380654A137883F001031370AE
:105F60006B4B00221A6079E0FEF740FF9DF81C1091
:105F70005E4B1B78002B61D14B1E072B5AD8DFE8F4
:105F800003F05004594659595925574B1B683BB1EA
:105F9000544A126893420DDD013B534A136049E0B5
:105FA000514B18221A604F4B0E221A600846FFF719
:105FB00019FD3FE0002A3DD0013A4A480260013B0A
:105FC000494A13600846FFF70DFD33E0464B1B6856
:105FD000182B13D0172B02DC0133434A1360414BBB
:105FE0001B6803F10A00404A1268904222DA01332A
:105FF0003C4A13600846FFF7F5FC1BE000233A4AD1
:106000001360384A13600846FFF7ECFC12E0FDF716
:106010009DF9074608B901270CE03048FAF738F92E
:1060200008E0314B1A683B4B03EB4213012198689F
:10603000FFF7A2FC384B01221A700FE00120FFF796
:10604000B5FC0BE000210120FFF7B0FC0024324B2F
:106050001C7000F0CDFD0120F4F7C2FE56BB4FBB13
:106060002E4A2F4B1B6813602E4A12689A423FF645
:106070005DAF2A4B1B682B4A15685D1BF9F722FFA1
:1060800010B9294B9D4214D800231A4606A9274867
:106090000068F4F7B9FA01283FF44CAF0134B4F5C5
:1060A000FA7FCFDC1C4B1B78002BD2D0CAE701262D
:1060B000D4E701261EB10D4B1B78002B38D1F7F722
:1060C00023FB0028FBD10A4B00221A70FFF776FE53
:1060D00080B2FBF703F90DF51D7DF0BD001C01201A
:1060E000C4F8020860F900203CF9002011F90020F2
:1060F00012F90020DCFE020814FF0208401C0120F7
:1061000088FB020834FF020854FF020878FF0208E7
:106110000CF900203C04030810F900205CF9002071
:106120002400004048F90020002D3101FCFA002035
:106130001B4C2046F6F7A0FC4FF61040F6F70CFD7E
:106140004FF6FF70F6F714FDE188C1EBC1016589D8
:10615000C1F5A07202EBD2704410C5F1C90202EB86
:10616000D272531014335E1901EB60024FF61041E6
:10617000009103EB45030532A6F12201A4F10A00C8
:10618000F6F780FC002300930323064AB1B2A0B2C5
:10619000F6F73AFE4FF47A70F4F722FE8FE700BF6D
:1061A0003400002088F1020808B5FFF751FE08BD51
:1061B00070B50B4E34460B4B44F8043B0A4D0FCDE3
:1061C0000FC40FCD0FC495E8070084E807003046E0
:1061D000EDF716FF00B970BDFBF77AFFFBE700BFD4
:1061E000A40B012000300140900A03082DE9F04380
:1061F00083B00C4615461E469DF82880C0F5A07257
:1062000002EBD272531000EB6207A5EB0109981E56
:1062100009F1FF317A1C6B1CB8F1000F23D0758A8D
:106220000095F6F72FFCB3695D89641B04EBD47409
:1062300009EB6404B8F1000F17D0708AF6F78CFCF4
:10624000B08AF6F795FCB069F6F716FC291989B201
:106250000431002000900123F26989B2F6F7D4FDE1
:1062600003B0BDE8F083358ADAE7308AE6E700005C
:1062700000B589B015484FF02043036003F58273E1
:10628000436000228260C260026110234361826128
:10629000C261026242624FF480538362C26202634F
:1062A00042638263C26342640123019302930393B6
:1062B000049305930693079201A9EDF7E1FE10B947
:1062C00009B05DF804FBFBF703FFF9E7E02C0120C0
:1062D00070B506460D46134B1B782BB9124B1A7836
:1062E000124B1B789A4218D00E4B00221A700E4C9B
:1062F00022780E4B1A700E48F6F7BEFB1F20F6F7F9
:106300002BFC237853B14FF6FF70F6F731FC0023D6
:106310002022294630B2F6F749FD70BD48F2104000
:10632000F3E700BF0C020020ACB80020CDFA00203B
:106330001400002038B505460C46134B1B782BB9CA
:10634000F9F7C0FD114B1B78984219D00E4B002273
:106350001A70F9F7B7FD0D4B18700D48F6F78CFB66
:106360001F20F6F7F9FBF9F7ADFD50B14FF6FF70BE
:10637000F6F7FEFB00238022214628B2F6F716FD31
:1063800038BD48F21040F3E70D020020CCFA00209F
:106390001400002030B583B00446504D2846F8F76D
:1063A0001BF829464E48F6F74EFFD8B9142140F2A3
:1063B0003110FFF78DFF14214FF49170FFF7BAFFF2
:1063C000484B1B68A34203D0474B1B68A34227D10D
:1063D000444B1B68A34203D0434B1B68A34226D007
:1063E00003B030BD29463E48F6F7ACFF1F20F6F754
:1063F000B3FB4FF6FF70F6F7BBFB3C48F6F73CFBF0
:106400001F2300931323C32200210846F6F73AFB0B
:106410000020009003232A461121F6F7F5FCC5E77A
:10642000314B1C60EBF7F2FD314B1860D0E7304B7D
:106430001D6805F59C550835EBF7E8FD8542CFD37F
:10644000284B1C60142C3DD84FF47845F7F75CF8C6
:1064500008B14FF6E075009512234FF490720121B8
:10646000C620F9F745FE0095132340F221120021C2
:10647000C520F9F73DFE592000FB04F41D48A0FBA0
:10648000043464094FF4FC630093112304F1C60241
:106490000221C720F6F7F6FA04F1C800B0F5907FA4
:1064A00013DB154B1C681548F6F7E6FA4FF4FC6051
:1064B000F6F752FB44F20820F6F75AFB2046F6F7AF
:1064C000DBFA8DE74FF6FF75C0E700230093112339
:1064D00040F21F120221F6F7D5FAE2E784FA002013
:1064E000A8FA00201C020020200200202400002026
:1064F000C8FA00201F85EB51F0C9002004000020DD
:1065000008B5034B186003680020984708BD00BF1A
:10651000502D012008B572B6382204210748F9F73A
:10652000CDFEBFF34F8F0649CA6802F4E062054B07
:106530001343CB60BFF34F8F00BFFDE7DEC0EDFE1E
:1065400000ED00E00400FA0508B50348034B1860AD
:10655000FFF7D6FF08BD00BFBC010020542D01206D
:1065600008B5044AD2F81610C1F1EE010520F5F77E
:10657000E3F908BD240201082DE9F04F87B0074672
:106580000D4603929A4603689B691E8901360129CC
:1065900012D005FB06FB039A143A0592A2EB0B09F5
:1065A00099FBF5F94E4500DAB146DB880493012DDD
:1065B00004D00024A04605E07600EAE75B000493DF
:1065C000F7E70134AC4208DA57F82430D869F6F717
:1065D000C2FE4045F5D98046F3E7049B013B08FB2A
:1065E00003F86B1E09FB03BB059BA3EB0B0B0BEB2B
:1065F000DB7B039BA3EB6B0B00240FE006EB090294
:10660000544514BF00230123009357F8243004FBA2
:1066100012B231464046FFF7E9FD0134AC42EDDBF2
:10662000024BC3F800A007B0BDE8F08FF0FA0020DD
:1066300010B582B004464FF6FF730093EF2340F28B
:106640003F1214210020F6F71DFA084B1A68506813
:10665000074B18609168074B196023461269FFF7D2
:106660008BFFFFF77DFF02B010BD00BF542D01204E
:10667000442D0120302D0120F0B583B005460F4692
:106680000024012600E001342846F6F764FEA0420B
:1066900004D92B5D0A2BF6D10136F4E7013E0C4BF1
:1066A0001B6819895A8901FB062607FB06F6F9F7CC
:1066B0004FFD821B02EBD27206EB620201230093B4
:1066C0002B4692B20021B8B2F6F7DAFC03B0F0BD67
:1066D000F0C9002000B583B04FF6FF740094EF239B
:1066E00040F23F1200210846F6F7CCF92046F6F7B3
:1066F00033FA4FF47840F6F73BFA0648F6F7BCF960
:1067000002210548FFF7B8FF4FF4FA60F6F7C8FE1C
:10671000FFF700FF140000208807030808B50648AB
:10672000F2F70BFA08B9012008BD0348F2F7FCFDA7
:10673000B0FA80F04009F7E7940703080FB430B5CA
:10674000ADF52B7DF9F70AFDC36B002B3DD0AFAA49
:10675000A992AE99214802F08DF8122220491EA874
:10676000F1F77CFD002834D019A918A8F7F72CFE02
:106770009DF861209DF863309DF864109DF86500D8
:106780009DF866400394029001910093154B53F8D5
:1067900022309DF86220144904A801F013FD0F4D2A
:1067A000124C2B4604AA21461EA8F2F792FF2A4655
:1067B00004A9204601F036FC1EA8F2F7A0F90DF559
:1067C0002B7DBDE8304004B07047094801F0B0FCB3
:1067D000F5E7A1991EA8F2F7EDF9C5E7B8F9002091
:1067E000B407030854000020C0070308DC070308AF
:1067F000A007030870B58AB00024524B1C70012515
:10680000514B1D705148FFF799FF514E2B462246C0
:1068100040F214513068F6F7EDFD6420F4F7E0FA29
:106820002B46224640F214513068F6F7E3FD64200F
:10683000F4F7D6FAFFF772FF70B9FFF7B9FC454BD2
:106840001A68136843F0400313604348F5F746FCA9
:10685000FFF764FF002835D005A904A8F7F7B4FDB9
:106860009DF813209DF812309DF814109DF8150026
:106870000290019100939DF8113002F5FA623749B8
:10688000374801F09FFC00243548F2F74DFD0546DE
:1068900000283AD0082D23D101349DF813209DF80B
:1068A00012309DF814109DF8150003940290019188
:1068B00000939DF8113002F5FA622A49284801F048
:1068C00081FCE1E7284801F033FC2848FDF7C6FCCD
:1068D000274B1B68274A13601B682046984712E025
:1068E000254801F025FC254B53F82510244801F0DC
:1068F00099FB2448FDF7B2FC1D4B1B681D4A136031
:106900001B68002098470AB070BD1548F2F715F9CA
:10691000044610B9FCF774FDF5E71B4801F008FCCC
:10692000164B53F82410164801F07CFB1748FDF76E
:1069300095FC0F4B1B680F4A13601B68002098479B
:10694000E1E700BFB4F90020B5F90020E40703082F
:10695000B4D60020A40B0120B0080120440803088D
:10696000701C0120C8080308F40703082008030866
:10697000542D0120502D012068080308B800002084
:1069800090080308A0080308F00803081C0903087E
:1069900008B5F9F797FA30B9044B00221A70044889
:1069A000FFF7CCFE08BDEFF765F9F5E7B5F9002074
:1069B0002C09030810B594B0214C2046F6F7C6FD0B
:1069C000F6F712FE2046F6F7A9FD2046F6F75AFE26
:1069D0001C4B1B78F3B91C48F2F7AFF8194B1B7826
:1069E00053BB184B1878194B1860FFF7D1FF184BA1
:1069F0001868FFF785FD00231A4640F21451154828
:106A00000068F6F7F7FC0021134B1868F3F711FC48
:106A100014B010BD1148F2F790F8114C22461149FC
:106A2000684601F0CFFB69462046F2F752FD694601
:106A30002046F6F787FCCEE70B48FDF70FFCD0E7C2
:106A4000D0DC0208B4F900204C090308F0FA002059
:106A5000542D0120B4D60020FCFA00203CDC0208B2
:106A6000701C0120400903085009030800B587B0D5
:106A7000FFF7FEFB0020F6F765FBF6F7DDFE0020D2
:106A8000FAF72CFCF5F76EFEF020F6F7A9FB4FF4B1
:106A9000A070F6F79FFB01A8F5F7E0FF01A8F5F756
:106AA000C1FF01A8F5F7E1FF0020F6F743F805481C
:106AB000F5F7E2FFFFF782F980B2FAF70FFC07B0B3
:106AC0005DF804FB140000200C490A68531C0B609D
:106AD0000B4921F81200102B09D0002318460F2B68
:106AE00009DC074A32F8132010440133F7E7034B5F
:106AF00000221A60F1E7C0F30F107047A4FA0020DB
:106B0000D0FA0020334B1A6801321A6032490B6800
:106B100001330B60B3F57A7F03D90B464FF47A71DA
:106B200019602D4B1B68B3F57A7F02D3B2F57A7FDB
:106B30004EDB10B50020274B186072B6F6F730FD1B
:106B40000520F6F7A3FC0B20FBF7E0FA234C2060AE
:106B500062B60120F6F724FD2088FFF7B5FF41F665
:106B6000C81303FB00F01E4B83FB00230344C01734
:106B7000C0EBE320963080B2B0F5616F14D3A0F57E
:106B800061605A2303FB00F0164B83FB0023C01700
:106B9000C0EBE3130A339BB2134A1380642B02D970
:106BA000134664221A8010BD40F6B73398420BD9C1
:106BB000A0F6B8300D4B83FB00230344C017C0EB95
:106BC0006310094B1880EEE7074B00221A80EAE7B2
:106BD000704700BF80FA0020F4FA002000FB00207C
:106BE000810008801F85EB51CEFA002089888888B3
:106BF00008B5024B1888FFF7CDFB08BDCEFA002080
:106C000000B587B001A96846F7F7DEFB9DF80520BF
:106C1000194B93F821309A4229D1174B93F823103E
:106C200059B193F82030172B05DC9DF804209A42C7
:106C300020D00B44F7E7002308E09DF804300E4A0B
:106C400092F82020934214BF002301237BB10B4B09
:106C50001A680B4B9A420AD0084A13601B68094A0B
:106C6000106898470021084B1868F3F7E2FA07B05C
:106C70005DF804FB0123E9E7001C0120502D0120F1
:106C8000F8010020F0FA0020FCFA002000B59BB0CB
:106C90008F4B19688F48FFF751FD00220C210A2005
:106CA000F3F7FCFA04468C49F3F7C4FD8B4D2C60D6
:106CB00000220C210120F3F7F1FA04468849F3F78A
:106CC000B9FD884B1C602868F6F788FEFFF7CEFEFA
:106CD000F6F71AFC80F00103834A137000231A466A
:106CE00040F2145181480068F6F784FB804B814ADA
:106CF0001360814A13601B68804A10689847804B74
:106D00001B6913F4807FFAD07E4B12934FF47A7391
:106D100002930023019312AB00934FF461734FF47D
:106D200048727049096871480068F6F71DFB88B120
:106D300010AB11AA744912A801F068FA022803D016
:106D40007248FFF7FBFC18E0109A11997048FFF7A2
:106D5000F5FC12E06F48FFF7F1FC0EE0B3F5C87FD9
:106D600028D0B3F5FA7F40F0AB806B4B1B780BB9A2
:106D7000FFF73EFF0120F4F733F8FFF741FF002350
:106D80001A460DA955480068F3F73EFC0128ECD1DE
:106D9000BDF83430B3F5487F00F08D80DED940F285
:106DA0004C4293427FD0B3F5966F40F08980FDF757
:106DB000C1FADAE7594B1B781BB1584B00221A7005
:106DC000D3E74D4B1A68D1680E9B0B40013B072B54
:106DD000CBD801A151F823F0596E0208F96D0208D1
:106DE0006B6D0208516E02086B6D02086B6D020834
:106DF0006B6D0208236E0208404B1B686BB99368E9
:106E0000013B3E490B603D4B1B68126944490968D0
:106E100044480068FFF7B0FBA7E7013B37490B6028
:106E2000F1E79368013B354909688B420CD0013189
:106E3000324B1960314B1B6812693949096839486E
:106E40000068FFF799FB90E72C4B00211960F1E7F0
:106E5000354B01221A7088E75368284A106853F8A6
:106E600020301B6A03B19847234B1B685B68234A99
:106E7000126853F822305B6A83B11F4A13601F4BBC
:106E800000221A601C4B1B681B680BB11046984708
:106E90000021124B1868F3F7CCF966E7154B1A6816
:106EA000154B1A60EBE7BDF83630B3FA83F35B0994
:106EB0000D4A137059E70E9905A8F6F743FA54E7FF
:106EC00000231A4632210F98F6F794FA4DE700BFD7
:106ED00010010020580903086C090308FCFA00207F
:106EE00070090308F8FA00204C2D0120B4D60020C8
:106EF000D0010020542D0120502D0120F0FA002057
:106F00000000024047463E007C090308AC09030824
:106F100088090308D009030812F9002040B90020AD
:106F2000302D0120442D0120B4F9002010B5044675
:106F3000F4F746F901280BD000234FF0FF32194631
:106F40000D480068F3F760FB012801D0032409E035
:106F5000B4FA84F25209094B1978094B1878FAF7F8
:106F60009DFE002400231A46194603480068F3F7E3
:106F7000C7F9204610BD00BF04FB002008FB00201D
:106F800009FB002038B5124C2070124D29700120E9
:106F9000F3F75CFA104B186000231A461946F3F712
:106FA000AFF9002229782078FAF7DAFE0022297852
:106FB0002078FAF7F8FE002229782078FAF716FFF1
:106FC000002229782078FAF769FE002038BD00BF3A
:106FD00009FB002008FB002004FB002070B54FF0E7
:106FE000FF0C4CF4E06C1CEA11541DBF1CEA135555
:106FF00094EA0C0F95EA0C0F00F0DEF82C4481EABD
:10700000030621EA4C5123EA4C5350EA013518BFDC
:1070100052EA033541F4801143F4801338D0A0FBC9
:1070200002CE4FF00005E1FB02E506F00042E0FB76
:1070300003E54FF00006E1FB03569CF0000F18BF7C
:107040004EF0010EA4F1FF04B6F5007F64F5407424
:1070500004D25FEA4E0E6D4146EB060642EAC621B7
:1070600041EA55514FEAC52040EA5E504FEACE2E24
:10707000B4F1FD0C88BFBCF5E06F1ED8BEF1004F27
:1070800008BF5FEA500E50F1000041EB045170BDA3
:1070900006F0004646EA010140EA020081EA0301E7
:1070A000B4EB5C04C2BFD4EB0C0541EA045170BDE3
:1070B00041F480114FF0000E013C00F3AB8014F15D
:1070C000360FDEBF002001F0004170BDC4F10004A6
:1070D000203C35DA0C341BDC04F11404C4F1200527
:1070E00000FA05F320FA04F001FA05F240EA020082
:1070F00001F0004221F0004110EBD37021FA04F6B8
:1071000042EB06015EEA430E08BF20EAD37070BD71
:10711000C4F10C04C4F1200500FA04F320FA05F0D0
:1071200001FA04F240EA020001F0004110EBD370D2
:1071300041F100015EEA430E08BF20EAD37070BD42
:10714000C4F1200500FA05F24EEA020E20FA04F31B
:1071500001FA05F243EA020321FA04F001F00041CA
:1071600021FA04F220EA020000EBD3705EEA430E3B
:1071700008BF20EAD37070BD94F0000F0FD101F06A
:107180000046400041EB010111F4801F08BF013CA3
:10719000F7D041EA060195F0000F18BF704703F0E1
:1071A0000046520043EB030313F4801F08BF013D68
:1071B000F7D043EA0603704794EA0C0F0CEA135524
:1071C00018BF95EA0C0F0CD050EA410618BF52EADE
:1071D0004306D1D181EA030101F000414FF00000E4
:1071E00070BD50EA410606BF1046194652EA4306F2
:1071F00019D094EA0C0F02D150EA013613D195EA66
:107200000C0F05D152EA03361CBF104619460AD1AD
:1072100081EA030101F0004141F0FE4141F47001B7
:107220004FF0000070BD41F0FE4141F4780170BDA7
:1072300081F0004102E000BF83F0004330B54FEA27
:1072400041044FEA430594EA050F08BF90EA020F94
:107250001FBF54EA000C55EA020C7FEA645C7FEA27
:10726000655C00F0E2804FEA5454D4EB5555B8BF4A
:107270006D420CDD2C4480EA020281EA030382EABB
:10728000000083EA010180EA020281EA0303362D4D
:1072900088BF30BD11F0004F4FEA01314FF4801C20
:1072A0004CEA113102D0404261EB410113F0004F32
:1072B0004FEA03334CEA133302D0524263EB4303E9
:1072C00094EA050F00F0A780A4F10104D5F1200E87
:1072D0000DDB02FA0EFC22FA05F2801841F10001E2
:1072E00003FA0EF2801843FA05F359410EE0A5F1B6
:1072F00020050EF1200E012A03FA0EFC28BF4CF0E7
:10730000020C43FA05F3C01851EBE37101F000459C
:1073100007D54FF0000EDCF1000C7EEB00006EEBA9
:107320000101B1F5801F1BD3B1F5001F0CD3490833
:107330005FEA30004FEA3C0C04F101044FEA44528A
:1073400012F5800F80F09A80BCF1004F08BF5FEA11
:10735000500C50F1000041EB045141EA050130BDF1
:107360005FEA4C0C404141EB0101013C28BFB1F503
:10737000801FE9D291F0000F04BF01460020B1FA4E
:1073800081F308BF2033A3F10B03B3F120020CDA21
:107390000C3208DD02F1140CC2F10C0201FA0CF0FF
:1073A00021FA02F10CE002F11402D8BFC2F1200C64
:1073B00001FA02F120FA0CFCDCBF41EA0C0190401A
:1073C000E41AA2BF01EB0451294330BD6FEA040463
:1073D0001F3C1CDA0C340EDC04F11404C4F120024E
:1073E00020FA04F001FA02F340EA030021FA04F360
:1073F00045EA030130BDC4F10C04C4F1200220FAB7
:1074000002F001FA04F340EA0300294630BD21FAF4
:1074100004F0294630BD94F0000F83F4801306BFBA
:1074200081F480110134013D4EE77FEA645C18BFAE
:107430007FEA655C29D094EA050F08BF90EA020F45
:1074400005D054EA000C04BF1946104630BD91EA3D
:10745000030F1EBF0021002030BD5FEA545C05D140
:107460004000494128BF41F0004130BD14F580047F
:107470003CBF01F5801130BD01F0004545F0FE41F3
:1074800041F470014FF0000030BD7FEA645C1ABF28
:10749000194610467FEA655C1CBF0B46024650EA5F
:1074A000013406BF52EA033591EA030F41F400218B
:1074B00030BD00BF90F0000F04BF0021704730B511
:1074C0004FF4806404F132044FF000054FF00001E6
:1074D00050E700BF90F0000F04BF0021704730B5A7
:1074E0004FF4806404F1320410F0004548BF40427C
:1074F0004FF000013EE700BF42004FEAE2014FEAD1
:1075000031014FEA02701FBF12F07F4393F07F4FAB
:1075100081F06051704732F07F4208BF704793F0AE
:107520007F4F04BF41F40021704730B54FF46074C1
:1075300001F0004521F000411CE700BF50EA0102C4
:1075400008BF704730B54FF000050AE050EA01026D
:1075500008BF704730B511F0004502D5404261EBDD
:1075600041014FF4806404F132045FEA915C3FF41E
:10757000D8AE4FF003025FEADC0C18BF03325FEABB
:10758000DC0C18BF033202EBDC02C2F1200300FA6C
:1075900003FC20FA02F001FA03FE40EA0E0021FA91
:1075A00002F11444BDE600BF4FF0FF3C06E000BF0F
:1075B0004FF0010C02E000BF4FF0010C4DF804CD7C
:1075C0004FEA410C7FEA6C5C4FEA430C18BF7FEA3C
:1075D0006C5C1BD001B050EA410C0CBF52EA430C6A
:1075E00091EA030F02BF90EA020F0020704710F1EA
:1075F000000F91EA030F58BF994208BF90422CBF79
:10760000D8176FEAE37040F0010070474FEA410C71
:107610007FEA6C5C02D150EA013C07D14FEA430C8F
:107620007FEA6C5CD6D152EA033CD3D05DF8040B00
:10763000704700BF8446104662468C461946634632
:1076400000E000BF01B5FFF7B7FF002848BF10F109
:10765000000F01BD4DF808EDFFF7F4FF0CBF01204E
:1076600000205DF808FB00BF4DF808EDFFF7EAFFCA
:1076700034BF012000205DF808FB00BF4DF808ED85
:10768000FFF7E0FF94BF012000205DF808FB00BF7A
:107690004DF808EDFFF7CEFF94BF012000205DF804
:1076A00008FB00BF4DF808EDFFF7C4FF34BF012011
:1076B00000205DF808FB00BF4FEA410212F50012FE
:1076C00015D211D56FF47873B3EB625212D94FEA29
:1076D000C12343F0004343EA505311F0004F23FA13
:1076E00002F018BF404270474FF00000704750EA68
:1076F000013005D111F0004008BF6FF00040704725
:107700004FF00000704700BF4FEA4102B2F1E04382
:1077100024BFB3F5001CDCF1FE5C0DD901F0004C78
:107720004FEAC0024CEA5070B2F1004F40EB8300C8
:1077300008BF20F00100704711F0804F21D113F1F4
:107740003872BCBF01F00040704741F480114FEA2D
:107750005252C2F11802C2F1200C10FA0CF320FAB6
:1077600002F018BF40F001004FEAC1234FEAD323D3
:1077700003FA0CFC40EA0C0023FA02F34FEA43033D
:10778000CCE77FEA625307D150EA01331EBF4FF0C6
:10779000FE4040F44000704701F0004040F0FE40E1
:1077A00040F40000704700BF094B70B51C68256CA1
:1077B00006463DB91A2000F02BF91A22206429460A
:1077C000F5F778FD216C3046BDE8704000F002B856
:1077D0008802002010B50C4641690369826986B0B1
:1077E00001F26C7104910168039141680291816812
:1077F0000191C1680091074903EB43030B4406491B
:1078000002EB42020A442046044900F0DBFC204619
:1078100006B010BDF10A0308DC0A0308BC0A03081D
:1078200038B5074B1C68E36B05461BB9242000F0F4
:10783000EFF8E063E16B2846BDE8384000F002B89D
:10784000880200202DE9F0410C46804601F0D4FA70
:1078500021460746404601F0D3FA466906F26C76A7
:10786000B307044605D1642296FBF2F302FB1363CF
:107870004BB94FF4C87596FBF5F305FB1365B5FAE4
:1078800085F35B0900E001235F4A302505FB0325F2
:1078900000F050FE00F050FE5C4B1B68F3B17B68BB
:1078A0009E4205D13968D8F80030FA6941B90AE03A
:1078B000304600F097FD0028F4D14FF0FF330DE083
:1078C000934208DB01E0934207DABA6B9342ACBF04
:1078D0000023012302E0002300E001232362236A46
:1078E000012B0CBFF96B396A4FF461633C2091FBAB
:1078F000F3F603FB1613616893FBF0F200FB123002
:107900002368891AA26861601B1A921B3B2B2360B3
:10791000A26003DD013161603C3B04E0002B03DA2F
:10792000013961603C33236063683B2B03DD013226
:10793000A2603C3B04E0002B03DA013AA2603C3336
:107940006360A368172B22DDE2690132E261A2695C
:107950000132062AC8BF0022A261E268183B013248
:10796000A3602369E26055F823108A4246DD0133A3
:107970000C2B0CBF63692361A2EB0102E26001BF23
:10798000013300222261636108BFE26136E0002B0F
:1079900034DAE269013AE261A269013A48BF06229B
:1079A000A261E2681833013AE260A36032BB236946
:1079B000013B01D423611DE00B23236163695A1E3F
:1079C00012F0030F626103F26B7305D1642193FB24
:1079D000F1F201FB12324AB94FF4C87193FBF1F294
:1079E00001FB1233B3FA83F35B0900E0012303F5D3
:1079F000B673E361236955F82330E36000F09BFD23
:107A00002046BDE8F08100BF7C0C030830FB00205D
:107A1000024B0146186800F0A7BA00BF8802002098
:107A2000024B0146186800F051BA00BF88020020DE
:107A3000F7B501683B29044611D93C22684601F09C
:107A400007F8019A63680099002A0B446360BBBF82
:107A50003C3203F1FF3322602260B8BF636061688B
:107A60003B2911D93C22684600F0F2FF019AA16837
:107A7000009B002A0B44A360BBBF3C3203F1FF33E1
:107A800062606260B8BFA360A168172911D918228B
:107A9000684600F0DDFF019AE168009B002A0B4474
:107AA000E360BBBF183203F1FF33A260A260B8BF2E
:107AB000E36021690B2911D90C22684600F0C8FF48
:107AC000019A6169009B002A0B446361BBBF0C32C1
:107AD00003F1FF3322612261B8BF636163699907D3
:107AE00012D1642193FBF1F201FB123272B903F25D
:107AF0006C734FF4C87193FBF1F201FB1233002B4E
:107B000014BF1C231D2302E01C2300E01D23E26898
:107B1000002A06DD334F4FF0000E64254FF4C8767F
:107B200039E0304F0B2664204FF4C875D4F80CE0D0
:107B3000BEF1000F53DC216901392161013118D1F7
:107B400063692661591E8A0761610FD191FBF0F2CA
:107B500000FB121161B903F26B7393FBF5F205FBA5
:107B60001233002B14BF1C231D2302E01C2300E052
:107B70001D232269012A14BF57F822201A46724495
:107B8000E260D3E78B422ADA18460132091A0C2A3E
:107B9000E160226108D02269E168012AF2D057F839
:107BA00022008142F1DC1AE06369C4F810E05A1C3B
:107BB000910762610FD192FBF5F105FB112262B9C9
:107BC00003F26D7393FBF6F206FB1233002B14BF26
:107BD0001C231D23DFE71C23DDE71D23DBE703B0A8
:107BE000F0BD00BF4C0C03082DE9F047054601F03D
:107BF00003F981462846FFF71BFF95E80C003C215E
:107C000001FB0323AA68EC684FF4616808FB0231AA
:107C10002B69AB4A52F82320013C012B14446B69B9
:107C200011DD9E070FD1642093FBF0F200FB1232AE
:107C300042B903F26C764FF4C87296FBF2F002FB85
:107C4000106202B9013403F51C52103244F6206070
:107C50008242EC611F4600F22E81462B22DD462235
:107C600040F26D1C64264FF4C87E900710D192FB41
:107C7000F6F006FB102070B902F26C7898FBFEF06B
:107C80000EFB1080002814BF60464FF4B77004E06C
:107C900040F26D1001E04FF4B7700132934204449A
:107CA000E3D144E043D0452240F26D1E64264FF4F8
:107CB000C8779A421ADD900710D192FBF6F006FBC6
:107CC000102070B902F26C7C9CFBF7F007FB10C02F
:107CD000002814BF70464FF4B77004E040F26D10F6
:107CE00001E04FF4B770241A013AE2E7452BA8BF30
:107CF00045239E071F4614D1642293FBF2F302FB37
:107D000013738BB907F26C704FF4C87390FBF3F2E6
:107D100003FB1203002B40F26D1308BF4FF4B7733F
:107D200004E040F26D1301E04FF4B773E41A6548C4
:107D300000FB041800F0FEFB00F0FEFB624B1E6827
:107D4000002E00F0A4802B6A6869012BA8BF0123D4
:107D50009A46D9F8043000F26C7098420DD1D9F8E7
:107D60003820D9F82030D9F83C00D9F81C10D61AA0
:107D7000B045A1EB000105DA07E000F033FB002875
:107D8000EDD176E0121A904573DBD9F8002012B1DC
:107D9000884577DB01E0884507DAB045ACBF0026AF
:107DA0000126BAF1000F04DA64E0BAF1000F63DBD8
:107DB00001268AEA060ABAF1010F5BD11B1A06B93D
:107DC0005B422A68D5F80CA01A442A6028469844D9
:107DD000FFF72EFEEB68B3EB0A034BD0012B03DC5D
:107DE000981CD8BF012301E04FF0FF33EA691C441F
:107DF0009B181DD57B1E990714D1642193FBF1F2CA
:107E000001FB12338BB907F26B774FF4C87297FB03
:107E1000F2F302FB1377002F40F26D1318BF4FF4FB
:107E2000B67324E04FF4B67321E040F26D131EE008
:107E3000BA0714D1642197FBF1F201FB12728AB9DF
:107E400007F26C774FF4C87197FBF1F201FB1277E0
:107E5000002F40F26D1208BF4FF4B77204E040F2F9
:107E60006D1201E04FF4B7729A42D8BF9B1AEB61D2
:107E700000E05646012E0AD1D9F83C00012608EB55
:107E8000000708E0BAF1000F4FF0000691DAD9F8C8
:107E9000200008EB000700F04EFB0434072394FB9E
:107EA000F3F3C3EBC303E41A48BF07342E62AC619B
:107EB0003846BDE8F0874FF0FF30BDE8F08700BFDF
:107EC0001C0C03088051010030FB002038B505462A
:107ED000002946D051F8043C0C1F002BB8BFE41811
:107EE00001F098F81F4A1368114613B963601460D3
:107EF00032E0A3420ED92268A018834204BF18685A
:107F00005B68636004BF121822600C6024E0A24228
:107F100003D813465A68002AF9D118681918A142E3
:107F20000BD12168014458188242196014D110689D
:107F300052685A60014419600EE002D90C232B608C
:107F40000AE021686018824204BF106852686260CB
:107F500004BF091821605C602846BDE8384001F084
:107F60005AB838BD10FB002070B5CD1C25F00305B4
:107F700008350C2D38BF0C25002D064601DBA94223
:107F800002D90C23336046E001F044F8234B1C680F
:107F90001A462146A1B10B685B1B0ED40B2B03D9EB
:107FA0000B60CC18CD501EE08C420DBF63684B684F
:107FB0006360136018BF0C4615E00C464968E9E79A
:107FC000174C23681BB9304600F0BAF820602946E8
:107FD000304600F0B5F8431C18D0C41C24F003044C
:107FE000A0420DD12560304601F015F804F10B00D8
:107FF000231D20F00700C31A0ED05A42E25070BD74
:10800000211A304600F09CF80130EBD10C2333608C
:10801000304601F000F8002070BD00BF10FB0020CA
:108020000CFB00200FB40A4B13B51C6824B1A369E4
:1080300013B9204600F012FE05AB049AA168019323
:10804000204601F011FB02B0BDE8104004B07047BB
:108050008802002038B5084B1C68054624B1A36986
:1080600013B9204600F0FAFDA26829462046BDE873
:10807000384001F007BF00BF8802002070B50E46EF
:10808000054618B183690BB900F0E8FDAB69AC682F
:1080900013B9284600F0E2FD224B9C4201D16C68E6
:1080A00008E0214B9C4201D1AC6803E01F4B9C428D
:1080B00008BFEC68A3891B0701D523693BB921469A
:1080C000284600F047FC10B14FF0FF3070BD013E74
:1080D000A36816F8011F013BA36091B1002B04DADD
:1080E000A269934206DB0A2904D023685A1C226045
:1080F0001970EDE72246284600F0C6FB0130E7D1B3
:10810000E2E7002B08DA22460A21284600F0BCFBF1
:108110000130D9D00A2070BD23680A205A1C226081
:10812000187070BD180D0308380D0308580D0308AA
:10813000024B01461868FFF7A1BF00BF880200206C
:1081400038B5064C002305460846236002F0E4F9E2
:10815000431C02D1236803B12B6038BD642D01207C
:108160000CB430B5164B0C1E9DB01D6804DA8B2381
:108170002B604FF0FF301EE04FF40273ADF8143067
:1081800014BF04F1FF332346049307934FF6FF73A4
:1081900002900690ADF81630209A21AB02A928462D
:1081A000019300F093FF431CBCBF8B232B6014B1E1
:1081B000029B00221A701DB0BDE8304002B070472B
:1081C000880200200EB400B59CB04FF402711DABC4
:1081D000ADF81410029006906FF000410A48049127
:1081E00007914FF6FF7153F8042BADF81610006895
:1081F000019302A900F06AFF029B00221A701CB0D2
:108200005DF804EB03B07047880200200EB430B56F
:108210009CB01FAC4FF4017254F8045BADF814200D
:1082200002900690F5F797F80B4B039007900B938D
:108230000A48019400230F9314934FF6FF73ADF88F
:1082400016302A46234602A9006801F08FF81CB0B8
:10825000BDE8304003B070478382020888020020E6
:1082600010B50C46B1F90E1001F042FE0028ABBF6C
:10827000636DA3891B1823F48053ACBF6365A3818E
:1082800010BD002070472DE9F0411F468B89DB05AA
:1082900005460C46164605D502230022B1F90E10FC
:1082A00000F046FEA389B4F90E1023F48053A38195
:1082B00032463B462846BDE8F04100F039BB10B5D8
:1082C0000C46B1F90E1000F033FE431CA38915BF14
:1082D000606523F4805343F48053A38118BFA381C6
:1082E00010BDB1F90E1000F0A3BB00000D4B30B56E
:1082F0001D6810F8013BEA18527802F00302012AC7
:1083000011F8012B05EB020408BF2033647804F058
:108310000304012C08BF20329B1A01D1002AE8D1A6
:10832000184630BD24020020174B2DE9F0411D688E
:10833000AC6D06460F46FCB95020FFF769FBA865F7
:108340008460AB6D046044601C61DC60AB6D9C615B
:108350005C61AB6DDC629C62AB6D5C631C63AB6D9E
:10836000DC639C63AB6D5C641C64AB6DDC649C641F
:10837000AB6D1C77AB6D5C62AA6D3946304601234C
:10838000BDE8F04100F002B888020020F0B548B91D
:10839000106838B9F0BD17F8016B5EB1B542FAD17B
:1083A0002BB1204604460F4614F8015BF3E7146036
:1083B0000370F0BD4DB915602846F0BD17F8016B8C
:1083C000B54207D0002EF9D11C4623460F4613F8BC
:1083D000015BF3E715B10021217000E02B4613602B
:1083E000F0BD00002DE9F74F044600F005FD40F216
:1083F000B1739C4240F396806FF4F663E318A4F2E5
:10840000B2729B1040F26D1505FB0235A4F26D723D
:108410006FF0630392FBF3F36FF4C8622B44A5186B
:108420004FF4C87295FBF2F51D44642394FBF2F7F8
:1084300094FBF3F602FB174703FB164600F13803E3
:10844000B7FA87FE019304F0030344604FEA5E1E0F
:10845000014600934FF0070C0B7A4A2B0ED14B6963
:10846000009AEC1802B906B927B93B2BD4BF0023F8
:10847000012300E000232344013B3FE0442B02D1D1
:108480004B692B443AE0009B2BB9002E0CBFF04601
:108490004FF0010800E0F046244BCC68302202FB8C
:1084A0000838A8F1040AA9460123A34204DA5AF8BD
:1084B00004BF0133D944F8E709F1040393FBFCFB43
:1084C000CBEBCB0A012CCAEB030A4B69B8BF0124E2
:1084D00004F18044B3EB0A0A0B6904F1FF3403F1A1
:1084E000FF3348BF0AF1070AC3EBC30358F824401F
:1084F0005344A34201DB073BFBE74B448C690C4A26
:1085000002FB03430C6A234441F81C3F019B994240
:10851000A2D1C369826B9342ACBF002301230360E5
:10852000012000E0002003B0BDE8F08F7C0C0308C0
:108530008051010070477047014B186800F002B885
:10854000880200202DE9F04F8DB0074600F054FC62
:10855000B049B14E0446384600F046FC054660B9C5
:10856000AE4BAF4A1860AF4B1860AF4B30681A6023
:108570005A60FFF755FA356048E1316879B93068DB
:10858000FFF74EFA2846F4F7E6FE411C3846FFF79F
:10859000EBFC306048B12946F4F7D4FE05E0F4F76F
:1085A00052FE002800F03281E9E72B789F4AA0496B
:1085B0003A2B08BF01350AAE33462846FFF726FEA0
:1085C000002840F323810A9BEF18EB5C2D2B03D18D
:1085D00001374FF0FF3503E02B2B08BF0137012592
:1085E0000DF1200A0DF11E0B4FF000080396CDF897
:1085F00008A00196CDF800B0334607AA8D49ADF822
:108600001E803846ADF82080FFF700FE404540F35D
:10861000FD80BDF81E20BDF82030DFF824923C21FB
:1086200001FB0233BDF81C204FF4616101FB0233F2
:108630005D4325627C4D7D4B2B600A9B7C491F442A
:108640004A4633463846FFF7E1FD404508DC2B68D3
:108650006B60724B226A1A60724BC3F80080D5E0DF
:108660000A9BC5F80490FD18FB5C2D2B03D1013546
:108670004FF0FF3703E02B2B08BF01350127002304
:10868000ADF81C30ADF81E30ADF820300A930396DB
:10869000CDF808A00196CDF800B0334607AA654989
:1086A0002846FFF7B3FD002804DC236AA3F56163C5
:1086B000E3630EE0BDF81E20BDF820303C2101FB35
:1086C0000233BDF81C204FF4616101FB02335F43AC
:1086D000E7630A9B27461D444FF000092B782C2B9B
:1086E00008BF013595F80080B8F14D0F26D10DF186
:1086F0002603029309AB00930396019633460DF1CE
:1087000022024D492846FFF781FD03287ED1BDF89E
:1087100022104B1E0B2B79D8BDF82420531E042B9E
:1087200074D8BDF82630062B70D887F80880F96019
:108730003A617B610A9B05EB03082AE0B8F14A0F16
:1087400006BF0135434644230A220BA92846059358
:1087500001F02AFDDDF82C80ADF826004545059B8B
:1087600014D14D23B9F1000F07D123720323E36025
:1087700002232361C4F814900BE084F824300B2307
:10878000A3620123E3620023236302E080B23B7211
:1087900078610223ADF81C300023ADF81E30ADF82F
:1087A00020300A9398F800302F2B0BD10396CDF888
:1087B00008A00196CDF800B0334607AA1F494046ED
:1087C000FFF724FDBDF81E20BDF820303C2101FB41
:1087D0000233BDF81C204FF4616101FB0233BB6121
:1087E0000A9D09F10109B9F1020F454407F11C077F
:1087F0007FF474AF6068FFF7F5FD084B226A1A60DA
:10880000E36B9B1A074A18BF012313600DB0BDE844
:10881000F08F00BFDC0C03082CFB002034FB002091
:10882000DF0C030830FB00208C0200201FFB00201F
:10883000E30C0308060D0308F20C0308050D0308FA
:1088400014FB002010B59AB04FF40274009104910B
:108850006FF00041029105914FF6FF71ADF80E10D7
:108860006946ADF80C4000F031FC009B00221A7004
:108870001AB010BD13460A46014602480068FFF7C9
:10888000E1BF00BF88020020F8B50F461446064637
:1088900018B183690BB900F0E1F9224B9C4201D178
:1088A000746808E0204B9C4201D1B46803E01F4B80
:1088B0009C4208BFF468A369A360A3891A0709D57D
:1088C00023693BB123682069181A63699842FDB295
:1088D0000FDB08E02146304600F03CF80028F1D0DC
:1088E0004FF0FF30F8BD2146304600F04DF900282A
:1088F000F6D1A368013BA36023685A1C22601F7055
:108900006269431C934204D0A389DB0707D50A2D73
:1089100005D12146304600F037F90028E0D128463D
:10892000F8BD00BF180D0308380D0308580D0308E3
:1089300038B5074C054608461146002222601A4603
:1089400001F076FD431C02D1236803B12B6038BDD2
:10895000642D0120324B70B51D6806460C4625B1CA
:10896000AB6913B9284600F079F92E4B9C4201D12E
:108970006C6808E02C4B9C4201D1AC6803E02B4BA7
:108980009C4208BFEC68B4F90C309AB215071DD4AC
:10899000D00602D4092232603AE0510712D5616B49
:1089A00041B104F14403994202D03046FFF78EFAF8
:1089B00000236363A38923F02403A381002363605E
:1089C00023692360A38943F00803A38123694BB97A
:1089D000A38903F42073B3F5007F03D0214630460A
:1089E00000F0DCFAA28912F0010305D00023A36095
:1089F00063695B42A36103E0920758BF6369A360A8
:108A000023695BB9B4F90C3003F0800080B230B157
:108A100043F04003A3814FF0FF3070BD002070BDD4
:108A200088020020180D0308380D0308580D0308AC
:108A300038B5064C002305460846236001F04CFD7E
:108A4000431C02D1236803B12B6038BD642D012083
:108A5000002910B591FBF2F402FB141304DB002B88
:108A600007DA01349B1A04E0002BC4BF04F1FF3481
:108A70009B180460436010BD8A892DE9F0410546CA
:108A800010070C4659D44B68002B02DC0B6C002BF2
:108A900017DDE66AAEB102F48052002392B22F686D
:108AA0002B600AB1606D15E0216A01232846B047AA
:108AB000411C0FD12B686BB11D2B01D0162B03D19C
:108AC0002F600020BDE8F081A38943F04003A3811B
:108AD000BDE8F081A3895A0705D56368C01A636BA6
:108AE0000BB1236CC01A00230246E66A216A2846AD
:108AF000B047431CA38906D129681D293AD8214AC9
:108B0000CA40D60736D500226260D90422692260A5
:108B100004D5421C01D12B6803B96065616B2F60DD
:108B20000029CED004F14403994202D02846FFF731
:108B3000CDF900206063BDE8F0810F69002FC0D03F
:108B400093070E6808BF4B690F6018BF0023C7EB7F
:108B500006088B6002E00744C0EB0808B8F1000F7C
:108B6000AFDD43463A46216AA66A2846B047002848
:108B7000F1DCA38943F04003A3814FF0FF30BDE84F
:108B8000F08100BF0100402038B50B6905460C4656
:108B9000DBB118B183690BB900F060F80C4B9C4253
:108BA00001D16C6808E00B4B9C4201D1AC6803E03A
:108BB000094B9C4208BFEC68B4F90C302BB121463C
:108BC0002846BDE83840FFF757BF002038BD00BF3A
:108BD000180D0308380D0308580D0308014900F06B
:108BE000A9B800BF898B0208002310B504460360B2
:108BF0004360836081814366C28103614361836115
:108C0000194608225C30F4F755FB054B6362054BAF
:108C1000A362054BE362054B2462236310BD00BFD2
:108C20006182020887820208BF820208E38202088A
:108C300070B568234D1E5D430E4605F17401FFF7C4
:108C400093F9044640B1002180E842000C30A06056
:108C500005F16802F4F72EFB204670BD836910B55C
:108C6000044633BB8364C3640365124B124A1B681A
:108C70008262984204BF0123836100F01FF86060A4
:108C8000204600F01BF8A060204600F017F80022F4
:108C9000E06004216068FFF7A7FF01220921A068B6
:108CA000FFF7A2FF02221221E068FFF79DFF0123D8
:108CB000A36110BD180C0308DD8B0208F8B51C4B2E
:108CC0001E68B369074613B93046FFF7C7FF483639
:108CD000B4687368013B04D4B4F90C507DB16834B6
:108CE000F8E733680BB13668F2E704213846FFF73E
:108CF0009FFF30600028F6D10C233B60F8BD4FF693
:108D0000FF73E3810123A38165662560A56065602B
:108D100025616561A5610822294604F15C00F4F72C
:108D2000C9FA6563A563A564E5642046F8BD00BF84
:108D3000180C03082DE9F8438046894600F14804E1
:108D4000002694B1A5686768013F0CD4AB89012B5C
:108D500007D9B5F90E30013303D029464046C8473C
:108D600006436835F0E72468EBE73046BDE8F88352
:108D70002DE9F84F07468B46904601F05AFA194BF9
:108D80001D689A463DB15C46234613F8012B42B15B
:108D90003D2A1C46F8D1384601F04CFA0020BDE8C7
:108DA000F88FCBEB0404A94659F8040B0028F2D045
:108DB0002246594601F0DFF888B959F8043C1E19DB
:108DC0001B5D3D2B0BD1DAF80030ED1AAD103846A3
:108DD000C8F8005001F02EFA701CBDE8F88F4D461F
:108DE000E1E700BFD402002007B501AAFFF7C0FFEA
:108DF00003B05DF804FB00000048704794020020B7
:108E00000268474BF0B592FBF3F403FB1422002AEF
:108E1000BCBF02F5A83202F5C0724FF4616004F5E0
:108E20002F2492FBF0F300FB13224FF03C00ACBF69
:108E300004F66C2404F66B248B6092FBF0F300FBC9
:108E400013224B600A600723E21C92FBF3F3C3EB8F
:108E5000C303D31A8B61334B334D94FBF5F503FBFE
:108E6000054448F6AC62B4FBF2F2224440F2B45737
:108E7000B4FBF7F3D21A2D48B4FBF0F048F6946631
:108E8000131AB3FBF6F6344440F26D12B3FBF2F062
:108E9000B3FBF7F3E31A02FB1033992403EB8302CD
:108EA0000232B2FBF4F20A2A04FB02F404F10206D5
:108EB0004FF00504B6FBF4F434BF02266FF0090648
:108EC00016444FF4C87202FB05055F1C012E98BFC3
:108ED0000135B3F5997FA7EB040702D3A3F5997287
:108EE00014E0820705D16424B0FBF4F204FB120203
:108EF0004AB94FF4C872B0FBF2F402FB1400B0FAA6
:108F000080F2520900E001223B331A44A5F26C754D
:108F10000023CA614D610E61CF600B620846F0BD4F
:108F2000805101004FC5FDFFB13A0200B03A020086
:108F300038B5074C054608461146002222601A46FD
:108F400001F0E2FA431C02D1236803B12B6038BD63
:108F5000642D012070B50E46B1F90E10002990B0B5
:108F600014461D4606DA00232B60B3891A060ED577
:108F700040230EE001AA01F05FF90028F3DB029A1A
:108F800002F47042A2F500535A425A412A604FF44B
:108F900080630020236010B070BD00008B8973B522
:108FA0009E0705460C4610D401AB6A46FFF7D2FF78
:108FB000009906462846FEF7D7FF68B9B4F90C3089
:108FC0009A0522D443F00203A38104F147032360EE
:108FD00023610123636118E00D4BAB62A38920601C
:108FE00043F08003A381009B6361019B20614BB12F
:108FF000B4F90E10284601F031F918B1A38943F0F5
:109000000103A381A0893043A08102B070BD00BFDD
:10901000DD8B0208704770472DE9F0478E689E424D
:1090200082460C46914698463ED88A8912F4906F43
:109030003AD0256809696F1A6569022305EB450571
:1090400095FBF3F57B1C43449D4238BF1D465305F9
:109050000FD52946FEF788FF064698B13A462169A2
:10906000F4F713F9A38923F4906343F08003A381F9
:1090700013E02A4601F054F9064670B921695046BA
:10908000FEF724FF0C23CAF80030A38943F0400305
:10909000A3814FF0FF30BDE8F087266165613E4453
:1090A000ED1B2660A5604646464528BF464632462B
:1090B00049462068F4F709F9A3689B1BA36023685D
:1090C0001E4426600020BDE8F08700002DE9F04F27
:1090D0009DB0804603938B891C060D4616460DD520
:1090E0000B695BB94021FEF73FFF2860286118B982
:1090F0000C23C8F80030CDE040236B6100230993B6
:1091000020238DF82930DFF89CB130238DF82A30E8
:1091100037463C4614F8013B1BB9B7EB060910D0A3
:1091200003E0252BF9D02746F3E74B463246294684
:109130004046FFF771FF013000F0A780099B4B44C8
:1091400009933B78002B00F0A08000234FF0FF3202
:1091500004930793059206938DF853301A930126D2
:10916000052221784E4801F08BF8671C049B38B12A
:109170004B4A801A06FA00F0184304903C46EFE789
:10918000D90644BF20228DF853201A0744BF2B2252
:109190008DF8532022782A2A03D0079A00210A202A
:1091A0000BE0039A111D12680391002A10DA524253
:1091B00043F00200079204900BE0274601343B780D
:1091C000303B092B03D800FB02320121F5E701B146
:1091D00007923B782E2B1ED17B782A2B0AD1039B3A
:1091E0001A1D1B680392002BB8BF4FF0FF330237E4
:1091F000059310E000230593781C19460A240746BE
:1092000001303A78303A092A03D804FB01210123BE
:10921000F5E703B1059103223978224801F030F8CF
:1092200040B14023CBEB000003FA00F0049B18434D
:109230000490013739781C488DF8281006227E1CCE
:1092400001F01EF888B1194B33B9039B073323F0A3
:1092500007030833039314E003AB00932A46144B2F
:1092600004A94046AFF3008007E003AB00932A4611
:109270000F4B04A9404600F089FBB0F1FF3F824646
:1092800003D0099B5344099342E7AB895B0601D4A1
:10929000099801E04FF0FF301DB0BDE8F08F00BF2E
:1092A000780D03087E0D0308820D030800000000FE
:1092B000199002084B1C70B50E46144602D14FF0AF
:1092C000FF3070BD938923F020039381536B526864
:1092D000CDB283B1A36B9A4207DA23685A1E22608B
:1092E00003F8016C636801331FE0214600F066FF5C
:1092F0000028F2D0E3E72169236851B1994208D2EE
:1093000013F8011C8D4204D1013B013223606260DD
:109310000CE0E36304F1440363630323A363234684
:10932000226403F8466F236001236360284670BD02
:1093300010B50C46496B69B104F14403994201D060
:10934000FEF7C4FD236C63600020606313B1E36B20
:10935000236010BD2369236000236360A38943F069
:109360002003A3814FF0FF3010BD00002DE9F04F26
:10937000ADF5257DDFF8989201930023469347933E
:109380009F4BA2930DF10C089E4BDFF87CB2CDF8F9
:10939000208107460D46A393CA461478002C00F09E
:1093A0002781D9F8003023445B7803F0080303F0E9
:1093B000FF01F3B16B68002B10DD2B68DAF80000B9
:1093C0001978014449780C0710D547990131479124
:1093D00069680133013969602B60EBE7A39B009258
:1093E000294638469847009A0028E6D0561C32464F
:1093F000D3E7252C02F1010652D1439145915378D0
:109400002A2B02BF1023961C43930A223178A1F124
:109410003003092B344606F1010605D8459B02FBB3
:109420000313303B4593F1E70322774800F028FF10
:1094300040B10123CBEB000003FA00F0439B034350
:1094400043933446661C2478672C16D8652C7FD24B
:10945000472C07D8452C7BD2002C00F0CB80252C44
:109460001ED077E05B2C51D002D8582C3ED071E052
:10947000632C57D0642C3FD06CE0702C32D007D8CE
:109480006E2C55D03AD8692C64D1002344933BE02C
:10949000752C31D0782C29D0732C5BD102233FE07E
:1094A0006B68002B0DDD2B681A78944240F0A08089
:1094B00001336A682B60479B013A01336A60479326
:1094C00095E7A39B2946384698470028EBD0469855
:1094D000002800F08F80AB8913F0400F18BF4FF0C9
:1094E000FF3089E0439B43F020034393439B43F4C5
:1094F00000734393102302E00A2300E008236E2C3C
:10950000449301DD04230BE0032309E03146404688
:1095100000F000FD439B43F04003439306460123C4
:1095200049931BE0439B43F0400343930023F7E739
:10953000439AD0063FF55BAF12F0010F019A479BAB
:1095400002F104010191126814BF138013604EE709
:109550000523E5E7032349930A2344936B68002B13
:1095600003DD439B590611D518E0A39B29463846D5
:1095700098470028F5D0AAE7479A013247926A68CF
:10958000013A002A6A6013DD01332B602B68DAF898
:1095900000101A780A4452781207EDD4499B022B26
:1095A0000DDC01AB2A4643A9384600F015FB19E053
:1095B000A39B2946384698470028E7D087E7042B25
:1095C00006DC01AB2A4643A9384600F069FB09E0F6
:1095D0000E4B002B3FF40BAF01AB2A4643A9384694
:1095E000AFF30080012803D002287FF400AF6EE7BC
:1095F000469801E04FF0FF300DF5257DBDE8F08F76
:10960000B5920208319302087E0D030800000000A5
:10961000240200209368013B002B10B4936009DA08
:109620009469A34202DBCBB20A2B03D15DF8044B51
:10963000FFF72AB91368581C10601970C8B25DF89A
:10964000044B7047F8B506460F461446D518AC4291
:1096500008D03A4614F8011B3046FFF7DBFF431CE5
:10966000F5D100E00020F8BD2DE9F04F9DB00C468B
:1096700017460393064618B183690BB9FFF7EEFA54
:109680007F4B9C4201D1746808E07E4B9C4201D123
:10969000B46803E07C4B9C4208BFF468A3891807B8
:1096A0000CD5236953B10023099320238DF8293069
:1096B00030238DF82A30DFF8D4B144E0214630461B
:1096C000FFF748F90028EED04FF0FF30D5E0039ABD
:1096D000111D12680391002A80F28C80524243F0DF
:1096E00002000792049098F800302E2B00F084803E
:1096F000032298F80010654800F0C2FD48B14023ED
:10970000CBEB000003FA00F0049B1843049008F12F
:10971000010898F800105E488DF82810062208F11C
:10972000010700F0ADFD002800F09580594B002B9B
:1097300040F08880039B073323F00703083303932B
:10974000099B53440993B846454615F8013B1BB99C
:10975000B8EB07090FD003E0252BF9D0A846F3E7B3
:109760004B463A4621463046FFF76CFF01307FD02A
:10977000099B4B44099398F80030002B78D00023C4
:109780004FF0FF3204930793059206938DF8533000
:109790001A930127052229783F4800F071FD05F151
:1097A0000108049B38B13C4A801A07FA00F01843BC
:1097B00004904546EEE7D90644BF20228DF8532099
:1097C0001A0744BF2B228DF853202A782A2A3FF407
:1097D0007EAF079A00210A20A846013598F800308C
:1097E000303B092B03D800FB02320121F4E70029AA
:1097F0003FF479AF079276E798F801302A2B0BD126
:10980000039B1A1D1B680392002BB8BF4FF0FF3358
:1098100008F1020805936BE70023059308F10100A6
:1098200019460A258046013098F80020303A092A66
:1098300003D805FB01210123F4E7002B3FF458AFC7
:10984000059155E703AB00932246144B04A930461B
:10985000AFF3008007E003AB009322460F4B04A94F
:10986000304600F093F8B0F1FF3F82467FF468AFD6
:10987000A3895B063FF528AF09981DB0BDE8F08FBE
:10988000180D0308380D0308580D03087E0D030852
:10989000820D030800000000780D030845960208B9
:1098A0002DE9F04791461F460A698B68DDF8208054
:1098B0009342B8BF1346C9F8003091F843200646DA
:1098C0000C4612B10133C9F800302368990642BF33
:1098D000D9F800300233C9F80030256815F00605C4
:1098E00010D104F1190A07E00123524639463046E7
:1098F000C04701301AD00135E368D9F800209B1A1F
:109900009D42F1DB94F843302268003318BF0123F5
:1099100092060FD5E1185A1C302081F843002244EA
:1099200094F8451082F84310023303E04FF0FF3003
:10993000BDE8F08704F1430239463046C0470130A4
:10994000F4D02268D9F80050E36802F00602042A35
:1099500008BF5D1B2269A3680CBF25EAE5750025D9
:109960009342C4BF9B1AED184FF000091A344D45BD
:1099700009D00123224639463046C0470130D5D0B0
:1099800009F10109F3E70020BDE8F0872DE9F04374
:1099900017460A7E85B06E2A984606460C460C9BF2
:1099A00001F1430E00F0AE8011D8632A22D009D80D
:1099B000002A00F0BB80582A40F0CA8081F8452078
:1099C000834955E0642A1ED0692A1CD0C0E0732A5E
:1099D00000F0B08009D86F2A2ED0702A40F0B880ED
:1099E0000A6842F020020A603EE0752A24D0782AF4
:1099F0003AD0ADE01A6801F14205111D19601368F3
:109A000084F84230A8E021681A6811F0800F02D073
:109A1000111D196008E011F0400F02F104011960F6
:109A200002D0B2F9003000E01368002B3CDA2D229E
:109A30005B4284F8432037E021681A6811F0800FF8
:109A400002D0111D196007E011F0400F02F104016E
:109A5000196001D0138800E01368227E5C496F2AE8
:109A600014BF0A2208221BE078225A4984F84520B4
:109A70002268186812F0800F00F104051D6003D100
:109A8000550601D5038800E00368D00744BF42F0C3
:109A9000200222601BB9226822F0200222601022DC
:109AA000002084F8430001E049490A226568A56066
:109AB000002D08DB206820F0040020602BB9002D69
:109AC0007DD175460CE0002B79D07546B3FBF2F0E2
:109AD00002FB1033CB5C05F8013D03460028F5D1AD
:109AE000082A0BD12368DA0708D5236962689A42ED
:109AF000DEBF302305F8013C05F1FF35C5EB0E0351
:109B000023612EE008681A68496910F0800F03D0BD
:109B1000101D1860136808E010F0400F02F10400F7
:109B20001860136801D0198000E0196000232361D8
:109B3000754616E01A68111D1960156862680021E3
:109B4000284600F09DFB08B1401B6060636804E09C
:109B500004F1420584F8422001232361002384F8A4
:109B60004330CDF800803B4603AA21463046FFF73C
:109B700097FE013002D14FF0FF3026E023692A46DC
:109B800039463046C0470130F5D023689B0710D5D1
:109B9000002504F1190907E001234A4639463046F9
:109BA000C0470130E7D00135E368039A9B1A9D4214
:109BB000F2DBE068039B9842B8BF184605E00B78DB
:109BC00084F8423004F142058AE705B0BDE8F0832D
:109BD000890D03089A0D03082DE9F84315468A6894
:109BE00080460C4632B98A69002A0CBF01224FF028
:109BF000FF328A602268DFF8A490D1065FBF1A683E
:109C0000111D196017680026A06900BB2368DA06D9
:109C10005EBF2B681B783B702A686B6802F10102FB
:109C20002A60A26803F1FF3302F1FF326B6006F194
:109C3000010658BF0137A260E2B1002BE4DCD4F882
:109C400080312946404698470028DDD012E001289F
:109C500006D12B681A7863699B5C002BD6D119E07A
:109C6000022807D12B68D9F800201B7813445B78B1
:109C70001B07CBD5236813F0100305D1E26801322E
:109C8000E260A26902B13B7023691E442661002094
:109C9000BDE8F883002EEDD1BDE8F8832402002052
:109CA0002DE9F04F9A46734B0C468346164693E8CF
:109CB000070087B003ABA76883E807006E4BA16974
:109CC0006E4A032918BF1A467B1EB3F5AE7F84BFC8
:109CD00040F25D13A3602368009243F4506388BF91
:109CE0006FF4AE7504F11C0923608CBF7F19002747
:109CF0004B464FF000080193316803AB022253F842
:109D00002800097800F0BCFA019B002833D0B8F194
:109D1000010F0BD162682AB908226260226842F4FE
:109D200000722260226822F4A0620CE0B8F1020FF7
:109D30000AD1226802F4C061B1F5007F1BD1102165
:109D4000616042F480722260A268511EA16092B1EB
:109D50003268511C316012781A705D1C7368013BC7
:109D6000002B736006DCD4F88031314658469847A2
:109D7000002840D12B4608F10108B8F1030FBAD1F1
:109D800062680AB90A22626062683D4960690193AB
:109D9000891A00F0BFF8019B4FF000081D46A36828
:109DA0005BB3316860690A78805C30B3302A22681E
:109DB00008D1100506D508F101084FB10133013F64
:109DC000A36005E022F4106222600B782B7001354D
:109DD0007368013B002B736003DD3368013333602C
:109DE00005E0D4F8803131465846984728B9A36831
:109DF000013BA360D3E74FF000082368D9050CD5D9
:109E00004D4508D915F8011CD4F87C313246584626
:109E100098476F1E3D464D4527D0226812F010022C
:109E20001BD12A706368009E49465846B047226895
:109E3000DAF8003012F0200F07D1D20705D51A1D2D
:109E4000CAF800201B68188004E01A1DCAF8002018
:109E50001B681860E3680133E3602369C9EB0505FB
:109E600045441D442561002000E0012007B0BDE805
:109E7000F08F00BFAC0D0308ADA00208A19F02083F
:109E8000C80D030870B50D461446064618B183691F
:109E90000BB9FEF7E3FE134B9C4201D1746808E056
:109EA000114B9C4201D1B46803E0104B9C4208BFA7
:109EB000F468A368013B002BA3600CDAA26993420B
:109EC00002DBEBB20A2B06D1224629463046BDE81A
:109ED0007040FEF7D9BC23685A1C22601D70E8B29E
:109EE00070BD00BF180D0308380D0308580D030896
:109EF00038B5074C054608461146002222601A462E
:109F000000F0B8FA431C02D1236803B12B6038BDBE
:109F1000642D012070B50B785E2B13BF4A1C8A1C80
:109F20004B78002108BF0121441E00F1FF0504F811
:109F3000011FAC42FBD10BB9501E70BD81F0010472
:109F4000C45411460D782D2D01F1010206D05D2D6E
:109F50000FD00DB12B46F3E7084670BD4E785D2E4D
:109F6000F8D0B342F6DC023101339E42C454FBDC2C
:109F7000E8E7104670BD30B582B1451E013915F8CD
:109F8000013F11F8014FA34206D1EC431444E042D3
:109F900001D0002BF3D11C46181B30BD104630BD3C
:109FA0002DE9F04780464048D0F800900F463D46E6
:109FB00015F8014B09EB0400407800F0080000F0B0
:109FC000FF0608B12F46F2E72D2C03D1BD1C7C788B
:109FD000012603E02B2C04BF7C78BD1C13B1102B91
:109FE0000AD15BE0302C57D1287800F0DF005828E8
:109FF0004DD16C7810230235002E14BF4FF0004C69
:10A000006FF0004C0027BCFBF3FA384603FB1ACC78
:10A0100009EB040E9EF801E01EF0040F01D0303C65
:10A020000BE01EF0030E1BD0BEF1010F0CBF4FF072
:10A03000370E4FF0570ECEEB0404A34210DDB7F1FC
:10A04000FF3F0AD0504506D801D1644503DC03FB2D
:10A050000040012701E04FF0FF3715F8014BD7E72B
:10A060007B1C0CD1002E4FF0220314BF4FF0004098
:10A070006FF00040C8F800302AB9BDE8F08706B19B
:10A08000404272B107B1691E1160BDE8F08730240B
:10A09000002BB1D10823AFE70A23ADE7302CA3D0C2
:10A0A000AAE7BDE8F08700BF240200202DE9F047B1
:10A0B00080463C48D0F800900E46354615F8014BD6
:10A0C00009EB0400407800F0080000F0FF0708B139
:10A0D0002E46F2E72D2C03D1B51C7478012703E03E
:10A0E0002B2C04BF7478B51C13B1102B0AD153E08C
:10A0F000302C4FD1287800F0DF00582845D16C78FB
:10A10000102302354FF0FF3C0026BCFBF3FC03FBA1
:10A110000CFA6FEA0A0A304609EB040E9EF801E0D9
:10A120001EF0040F01D0303C0BE01EF0030E1AD0DD
:10A13000BEF1010F0CBF4FF0370E4FF0570ECEEBB4
:10A140000404A3420FDD002E08DB604506D801D1D0
:10A15000544503DC03FB0040012601E04FF0FF36CD
:10A1600015F8014BD8E7002E07DA2223C8F8003093
:10A170004FF0FF302AB9BDE8F08707B1404272B115
:10A1800006B1691E1160BDE8F0873024002BB9D1FB
:10A190000823B7E70A23B5E7302CABD0B2E7BDE818
:10A1A000F08700BF2402002013460A4601460248F9
:10A1B0000068FFF77BBF00BF880200202DE9F04157
:10A1C0000C46496B04F1440399421CD14FF4806161
:10A1D000FDF7CAFE18B94FF0FF30BDE8F0814FF42B
:10A1E0008063A36394F84630606380F8FF3394F88B
:10A1F000453080F8FE3394F8443080F8FD3300F2A7
:10A20000FD30206012E0A66B77003A4600F088F837
:10A2100005460028DFD000EB0608014632464046DE
:10A22000F3F733F8C4F800806563A7630020BDE846
:10A23000F08170477047000038B5074C0023054691
:10A2400008461146236000F04FF9431C02D12368F1
:10A2500003B12B6038BD00BF642D012038B5064C1A
:10A26000002305460846236000F046F9431C02D14E
:10A27000236803B12B6038BD642D0120000000006D
:10A2800001F0FF01102A2BDB10F0070F08D010F8A7
:10A29000013B013A8B422DD010F0070F42B3F6D1AB
:10A2A000F0B441EA012141EA014122F007047FF0C4
:10A2B00000070023F0E80256083C85EA010586EA1B
:10A2C000010685FA47F5A3FA87F586FA47F6A5FA57
:10A2D00087F68EB9EED1F0BC01F0FF0102F0070263
:10A2E00032B110F8013B013A83EA010313B1F8D10E
:10A2F0000020704701387047002D06BF35460338EF
:10A30000073815F0010F07D1013015F4807F02BF27
:10A31000013015F4C03F0130F0BC0138704700BF78
:10A32000F8B5074615460E4621B91146BDE8F84076
:10A33000FDF71ABE1AB9FDF7C9FD2846F8BD00F0B1
:10A3400015F885420ED929463846FDF70DFE04461C
:10A3500050B131462A46F2F798FF31463846FDF7AC
:10A36000B5FD01E03046F8BD2046F8BD51F8040CBB
:10A370000028BEBF091851F8043CC01804387047C3
:10A3800010B5164C2268002319465068022200F0CE
:10A39000D1F82268002319469068022200F0CAF81A
:10A3A00022680F4B506892680E49996090424FF0B6
:10A3B00000014FF0800459801C8099800A4A0B48A4
:10A3C00006D000238021538090601180938010BDBF
:10A3D00051809860918059809980F2E7880200202E
:10A3E000682D0120F42D0120742E0120742D0120F0
:10A3F0000C4B1B6830B45C6884420CD09B6898425C
:10A4000001D030BC7047084B0020588099601A80FA
:10A41000988030BC7047054C00256580A160228083
:10A42000A580EBE788020020742E0120682D012012
:10A43000F0B50F4D002AAB8818DD9BB200202F46E7
:10A4400008E0BC6811F801EB04F803E00130824237
:10A45000BE800AD02E886C880133B342A8BF002387
:10A46000A4B2A3429EB2ECD1F0BDF0BD0020FBE748
:10A47000742E0120174BF0B55C889888A4B280B286
:10A48000844223D0002A1FDD0A440C469E46002742
:10A4900001E0944217D058881D88013080B285426F
:10A4A000588098BFAEF8027058889D6880B2285CCA
:10A4B00004F8010B5E889D88B6B2ADB2AE42A4EB43
:10A4C0000100E6D1F0BDF0BD0020FBE74FF0FF300A
:10A4D000F0BD00BF682D0120024B58221A604FF0DA
:10A4E000FF307047642D0120024B58221A604FF054
:10A4F000FF307047642D0120024B58221A60002063
:10A50000704700BF642D0120024B58221A604FF0A3
:10A51000FF307047642D0120044B1968024609B9C9
:10A5200003491960186802441A6070473CFB002018
:10A53000802E01202DE9F7431D464F4B1E6804462F
:10A540000F46904626B1B36913B93046FEF786FB35
:10A550004A4B9C4201D1746808E0494B9C4201D1AE
:10A56000B46803E0474B9C4208BFF468B8F1020F9F
:10A5700004D0B8F1010F79D8002D77DB21463046A1
:10A58000FEF702FB616B41B104F14403994202D032
:10A590003046FDF79BFC002363630023A3616360E7
:10A5A000A3891B0603D521693046FDF78FFCA389DB
:10A5B00023F44A6323F00303B8F1020FA3811ED0F2
:10A5C00001AB6A4621463046FEF7C4FCA389184316
:10A5D000A0810DB9009D00E02FBB2846FDF718FAB9
:10A5E0000746D0B9DDF80090A94502D14FF0FF3001
:10A5F00006E04846FDF70CFA074678B9F6E7002072
:10A60000A38943F00203A3810023A36004F147035D
:10A6100023602361012363612AE0A946A38943F0F3
:10A620008003A3814D46B36913B93046FEF716FB8C
:10A63000B8F1010F08BFA389276004BF43F00103ED
:10A64000A381A389276103F0080080B2656158B136
:10A6500013F001034FF000001DBF6D42A060A56123
:10A66000A56008BF184603E0A06001E04FF0FF308E
:10A6700003B0BDE8F08300BF88020020180D030876
:10A68000380D0308580D0308F8B500BFF8BC08BC26
:10A690009E467047F8B500BFF8BC08BC9E467047A0
:10A6A0000000000001020304010203040607080978
:10A6B000000000000000000000000000001010106A
:10A6C0001010000010000000006C4848000000005E
:10A6D00000000000001414287C287C285050000042
:10A6E0000010384040384870101000000020502002
:10A6F0000C700814080000000000001820205448C6
:10A7000034000000001010101000000000000000D5
:10A710000008081010101010100808000020201069
:10A72000101010101020200000107C1028280000AD
:10A73000000000000000101010FE101010000000BB
:10A740000000000000000018103020000000000091
:10A75000007C00000000000000000000000000304D
:10A760003000000000040408081010202040000001
:10A770000038444444444444380000000030101081
:10A78000101010107C000000003844040810204411
:10A790007C00000000384404180404443800000021
:10A7A000000C141424447E040E000000003C202001
:10A7B0003804044438000000001C2040784444441D
:10A7C00038000000007C4404080808101000000055
:10A7D00000384444384444443800000000384444BD
:10A7E000443C0408700000000000003030000030DD
:10A7F0003000000000000018180000183020000091
:10A8000000000C10608060100C00000000000000D0
:10A810007C007C00000000000000C020180418200C
:10A82000C0000000000018240408100030000000E0
:10A830003844444C54544C404438000000301028F4
:10A8400028287C44EE00000000F844447844444446
:10A85000F8000000003C4440404040443800000004
:10A8600000F0484444444448F000000000FC4450D8
:10A8700070504044FC000000007E22283828202030
:10A8800070000000003C4440404E4444380000004A
:10A8900000EE44447C444444EE000000007C101070
:10A8A000101010107C000000003C080808484848C0
:10A8B0003000000000EE444850704844E6000000BC
:10A8C00000702020202024247C00000000EE6C6C0E
:10A8D00054544444EE00000000EE64645454544C5C
:10A8E000EC00000000384444444444443800000074
:10A8F00000782424243820207000000000384444CC
:10A9000044444444381C000000F84444447848441B
:10A91000E200000000344C40380404645800000099
:10A9200000FE9210101010103800000000EE444499
:10A93000444444443800000000EE444428282810D1
:10A940001000000000EE4444545454542800000009
:10A9500000C6442810102844C600000000EE442819
:10A960002810101038000000007C4408101020440B
:10A970007C000000003820202020202020203800EB
:10A9800000402020201010080808000000380808A7
:10A9900008080808080838000010102844000000C3
:10A9A000000000000000000000000000000000FEA9
:10A9B0000010080000000000000000000000003847
:10A9C000443C44443E00000000C0405864444444B9
:10A9D000F80000000000003C444040443800000003
:10A9E000000C04344C4444443E0000000000003895
:10A9F000447C40403C000000001C207C20202020A3
:10AA00007C000000000000364C4444443C04380004
:10AA100000C0405864444444EE0000000010007040
:10AA2000101010107C0000000010007808080808C2
:10AA30000808700000C0405C48705048DC0000000E
:10AA400000301010101010107C000000000000E812
:10AA500054545454FE000000000000D864444444A0
:10AA6000EE00000000000038444444443800000078
:10AA7000000000D8644444447840E0000000003600
:10AA80004C4444443C040E000000006C3020202064
:10AA90007C0000000000003C4438044478000000C2
:10AAA0000000207C202020221C000000000000CCA0
:10AAB0004444444C36000000000000EE4444282882
:10AAC00010000000000000EE445454542800000020
:10AAD000000000CC48303048CC000000000000EE00
:10AAE00044242818101078000000007C48102044EE
:10AAF0007C0000000008101010102010101008003A
:10AB00000010101010101010101000000020101075
:10AB10001010081010102000000000000024580041
:10AB20000000000000000000000000000000000025
:10AB30000000000000000000000000000000000015
:10AB400000000000000000000000000000000700FE
:10AB500007000700070007000700070002000200C7
:10AB600000000000070007000000000000000000D7
:10AB700000000000000000001CE01CE01CE0084099
:10AB80000840084000000000000000000000000035
:10AB90000000000000000000000000000CC00CC01D
:10ABA0000CC00CC00CC03FF03FF00CC00CC03FF01C
:10ABB0003FF00CC00CC00CC00CC00CC0000000006A
:10ABC000000000000300030007E00FE01860180019
:10ABD0001F000FC000E0186018601FC01F80030036
:10ABE00003000300000000000000000000001C0043
:10ABF0002200220022001C6001E00F803C0031C0D6
:10AC000002200220022001C000000000000000001D
:10AC10000000000000000000000003E00FE00C0056
:10AC20000C0006000F301FF019E018C01FF007B02D
:10AC30000000000000000000000000000000000014
:10AC40000380038003800100010001000000000078
:10AC500000000000000000000000000000000000F4
:10AC600000000000000000C000C0018001800180E1
:10AC700003000300030003000300030001800180C0
:10AC8000018000C000C000000000000000000C00B7
:10AC90000C0006000600060003000300030003008A
:10ACA000030003000600060006000C000C00000074
:10ACB0000000000000000300030003001B601FE011
:10ACC000078007800FC00CC00000000000000000DB
:10ACD0000000000000000000000000000000000074
:10ACE000000003000300030003003FF03FF00300F7
:10ACF000030003000300000000000000000000004B
:10AD00000000000000000000000000000000000043
:10AD100000000000000000000000038003000300AA
:10AD20000600060004000000000000000000000013
:10AD3000000000000000000000003FE03FE00000D5
:10AD40000000000000000000000000000000000003
:10AD500000000000000000000000000000000000F3
:10AD6000000000000000000000000380038003805A
:10AD70000000000000000000000000000060006013
:10AD800000C000C000C00180018003000300060075
:10AD900006000C000C000C00180018000000000059
:10ADA0000000000000000F801FC018C0306030603D
:10ADB0003060306030603060306018C01FC00F807D
:10ADC0000000000000000000000000000000030080
:10ADD0001F001F0003000300030003000300030023
:10ADE000030003001FE01FE000000000000000005F
:10ADF0000000000000000F801FC038E030600060DD
:10AE000000C00180030006000C0018003FE03FE096
:10AE100000000000000000000000000000000F80A3
:10AE20003FC030E0006000E007C007C000E0006005
:10AE3000006060E07FC03F80000000000000000074
:10AE400000000000000001C003C003C006C00CC029
:10AE50000CC018C030C03FE03FE000C003E003E09A
:10AE600000000000000000000000000000001FC003
:10AE70001FC0180018001F801FC018E0006000608D
:10AE8000006030E03FC01F800000000000000000B4
:10AE900000000000000003E00FE01E001800380072
:10AEA00037803FC038E03060306018E01FC0078056
:10AEB00000000000000000000000000000003FE073
:10AEC0003FE03060006000C000C000C00180018031
:10AED00001800300030003000000000000000000E8
:10AEE0000000000000000F801FC038E0306038E034
:10AEF0001FC01FC038E03060306038E01FC00F80D6
:10AF000000000000000000000000000000000F0032
:10AF10001FC038C03060306038E01FE00F6000E0D4
:10AF200000C003C03F803E000000000000000000A1
:10AF3000000000000000000000000000000003808E
:10AF40000380038000000000000003800380038072
:10AF500000000000000000000000000000000000F1
:10AF600000000000000001C001C001C0000000009E
:10AF7000000003800300060006000400000000003B
:10AF800000000000000000000000003000F003C0DE
:10AF900007001C0078001C00070003C000F0003010
:10AFA00000000000000000000000000000000000A1
:10AFB0000000000000007FF07FF0000000007FF044
:10AFC0007FF0000000000000000000000000000012
:10AFD0000000000000000000000030003C000F00F6
:10AFE000038000E0007800E003800F003C003000A8
:10AFF0000000000000000000000000000000000051
:10B000000F801FC018601860006001C0038003003B
:10B010000000000007000700000000000000000022
:10B0200000000000000003800C8008401040104029
:10B0300011C012401240124011C010000800084018
:10B040000780000000000000000000000000000079
:10B050001F801F80038006C006C00CC00C601FE06C
:10B060001FE03030787878780000000000000000A1
:10B0700000000000000000003F803FC01860186022
:10B0800018E01FC01FE01870183018303FF03FE084
:10B0900000000000000000000000000000000000B0
:10B0A00007B00FF01C703830300030003000300036
:10B0B00038301C700FE007C00000000000000000E6
:10B0C00000000000000000007F807FC030E0307092
:10B0D0003030303030303030307030E07FC07F8002
:10B0E0000000000000000000000000000000000060
:10B0F0003FF03FF01830183019801F801F801980F2
:10B10000183018303FF03FF0000000000000000051
:10B1100000000000000000003FF03FF01830183041
:10B1200019801F801F801980180018003F003F0001
:10B13000000000000000000000000000000000000F
:10B1400007B01FF0187030303000300031F831F89F
:10B15000303018301FF007C0000000000000000071
:10B1600000000000000000003CF03CF01860186097
:10B1700018601FE01FE01860186018603CF03CF099
:10B1800000000000000000000000000000000000BF
:10B190001FE01FE00300030003000300030003009F
:10B1A000030003001FE01FE000000000000000009B
:10B1B000000000000000000003F803F800600060D9
:10B1C0000060006030603060306030E03FC00F8071
:10B1D000000000000000000000000000000000006F
:10B1E0003EF83EF818E019801B001F001D8018C0B3
:10B1F00018C018603E783E380000000000000000D3
:10B2000000000000000000003F003F000C000C00A8
:10B210000C000C000C000C300C300C303FF03FF0F8
:10B22000000000000000000000000000000000001E
:10B230007878787838703CF034B037B037B0333045
:10B24000333030307CF87CF8000000000000000053
:10B25000000000000000000039F03DF01C601E609E
:10B260001E601B601B6019E019E018E03EE03E60C4
:10B2700000000000000000000000000000000000CE
:10B2800007800FC01CE03870303030303030303044
:10B2900038701CE00FC007800000000000000000B4
:10B2A00000000000000000003FC03FE018701830B0
:10B2B000183018701FE01FC0180018003F003F0032
:10B2C000000000000000000000000000000000007E
:10B2D00007800FC01CE038703030303030303030F4
:10B2E00038701CE00FC0078007B00FF00CE00000C2
:10B2F00000000000000000003FC03FE01870183060
:10B3000018701FE01FC018E0186018703E383E1813
:10B31000000000000000000000000000000000002D
:10B320000FB01FF03870303038001F8007E0007019
:10B33000303038703FE037C00000000000000000EF
:10B3400000000000000000003FF03FF033303330D9
:10B350003330030003000300030003000FC00FC0DD
:10B3600000000000000000000000000000000000DD
:10B370003CF03CF0186018601860186018601860A5
:10B3800018601CE00FC007800000000000000000F3
:10B39000000000000000000078F078F030603060BD
:10B3A00018C018C00D800D800D8007000700070031
:10B3B000000000000000000000000000000000008D
:10B3C0007C7C7C7C301833983398339836D816D0F0
:10B3D0001C701C701C701830000000000000000081
:10B3E000000000000000000078F078F0306018C025
:10B3F0000D80070007000D8018C0306078F078F0ED
:10B40000000000000000000000000000000000003C
:10B410003CF03CF018600CC007800780030003007C
:10B42000030003000FC00FC0000000000000000078
:10B4300000000000000000001FE01FE0186018C0BE
:10B4400001800300030006000C6018601FE01FE08D
:10B45000000000000000000000000000000003C029
:10B4600003C0030003000300030003000300030004
:10B470000300030003000300030003C003C0000037
:10B4800000000000180018000C000C000C00060062
:10B490000600030003000180018000C000C000C05E
:10B4A00000600060000000000000000000000F00CD
:10B4B0000F00030003000300030003000300030068
:10B4C000030003000300030003000F000F0000004F
:10B4D000000000000000020007000D8018C030606E
:10B4E000202000000000000000000000000000001C
:10B4F000000000000000000000000000000000004C
:10B50000000000000000000000000000000000003B
:10B51000000000000000000000000000000000002B
:10B52000FFFCFFFC0000040003000080000000009E
:10B53000000000000000000000000000000000000B
:10B5400000000000000000000000000000000000FB
:10B550000000000000000FC01FE000600FE01FE0CF
:10B56000386030E03FF01F70000000000000000075
:10B5700000000000000070007000300030003780D4
:10B580003FE0386030303030303038607FE07780F6
:10B5900000000000000000000000000000000000AB
:10B5A00000000000000007B01FF0183030303000FD
:10B5B000300038301FF00FC0000000000000000015
:10B5C000000000000000007000700030003007B084
:10B5D0001FF0187030303030303038701FF807B836
:10B5E000000000000000000000000000000000005B
:10B5F00000000000000007801FE018603FF03FF0EF
:10B60000300018301FF007C00000000000000000EC
:10B6100000000000000003F007F0060006001FE035
:10B620001FE0060006000600060006001FE01FE0FF
:10B63000000000000000000000000000000000000A
:10B6400000000000000007B81FF8187030303030DC
:10B65000303018701FF007B0003000700FE00FC0DE
:10B6600000000000000038003800180018001BC05F
:10B670001FE01C6018601860186018603CF03CF017
:10B6800000000000000000000000000000000300B7
:10B690000300000000001F001F0003000300030060
:10B6A000030003001FE01FE0000000000000000096
:10B6B00000000000000003000300000000001FC0A5
:10B6C0001FC000C000C000C000C000C000C000C05B
:10B6D00000C001C03F803F000000000000003800B3
:10B6E0003800180018001BE01BE01B001E001E00A5
:10B6F0001B00198039F039F0000000000000000044
:10B700000000000000001F001F00030003000300F2
:10B710000300030003000300030003001FE01FE019
:10B720000000000000000000000000000000000019
:10B730000000000000007EE07FF033303330333013
:10B74000333033307BB87BB80000000000000000CD
:10B7500000000000000000000000000000003BC0EE
:10B760003FE01C6018601860186018603CF03CF006
:10B7700000000000000000000000000000000000C9
:10B7800000000000000007801FE0186030303030FB
:10B79000303018601FE0078000000000000000004B
:10B7A00000000000000000000000000000007780A2
:10B7B0007FE0386030303030303038603FE0378004
:10B7C000300030007C007C00000000000000000021
:10B7D00000000000000007B81FF81870303030304B
:10B7E000303018701FF007B00030003000F800F85B
:10B7F00000000000000000000000000000003CE02D
:10B800003DF00F300E000C000C000C003FC03FC09C
:10B810000000000000000000000000000000000028
:10B8200000000000000007E01FE018601E000FC0CD
:10B8300001E018601FE01F80000000000000000011
:10B8400000000000000000000C000C000C003FE0B5
:10B850003FE00C000C000C000C000C300FF007C097
:10B8600000000000000000000000000000000000D8
:10B8700000000000000038E038E018601860186030
:10B88000186018E01FF00F700000000000000000BA
:10B89000000000000000000000000000000078F040
:10B8A00078F0306018C018C00D800D8007000700C8
:10B8B0000000000000000000000000000000000088
:10B8C00000000000000078F078F03260326037E06D
:10B8D0001DC01DC018C018C00000000000000000FE
:10B8E00000000000000000000000000000003CF02C
:10B8F0003CF00CC00780030007800CC03CF03CF01B
:10B900000000000000000000000000000000000037
:10B9100000000000000078F078F0306018C018C017
:10B920000D800F800700060006000C007F007F00DE
:10B9300000000000000000000000000000001FE008
:10B940001FE018C00180030006000C601FE01FE02C
:10B95000000000000000000000000000000001C026
:10B9600003C00300030003000300030007000E00F0
:10B970000700030003000300030003C001C0000030
:10B9800000000000000003000300030003000300A8
:10B99000030003000300030003000300030003008F
:10B9A00003000300030000000000000000001C0072
:10B9B0001E000600060006000600060007000380C1
:10B9C000070006000600060006001E001C0000001E
:10B9D0000000000000000000000000000000000067
:10B9E0000E003F3033F001E00000000000000000D6
:10B9F00000000000000000000000000003000380C1
:10BA000003C04360633033181B300F6007C00380EE
:10BA100007C00F601B3033186330436003C00380DE
:10BA20000300000003000780031C031C6308F318D5
:10BA3000F330636063C0638033001B000F000700B6
:10BA400003000300078007800300000000000000DF
:10BA500000000000000000000000000000000000E6
:10BA600000000000070007000700070007000700AC
:10BA700007000200020000000700070000001CE0B1
:10BA80001CE01CE0084008400840000000000000E6
:10BA9000000000000CC00CC00CC03FF03FF00CC018
:10BAA0000CC03FF03FF00CC00CC00CC0030007E01E
:10BAB0000FE0186018000FC000E0186018601FC089
:10BAC0001F8003001C002200220022001C6001E0F5
:10BAD0003C0031C002200220022001C0000003E02F
:10BAE0000FE00C000C0006000F301FF019E018C02A
:10BAF0001FF007B0000003800380038001000100F5
:10BB000001000000000000000000000000C00180F3
:10BB10000180018003000300030003000300018093
:10BB2000018001800C0006000600060003000300EF
:10BB300003000300030006000600060003000300E4
:10BB400003001B601FE0078007800FC00CC00000CF
:10BB500000000000000003000300030003003FF0AA
:10BB60003FF003000300030003000000000000009A
:10BB7000000000000000000000000380030003003C
:10BB800006000600000000000000000000003FE08A
:10BB90003FE0000000000000000000000000000086
:10BBA0000000000000000000000000000000038012
:10BBB0000380038000C000C00180018003000300F7
:10BBC000060006000C000C000C0018000F801FC0BF
:10BBD00018C030603060306030603060306018C055
:10BBE0001FC00F8003001F001F000300030003009D
:10BBF00003000300030003001FE01FE00F801FC0CD
:10BC000038E03060006000C0018006000C001800C1
:10BC10003FE03FE00F803FC030E0006000E007C041
:10BC200007C000E0006060E07FC03F8001C003C04B
:10BC300003C006C00CC018C030C03FE03FE000C0E9
:10BC400003E003E01FC01FC0180018001F801FC0C2
:10BC500018E00060006030E03FC01F8003E00FE0AC
:10BC60001E00380037803FC038E03060306018E098
:10BC70001FC007803FE03FE03060006000C000C0B0
:10BC80000180018001800300030003000F801FC0BA
:10BC900038E0306038E01FC01FC038E0306038E066
:10BCA0001FC00F800F001FC038C03060306038E008
:10BCB0001FE00F6000E003C03F803E000000000076
:10BCC0000000038003800380000000000000038068
:10BCD00003800380000001C001C001C0000000001B
:10BCE000000003800300060006000400003000F09E
:10BCF00003C007001C0078001C00070003C000F010
:10BD0000003000000000000000007FF07FF0000025
:10BD100000007FF07FF000000000000030003C00D9
:10BD20000F00038000E0007800E003800F003C007B
:10BD3000300000000F801FC018601860006001C054
:10BD400003800300000000000700070003800C8050
:10BD50000840104011C012401240124011C01000A3
:10BD6000084007801F801F80038006C006C00CC0EB
:10BD70000C601FE01FE03030787878783F803FC05B
:10BD80001860186018E01FC01FE0187018301830D5
:10BD90003FF03FE007B00FF01C703830300030004B
:10BDA0003000300038301C700FE007C07F807FC04B
:10BDB00030E030703030303030303030307030E0A3
:10BDC0007FC07F803FF03FF01830183019801F800F
:10BDD0001F801980183018303FF03FF03FF03FF0DF
:10BDE0001830183019801F801F8019801800180023
:10BDF0003F003F0007B01FF01870303030003000B7
:10BE000031F831F8303018301FF007C03CF03CF00A
:10BE10001860186018601FE01FE018601860186054
:10BE20003CF03CF01FE01FE00300030003000300B0
:10BE300003000300030003001FE01FE003F803F802
:10BE4000006000600060006030603060306030E0B2
:10BE50003FC00F803EF83EF818E019801B001F001D
:10BE60001D8018C018C018603E783E383F003F0063
:10BE70000C000C000C000C000C000C300C300C30D2
:10BE80003FF03FF07878787838703CF034B037B0D5
:10BE900037B03330333030307CF87CF839F03DF057
:10BEA0001C601E601E601B601B6019E019E018E03A
:10BEB0003EE03E6007800FC01CE03870303030300C
:10BEC0003030303038701CE00FC007803FC03FE09A
:10BED00018701830183018701FE01FC018001800B4
:10BEE0003F003F0007800FC01CE03870303030301A
:10BEF0003030303038701CE00FC007803FC03FE06A
:10BF00001870183018701FE01FC018E01860187003
:10BF10003E383E180FB01FF03870303038001F80A8
:10BF200007E00070303038703FE037C03FF03FF03E
:10BF300033303330333003000300030003000300C9
:10BF40000FC00FC03CF03CF018601860186018601B
:10BF50001860186018601CE00FC0078078F078F057
:10BF60003060306018C018C00D800D800D80070053
:10BF7000070007007C7C7C7C30183398339833981A
:10BF800036D816D01C701C701C70183078F078F001
:10BF9000306018C00D80070007000D8018C03060A9
:10BFA00078F078F03CF03CF018600CC00780078017
:10BFB00003000300030003000FC00FC01FE01FE0D9
:10BFC000186018C001800300030006000C601860B0
:10BFD0001FE01FE000000000000000000000000063
:10BFE0000000000000000000000000000000000051
:10BFF0000000000000000000000000000000000041
:10C000000000000000000000000000000000000030
:10C010000000000000000000000000000000000020
:10C020000000038000038000038000038000038081
:10C0300000038000038000038000038000010000F3
:10C0400001000000000000000003800003800000E9
:10C0500000000000000000000000000000000000E0
:10C06000000000000000000000000000000E700052
:10C070000E70000E70000420000420000420000454
:10C080002000000000000000000000000000000090
:10C0900000000000000000000000000000000000A0
:10C0A0000000000000000000000000000000000090
:10C0B0000000066000066000066000066000066082
:10C0C000003FF8003FF8000660000CC0003FF80099
:10C0D0003FF8000CC0000CC0000CC0000CC0000CED
:10C0E000C000000000000000000000000000000090
:10C0F0000000000000000001800001800007B00087
:10C100000FF0001870001870001C00000F8000076E
:10C11000E00000F0001830001C30001C70001FE030
:10C12000001BC00001800001800001800001800030
:10C1300000000000000000000000000000000000FF
:10C1400000000780000FC0001CE0001860001860AD
:10C15000001CE0000FF80007E0001FF000073800A7
:10C1600006180006180007380003F00001E0000080
:10C1700000000000000000000000000000000000BF
:10C1800000000000000000000000000000000000AF
:10C1900003F00007F0000C60000C00000C0000062B
:10C1A00000000700000F9C001DFC0018F000187034
:10C1B000000FFC0007DC0000000000000000000091
:10C1C000000000000000000000000000000000006F
:10C1D00000000000000380000380000380000100D5
:10C1E000000100000100000100000000000000004C
:10C1F000000000000000000000000000000000003F
:10C20000000000000000000000000000000000002E
:10C2100000000000000000000000001800003800CE
:10C2200000700000F00000E00000E00001C000012C
:10C23000C00001C00001C00001C00001C00000E05A
:10C240000000E000007000007000003800001800DE
:10C2500000000000000000000000000000000000DE
:10C2600000001800001C00000E00000E0000070077
:10C2700000070000038000038000038000038000AB
:10C280000380000380000700000700000F00000E7D
:10C2900000001C000018000000000000000000006A
:10C2A000000000000000000000000180000180008C
:10C2B0000180001DB8001FF80007E00003C0000364
:10C2C000C0000660000660000000000000000000E2
:10C2D000000000000000000000000000000000005E
:10C2E000000000000000000000000000000000004E
:10C2F00000000000000000000180000180000180BB
:10C30000000180000180003FFC003FFC0001800034
:10C310000180000180000180000180000000000019
:10C32000000000000000000000000000000000000D
:10C3300000000000000000000000000000000000FD
:10C3400000000000000000000000000000000000ED
:10C35000000000000000000000000000000000E0FD
:10C360000000C00001C00001800001800003000047
:10C3700003000000000000000000000000000000BA
:10C3800000000000000000000000000000000000AD
:10C39000000000000000001FF8001FF8000000006F
:10C3A000000000000000000000000000000000008D
:10C3B000000000000000000000000000000000007D
:10C3C000000000000000000000000000000000006D
:10C3D000000000000000000000000000000000005D
:10C3E000000000000000000000000000000003C08A
:10C3F0000003C00003C000000000000000000000B7
:10C400000000000000000000000000000018000014
:10C41000180000380000300000700000600000606C
:10C420000000C00000C00001800001800003000087
:10C430000300000600000600000E00000C00001CB7
:10C4400000001800001800000000000000000000BC
:10C450000000000000000000000003C00007E00032
:10C460000C30000C300018180018180018180018AC
:10C4700018001818001818001818000C30000C309C
:10C480000007E00003C00000000000000000000002
:10C49000000000000000000000000000000000009C
:10C4A00000000080000780001F80001D80000180C8
:10C4B00000018000018000018000018000018000F7
:10C4C0000180000180000180001FF8001FF80000BB
:10C4D000000000000000000000000000000000005C
:10C4E0000000000000000000000007C0001FF00076
:10C4F00038300030180030180000180000300000FC
:10C50000600001C0000380000600000C000018005D
:10C51000003FF8003FF800000000000000000000AD
:10C52000000000000000000000000000000000000B
:10C53000000003C0000FE0000C700000300000306D
:10C540000000600003C00003E0000070000018005D
:10C550000018000018001838001FF0000FC000007D
:10C5600000000000000000000000000000000000CB
:10C570000000000000000000000000E00001E000FA
:10C5800001E0000360000660000660000C60000C23
:10C5900060001860003060003FF8003FF800006065
:10C5A0000003F80003F80000000000000000000095
:10C5B000000000000000000000000000000000007B
:10C5C00000001FF0001FF000180000180000180005
:10C5D000001BC0001FF0001C3000001800001800F5
:10C5E0000018000018003030003FF0000FC00000BD
:10C5F000000000000000000000000000000000003B
:10C600000000000000000000000000F80003F80037
:10C610000700000E00000C00001800001BC0001FE7
:10C62000F0001C30001818001818001818000C38FA
:10C63000000FF00003E00000000000000000000018
:10C6400000000000000000000000000000000000EA
:10C6500000001FF8001FF8001818001838000030FC
:10C660000000300000700000600000600000E0008A
:10C6700000C00000C00001C0000180000180000077
:10C6800000000000000000000000000000000000AA
:10C690000000000000000000000007E0000FF000B4
:10C6A0001C38001818001818000C300007E00007AC
:10C6B000E0000C30001818001818001818001C387A
:10C6C000000FF00007E00000000000000000000084
:10C6D000000000000000000000000000000000005A
:10C6E000000007C0000FF0001C30001818001818D8
:10C6F000001818000C38000FF80003D800001800CC
:10C7000000300000700000E0001FC0001F000000AB
:10C710000000000000000000000000000000000019
:10C720000000000000000000000000000000000009
:10C7300000000000000003C00003C00003C00000B0
:10C74000000000000000000000000000000003C026
:10C750000003C00003C00000000000000000000053
:10C7600000000000000000000000000000000000C9
:10C77000000000000000000000000000000000F0C9
:10C780000000F00000F000000000000000000000C9
:10C7900000000000E00001C00001800001800003F3
:10C7A0000000020000000000000000000000000087
:10C7B0000000000000000000000000000000000079
:10C7C000001C00003C0000F00003C0000F00003C13
:10C7D0000000F000003C00000F000003C00000F06B
:10C7E00000003C00001C00000000000000000000F1
:10C7F0000000000000000000000000000000000039
:10C800000000000000000000000000000000000028
:10C81000007FFC007FFC000000000000007FFC00A7
:10C820007FFC00000000000000000000000000008D
:10C8300000000000000000000000000000000000F8
:10C8400000000000000000000000000000000000E8
:10C850007000007800001E000007800001E000006A
:10C860007800001E0000780001E0000780001E0034
:10C8700000780000700000000000000000000000D0
:10C8800000000000000000000000000000000000A8
:10C89000000000000007C0000FE000187000183012
:10C8A0000018300000700000E00003C000038000AA
:10C8B0000300000000000000000700000700000067
:10C8C0000000000000000000000000000000000068
:10C8D0000000000000000000000003E00007F0007E
:10C8E0000E38000C180018780018F80019D8001934
:10C8F000980019980019980018F800187800180086
:10C90000000C00000E180007F80003E00000000013
:10C910000000000000000000000000000000000017
:10C9200000000000001F80001FC00001C000036065
:10C93000000360000630000630000C30000FF800E5
:10C940001FF800180C00300C00FC7F00FC7F00007A
:10C9500000000000000000000000000000000000D7
:10C96000000000000000000000000000007FE00068
:10C970007FF0001838001818001818001838001F29
:10C98000F0001FF800181C00180C00180C00180C00
:10C99000007FF8007FF000000000000000000000B1
:10C9A0000000000000000000000000000000000087
:10C9B000000000000003EC000FFC001C1C00180C21
:10C9C00000300C003000003000003000003000006B
:10C9D000300000180C001C1C000FF80003F00000D1
:10C9E0000000000000000000000000000000000047
:10C9F000000000000000000000000000007FC000F8
:10CA00007FF000183800181800180C00180C0018D7
:10CA10000C00180C00180C00180C0018180018381E
:10CA2000007FF0007FE00000000000000000000038
:10CA300000000000000000000000000000000000F6
:10CA400000000000007FF8007FF800181800181898
:10CA5000001998001980001F80001F8000198000B5
:10CA60001998001818001818007FF8007FF80000C7
:10CA700000000000000000000000000000000000B6
:10CA8000000000000000000000000000003FFC006B
:10CA90003FFC000C0C000C0C000CCC000CC0000F78
:10CAA000C0000FC0000CC0000CC0000C00000C0047
:10CAB000003FC0003FC00000000000000000000078
:10CAC0000000000000000000000000000000000066
:10CAD000000000000003EC000FFC001C1C00180C00
:10CAE00000300C0030000030000030FE0030FE004E
:10CAF000300C00380C001C1C000FFC0003F0000080
:10CB00000000000000000000000000000000000025
:10CB1000000000000000000000000000007E7E0019
:10CB20007E7E001818001818001818001818001F2A
:10CB3000F8001FF800181800181800181800181826
:10CB4000007E7E007E7E00000000000000000000ED
:10CB500000000000000000000000000000000000D5
:10CB600000000000001FF8001FF800018000018095
:10CB70000001800001800001800001800001800030
:10CB80000180000180000180001FF8001FF80000F4
:10CB90000000000000000000000000000000000095
:10CBA0000000000000000000000000000007FE0080
:10CBB00007FE0000300000300000300000300000B0
:10CBC0003000303000303000303000303000306025
:10CBD000003FE0000F8000000000000000000000A7
:10CBE0000000000000000000000000000000000045
:10CBF00000000000007F3E007F3E001830001860FB
:10CC00000018C0001980001B80001FC0001CE0003D
:10CC10001870001830001838007F1F007F1F0000B8
:10CC20000000000000000000000000000000000004
:10CC3000000000000000000000000000007F8000F5
:10CC40007F80000C00000C00000C00000C00000CA9
:10CC500000000C00000C0C000C0C000C0C000C0C68
:10CC6000007FFC007FFC00000000000000000000CE
:10CC700000000000000000000000000000000000B4
:10CC80000000000000F00F00F81F00381C003C3CC2
:10CC9000003C3C00366C00366C0033CC0033CC00DA
:10CCA000318C00300C00300C00FE7F00FE7F000055
:10CCB0000000000000000000000000000000000074
:10CCC0000000000000000000000000000078FE00EE
:10CCD00078FE001C18001E18001F18001B18001BEF
:10CCE000980019D80018D80018F8001878001838DB
:10CCF000007F18007F180000000000000000000006
:10CD00000000000000000000000000000000000023
:10CD1000000000000003C0000FF0001C38001818CD
:10CD200000381C00300C00300C00300C00300C00BF
:10CD3000381C001818001C38000FF00003C0000059
:10CD400000000000000000000000000000000000E3
:10CD5000000000000000000000000000003FF000A4
:10CD60003FF8000C1C000C0C000C0C000C0C000C10
:10CD700018000FF8000FE0000C00000C00000C0081
:10CD8000003FC0003FC000000000000000000000A5
:10CD90000000000000000000000000000000000093
:10CDA000000000000003C0000FF0001C380018183D
:10CDB00000381C00300C00300C00300C00300C002F
:10CDC000381C001818001C38000FF00007C00007BE
:10CDD000CC000FFC000C3800000000000000000038
:10CDE000000000000000000000000000007FE000E4
:10CDF0007FF0001838001818001818001838001FA5
:10CE0000F0001FC00018E00018700018300018383B
:10CE1000007F1E007F0E00000000000000000000E8
:10CE20000000000000000000000000000000000002
:10CE3000000000000007D8000FF8001C3800181888
:10CE4000001818001E00000FC00003F0000078005A
:10CE50001818001818001C38001FF0001BE0000014
:10CE600000000000000000000000000000000000C2
:10CE7000000000000000000000000000003FFC0077
:10CE80003FFC00318C00318C00318C00318C000172
:10CE9000800001800001800001800001800001808D
:10CEA000000FF0000FF00000000000000000000084
:10CEB0000000000000000000000000000000000072
:10CEC00000000000007E7E007E7E0018180018180A
:10CED0000018180018180018180018180018180062
:10CEE0001818001818000C30000FF00003C00000E4
:10CEF0000000000000000000000000000000000032
:10CF0000000000000000000000000000007F7F0023
:10CF10007F7F00180C000C18000C18000C1800067D
:10CF2000300006300003600003600003600001C0B1
:10CF30000001C000008000000000000000000000B0
:10CF400000000000000000000000000000000000E1
:10CF50000000000000FE3F80FE3F803006003006EB
:10CF60000030860019CC0019CC001B6C001B6C0033
:10CF70001E7C000E38000E38000C18000C18000043
:10CF800000000000000000000000000000000000A1
:10CF9000000000000000000000000000007E7E0095
:10CFA0007E7E001818000C300006600003C00001EF
:10CFB000800001800003C0000660000C30001818DB
:10CFC000007E7E007E7E0000000000000000000069
:10CFD0000000000000000000000000000000000051
:10CFE00000000000007C7E007C7E001818000C30E1
:10CFF0000006600006600003C000018000018000A0
:10D000000180000180000180000FF0000FF000009F
:10D010000000000000000000000000000000000010
:10D02000000000000000000000000000001FF800E9
:10D030001FF80018180018300018600018C0000110
:10D0400080000300000618000C18001818003018A3
:10D05000003FF8003FF80000000000000000000062
:10D0600000000000000000000000000000000000C0
:10D07000000001F00001F00001800001800001804B
:10D08000000180000180000180000180000180001B
:10D09000018000018000018000018000018000010A
:10D0A000800001F00001F00000000000000000001E
:10D0B000000000001800001800001C00000C000018
:10D0C0000E0000060000060000030000030000013F
:10D0D000800001800000C00000C00000600000600F
:10D0E0000000700000300000380000180000180038
:10D0F0000000000000000000000000000000000030
:10D1000000000F80000F800001800001800001807E
:10D11000000180000180000180000180000180008A
:10D120000180000180000180000180000180000179
:10D1300080000F80000F8000000000000000000051
:10D140000000000000000000800001C00003E000BB
:10D150000770000630000C1800180C0010040000C6
:10D1600000000000000000000000000000000000BF
:10D1700000000000000000000000000000000000AF
:10D18000000000000000000000000000000000009F
:10D19000000000000000000000000000000000008F
:10D1A000000000000000000000000000000000007F
:10D1B000000000000000000000000000000000006F
:10D1C0000000000000000000000000000000FFFF61
:10D1D00000FFFF0000000003000003800000E000EB
:10D1E00000600000000000000000000000000000DF
:10D1F000000000000000000000000000000000002F
:10D20000000000000000000000000000000000001E
:10D21000000000000000000000000000000000000E
:10D2200000000000000000000000000000000FC02F
:10D23000001FE00000300000300007F0001FF00089
:10D240003830003030003070001FFC000FBC000090
:10D2500000000000000000000000000000000000CE
:10D2600000000000000000000000780000780000CE
:10D270001800001800001BE0001FF8001C18001820
:10D280000C00180C00180C00180C00180C001C18CE
:10D29000007FF8007BE000000000000000000000BC
:10D2A000000000000000000000000000000000007E
:10D2B000000000000000000000000000000003EC7F
:10D2C000000FFC001C1C00380C00300C003000006B
:10D2D000300000380C001C1C000FF80003F00000A8
:10D2E000000000000000000000000000000000003E
:10D2F000000000000000000000000078000078003E
:10D3000000180000180007D8001FF8001838003077
:10D310001800301800301800301800301800183885
:10D32000001FFE0007DE00000000000000000000FB
:10D3300000000000000000000000000000000000ED
:10D34000000000000000000000000000000007E0F6
:10D35000001FF800181800300C003FFC003FFC00D4
:10D36000300000300000180C001FFC0007F0000027
:10D3700000000000000000000000000000000000AD
:10D380000000000000000000000001FC0003FC00A1
:10D390000600000600003FF8003FF8000600000607
:10D3A000000006000006000006000006000006005F
:10D3B000003FF0003FF0000000000000000000000F
:10D3C000000000000000000000000000000000005D
:10D3D000000000000000000000000000000007DE68
:10D3E000001FFE00183800301800301800301800F8
:10D3F0003018003018001838001FF80007D8000057
:10D4000018000018000038000FF0000FC0000000E6
:10D41000000000000000000000007800007800001C
:10D420001800001800001BE0001FF0001C38001856
:10D4300018001818001818001818001818001818E4
:10D44000007E7E007E7E00000000000000000000E4
:10D4500000000000000000000000000000000000CC
:10D4600000000180000180000000000000001F801B
:10D47000001F800001800001800001800001800009
:10D480000180000180000180003FFC003FFC0000A3
:10D49000000000000000000000000000000000008C
:10D4A0000000000000000000000000C00000C000FC
:10D4B0000000000000001FF0001FF000003000001E
:10D4C000300000300000300000300000300000303C
:10D4D000000030000030000030000030000070001C
:10D4E0001FE0001F8000000000000000000000009E
:10D4F00000003C00003C00000C00000C00000CF898
:10D50000000CF8000CC0000D80000F80000F000020
:10D510000F80000DC0000CE0003C7C003C7C000053
:10D5200000000000000000000000000000000000FB
:10D53000000000000000000000001F80001F8000AD
:10D540000180000180000180000180000180000155
:10D5500080000180000180000180000180000180C6
:10D56000003FFC003FFC0000000000000000000045
:10D5700000000000000000000000000000000000AB
:10D580000000000000000000000000000000F7782C
:10D5900000FFFC0039CC00318C00318C00318C0054
:10D5A000318C00318C00318C00FDEF00FDEF00006C
:10D5B000000000000000000000000000000000006B
:10D5C000000000000000000000000000000000005B
:10D5D0000000000000007BE0007FF0001C38001815
:10D5E0001800181800181800181800181800181833
:10D5F000007E7E007E7E0000000000000000000033
:10D60000000000000000000000000000000000001A
:10D61000000000000000000000000000000003C047
:10D62000000FF0001C3800381C00300C00300C00DB
:10D63000300C00381C001C38000FF00003C0000044
:10D6400000000000000000000000000000000000DA
:10D6500000000000000000000000000000000000CA
:10D660000000000000007BE0007FF8001C1800189C
:10D670000C00180C00180C00180C00180C001C18DA
:10D68000001FF8001BE00018000018000018000040
:10D690007F00007F0000000000000000000000008C
:10D6A000000000000000000000000000000007DE95
:10D6B000001FFE0018380030180030180030180025
:10D6C0003018003018001838001FF80007D8000084
:10D6D000180000180000180000FE0000FE00000006
:10D6E000000000000000000000000000000000003A
:10D6F0000000000000003E78003EFC0007CC000760
:10D7000000000600000600000600000600000600FB
:10D71000003FF0003FF000000000000000000000AB
:10D7200000000000000000000000000000000000F9
:10D73000000000000000000000000000000007F8EA
:10D74000000FF8001818001818001F80000FF000D4
:10D7500000F8001818001838001FF0001FE0000043
:10D7600000000000000000000000000000000000B9
:10D77000000000000000000000000C00000C000091
:10D780000C00000C00003FF0003FF0000C00000C0B
:10D7900000000C00000C00000C00000C00000C1C31
:10D7A0000007FC0003F00000000000000000000083
:10D7B0000000000000000000000000000000000069
:10D7C0000000000000000000000000000000787869
:10D7D0000078780018180018180018180018180099
:10D7E0001818001818001838000FFE0007DE000097
:10D7F0000000000000000000000000000000000029
:10D800000000000000000000000000000000000018
:10D810000000000000007C3E007C3E00181800184C
:10D8200018000C30000C300006600006600007E0B5
:10D830000003C00003C00000000000000000000062
:10D8400000000000000000000000000000000000D8
:10D850000000000000000000000000000000783C14
:10D8600000783C003118003398003398001AB0005B
:10D870001EF0001EF0001C60000C60000C60000038
:10D880000000000000000000000000000000000098
:10D890000000000000000000000000000000000088
:10D8A0000000000000003E7C003E7C000C300006C2
:10D8B000600003C00001800003C0000660000C305F
:10D8C000003E7C003E7C00000000000000000000E4
:10D8D0000000000000000000000000000000000048
:10D8E00000000000000000000000000000007E1F9B
:10D8F000007E1F00180C000C18000C1800063000E9
:10D9000006300003600003E00001C00000C0000119
:10D9100080000180000300003FC0003FC000000005
:10D9200000000000000000000000000000000000F7
:10D930000000000000001FF8001FF8001830001859
:10D94000600000C0000180000300000618000C18F1
:10D95000001FF8001FF80000000000000000000099
:10D9600000000000000000000000000000000000B7
:10D97000000000E00001E000018000018000018063
:10D98000000180000180000180000380000700008A
:10D9900003800001800001800001800001800001FF
:10D9A000800001E00000E000000000000000000036
:10D9B0000000000000000000000001800001800065
:10D9C00001800001800001800001800001800001D1
:10D9D0008000018000018000018000018000018042
:10D9E00000018000018000018000018000018000B2
:10D9F0000000000000000000000000000000000027
:10DA00000000070000078000018000018000018005
:10DA10000001800001800001800001C00000E000E2
:10DA200001C0000180000180000180000180000130
:10DA300080000780000700000000000000000000D8
:10DA400000000000000000000000000000000000D6
:10DA50000000000000000000000000000E00001F99
:10DA600018003BB80031F00000E0000000000000AA
:10DA700000000000000000000000000000000000A6
:10DA80000000000000000000000000000006000090
:10DA90000000000000000000000000000000000383
:10DAA00000808300222A3A3C3E3F7C7F0000000039
:10DAB0002B2C3B3D5B5D00002E2E5C52535F4D4690
:10DAC0005F636F6D5C4D6964646C657761726573EB
:10DAD0005C54686972645F50617274795C46617409
:10DAE00046735C7372635C66662E630061626F727C
:10DAF00074202573206C696E65202564202D2045D7
:10DB000072726F722025730A000000008081828388
:10DB10008485868788898A8B8C8D8E8F909192934D
:10DB2000949596979899AD9B8C9DAE9FA021A2A3AA
:10DB3000A4A5A6A7A8A9AAABACADAEAFB0B1B2B32D
:10DB4000B4B5B6B7B8B9BABBBCBDBEBFC0C1C2C31D
:10DB5000C4C5C6C7C8C9CACBCCCDCECFD0D1D2D30D
:10DB6000D4D5D6D7D8D9DADBDCDDDEDFC0C1C2C37D
:10DB7000C4C5C6C7C8C9CACBCCCDCECFD0D1D2D3ED
:10DB8000D4D5D6F7D8D9DADBDCDDDE9F0103050773
:10DB9000090E10121416181C1E00000049444C45B2
:10DBA00000000000546D725100000000546D72209E
:10DBB000537663003C50494E473E0000424C554569
:10DBC000544F4F5448000000424C5545544F4F5459
:10DBD00048205245504C59006F6E00004445464164
:10DBE000554C540044454641554C54205245504CE8
:10DBF000590000007573657220706F7765726564F7
:10DC0000206F666600000000737769746368696E50
:10DC10006720746F207374616E64617264206D6F2D
:10DC200064650000626F7474737472617020666F53
:10DC300072636564000000002E0000002E2E0000BC
:10DC40002F000000446972206368616E676520657B
:10DC500072726F72000000003C41434B3E000000B6
:10DC60004641544653207375636365737366756CE0
:10DC70006C79206D6F756E7465640A004641544678
:10DC800053206D6F756E74206661696C65640A005F
:10DC90002A000000456E64206F6620446972656347
:10DCA000746F7279000000004572726F72206F709D
:10DCB000656E20646972000046494C450000000012
:10DCC0004449520025737C256C757C257300000047
:10DCD0006F666600494E00004F55540025303130C4
:10DCE0006C75202D20253031306C752053445F44F5
:10DCF0004554454354202D2025730A005254432097
:10DD00006572726F722068616E646C6572000000EB
:10DD100072746320696E6974206661696C65640061
:10DD200025643A25643A2564000000003C4E4143D6
:10DD30004B3A4241442054494D453E003C41434BFF
:10DD40003A54696D65205365743E00003C4461742B
:10DD500065207365743E00003C444154453A42617D
:10DD600064204461746520737570706C6965643EED
:10DD70000000000061646A7573742074696D652029
:10DD800063757272656E745F7469636B732025309E
:10DD9000386C752C2074696D655F736574207469C7
:10DDA000636B733D2530386C75206572726F723D00
:10DDB000256C640A0000000025642F25642F25646B
:10DDC00020253032643A253032643A2530326400FE
:10DDD000253032642F253032642F253034642025DD
:10DDE0003032643A253032643A253032642025736B
:10DDF000000000003C53595354454D2054494D45B3
:10DE000020464F524D41542057524F4E473E00003E
:10DE10003C53595354454D2054494D452053455486
:10DE20003E00000025326420257320253264202521
:10DE30003032753A25303275000000004A414E00FC
:10DE4000464542004D415200415052004D4159005B
:10DE50004A554E004A554C00415547005345500025
:10DE60004F4354004E4F5600444543000003030601
:10DE7000010406020500030577616974207265617B
:10DE80006479206661696C656400000073656E6486
:10DE90005F636D64206572726F7220253032780A7C
:10DEA000000000002530327820000000446F444D0F
:10DEB00041526561642074696D6564206F757400FA
:10DEC000446F444D4157726974652074696D65648F
:10DED000206F75740000000073645F6469736B5F8A
:10DEE000696E697469616C69736500000A73645FC7
:10DEF0006469736B5F72656164206572726F722012
:10DF0000736563746F72202530386C782074726981
:10DF100065733D25640A000073645F6469736B5F19
:10DF200072656164206572726F72202530386C787A
:10DF30000A0000000A7772697465206572726F7258
:10DF40002074726965733D25640A000073645F6420
:10DF500069736B5F7772697465206572726F722086
:10DF60002530386C780A000073645F6469736B5FF6
:10DF7000696F63746C206661696C20253038780A9B
:10DF8000000000004D585F5553415254315F496EB7
:10DF90006974206661696C6564000000496E5074A4
:10DFA00072206F7574206F6620626F756E647300E7
:10DFB0004F7574507472206F7574206F6620626F95
:10DFC000756E64730000000072657475726E65642E
:10DFD0002066726F6D206D61696E00004465666138
:10DFE000756C7448616E646C657200005453000077
:10DFF0005453205245504C5900000000727865641B
:10E000002022257322206C656E67746820256C754C
:10E010000A0000002E2E5C52535F4D465F636F6D09
:10E020005C5372635C757362645F636F6E662E63CC
:10E030000000000053544D3332204D617373205360
:10E04000746F726167652F5669727475616C2043D5
:10E050004F4D20706F72740053544D6963726F6539
:10E060006C656374726F6E696373000030303030BA
:10E070003030303030303141000000004D5343200B
:10E0800043444320436F6E66696700004D5343204D
:10E0900043444320496E7465726661636500000005
:10E0A00012010002EF02014083042A57000201021C
:10E0B0000301000009026200030102C032090400EA
:10E0C000000208065005070583024000000705030B
:10E0D00002400000080B01020202010009040100D5
:10E0E00001020201010524001001052401000204BF
:10E0F0002402020524060102070582030800100914
:10E10000040200020A0000000705010240000007A7
:10E110000581024000000000008002021F00000094
:10E1200053544D202020202050726F64756374205A
:10E130002020202020202020302E30317278202DE9
:10E140002025730A000000007478202D2025730A12
:10E150000000000055534200555342205245504C98
:10E1600059000000040164010546000A5001010045
:10E17000001850000A640005460001010105010174
:10E18000040A0802000001004578706572696D6537
:10E190006E7400000000000000000000000000009D
:10E1A0000100000000000000000000003C56455245
:10E1B00053494F4E3A25642E25643E00444953008E
:10E1C0003C42543A2573434F4E4E45435445443EDA
:10E1D000000000003C4241434B4C494748543A2020
:10E1E000253032643E0000003C534E3A00000000EF
:10E1F0002530325800000000706D0000616D000095
:10E200003C4745542054494D453A20253032643A24
:10E21000253032643A253032642025733E000000F8
:10E220003C47455420444154453A2025732025302D
:10E2300032643A253032643A253034643E000000BE
:10E24000556E6B6E6F776E205265706C79000000B2
:10E250003C4E41434B3E000053414D504C452052F3
:10E26000415445003C53414D504C4520524154458A
:10E270003A25643E00000000495445524154494F3C
:10E280004E5300003C495445524154494F4E533A75
:10E2900025643E00424153454C494E450000000074
:10E2A0003C424153454C494E453A25642C25642C4B
:10E2B00025643E004142534F524200003C414253CC
:10E2C0004F52423A25642C25642C25643E00000000
:10E2D00050415553450000003C50415553453A25A7
:10E2E000642C25642C25643E000000004445534FF7
:10E2F000524200003C4445534F52423A25642C257B
:10E30000642C25643E000000464C55534800000034
:10E310003C464C5553483A25642C25642C25643ED4
:10E320000000000057414954000000003C5741499B
:10E33000543A25642C25642C25643E004241434B0D
:10E340004C4947485450574D000000003C4241435F
:10E350004B4C4947485450574D3A25643E00000005
:10E360005357495443484F46465345430000000025
:10E370003C5357495443484F46465345433A256416
:10E380003E0000004E414D45000000003C4E414D16
:10E39000453A25733E000000256C642C256C642CE6
:10E3A000256C64003C474554504152414D533A005E
:10E3B0002C2564002C25642C25642C256400000089
:10E3C0002C25730053543A256C643E002530386C7C
:10E3D000582000002530325820000000256300003E
:10E3E0003C4E41434B3A52656164206572726F72D4
:10E3F000206F6E20736563746F723E003C4E414324
:10E400004B3A42616420536563746F72204E756DA0
:10E410006265723E000000003C4E41434B3A25735A
:10E420003E0000003C46494C45415454523A253088
:10E4300032583E004572726F723A2046696C652010
:10E440006E6F74206F70656E656400003C454E44CD
:10E450005041434B3A25752C4F46465345543D2574
:10E460006C752C46494C453D25733E3C41434B3E23
:10E47000000000003C454E4446494C453A25732C6B
:10E48000544F54414C3D256C753E3C41434B3E003E
:10E490002573202564202564202564003C4E4143DB
:10E4A0004B3A6E616D6520746F6F206C6F6E673EC6
:10E4B00000000000543100005432000054330000CA
:10E4C0005434000054350000543600005437000026
:10E4D0005354415254484F55520000005354415236
:10E4E000544D494E5554450053504143494E4748B9
:10E4F00052530000524550454154434F554E54002D
:10E500003C50554D5025207365743E003C50554D90
:10E51000502520666F726D61742077726F6E673E52
:10E52000000000003C424144204252494748544EBA
:10E530004553533E000000003B0000003C454F4463
:10E540003E000000556E7265636F676E69736564A7
:10E5500020636F6D6D616E64202D202573000000B7
:10E560002C25313973000000434F4D4D414E44007E
:10E57000434F4D4D414E44205245504C59000000F0
:10E580003C444154453A00003C444154453A64619E
:10E59000793A6D6F6E74683A796561723E20736581
:10E5A00074207468652064617465206461792C6DE1
:10E5B0006F6E74682C796561720A00003C4745549F
:10E5C00020444154450000003C47455420444154F8
:10E5D000453E2072657475726E73207468652064A0
:10E5E00061746520646179206E616D652C6461746D
:10E5F000652C6D6F6E74682C796561720A0000007D
:10E600003C54494D453A00003C54494D453A686FE9
:10E610007572733A6D696E757465733A7365636F7D
:10E620006E64733E2073657473207468652074692A
:10E630006D650A003C4745542054494D4500000093
:10E640003C4745542054494D453E207265747572CF
:10E650006E73207468652074696D6520686F7572CB
:10E66000732C6D696E757465732C7365636F6E645E
:10E670007320616D2F706D0A000000003C50554DF5
:10E6800050253A003C50554D50253A302D31303010
:10E690003E20736574207468652050574D20666F66
:10E6A00072207468652070756D700A003C53595370
:10E6B00054454D2054494D453A0000003C535953B0
:10E6C00054454D2054494D453A6D6F6E74682F6422
:10E6D00061792F7965617220686F75723A6D696E24
:10E6E0007574653A7365636F6E6420616D2F706D2C
:10E6F0003E2073657473206461746520616E6420CC
:10E7000074696D650A0000003C525443433A0000AE
:10E710003C50554D503A00003C50554D503A4F4EEC
:10E720002F4F46463E207475726E2070756D7020B6
:10E730006F6E206F72206F66660A00003C313256A1
:10E740003A0000003C3132563A4F4E2F4F46463E7B
:10E75000207475726E203132562028736F6C656E8E
:10E760006F696420737570706C7929206F6E206FEB
:10E7700066206F66660A00003C4241434B4C4947A5
:10E780004854253A000000003C4241434B4C494765
:10E790004854253A302D3130303E20736574206264
:10E7A00061636B6C69676874206272696768746E14
:10E7B0006573730A000000003C4745544241434BD7
:10E7C0004C494748540000003C4745544241434BA4
:10E7D0004C494748543E206765742074686520633F
:10E7E000757272656E74206261636B6C69676874C0
:10E7F00020250A003C53455435563A003C35563ADC
:10E800004F4E2F4F46463E207475726E203556206F
:10E810002870756D7020737570706C7929206F6E1B
:10E82000206F72206F66660A000000003C424C5563
:10E8300045544F4F54483A003C424C5545544F4F75
:10E8400054483A4F4E2F4F46463E207475726E2004
:10E85000626C7565746F6F7468206F6E206F7220C4
:10E860006F66660A000000003C484541443A0000DB
:10E870003C484541443A4F4E2F4F46463E20747522
:10E88000726E2073656E736F726865616420706F5D
:10E89000776572206F6E206F72206F66660A0000C7
:10E8A0003C4449564552544F523A00003C44495664
:10E8B0004552544F523A4F4E2F4F46463E207475A4
:10E8C000726E206469766572746F72206F6E206F4D
:10E8D00072206F66660A00003C534E003C534E3E69
:10E8E00020676574206D61696E20626F61726420BB
:10E8F00073657269616C206E756D6265720A0000E5
:10E900003C4254003C42543E2067657420626C7562
:10E9100065746F6F74682073746174652C20726500
:10E92000706C69657320434F4E4E454354454420F7
:10E930006F7220444953434F4E4E45435445440A59
:10E94000000000003C5348003C5348737472696EE9
:10E95000673E2073656E6420737472696E672074FD
:10E960006F2073656E736F72686561640A000000E2
:10E970003C4745542046495253542046494C453E55
:10E98000000000003C47455420464952535420465D
:10E99000494C453E20676574732066697273742024
:10E9A00066696C656E616D6520696E2074686520AE
:10E9B00063757272656E74206469726563746F72D8
:10E9C000790A00003C474554204E4558542046499A
:10E9D0004C453E003C474554204E4558542046493E
:10E9E0004C453E206765747320746865206E6578B9
:10E9F000742066696C6520696E2074686520637593
:10EA00007272656E74206469726563746F72790ADC
:10EA1000000000003C4745542046495253542046CC
:10EA20004154523E000000003C47455420464952A4
:10EA300053542046494C453E2067657473206669EF
:10EA40007273742066696C656E616D6520286174EF
:10EA500074726962757465732920696E20746865C3
:10EA60002063757272656E74206469726563746F79
:10EA700072790A003C474554204E4558542046417F
:10EA800054523E003C474554204E45585420464978
:10EA90004C453E206765747320746865206E657808
:10EAA000742066696C65202861747472696275747B
:10EAB00065732920696E20746865206375727265BC
:10EAC0006E74206469726563746F72790A00000065
:10EAD0003C4745542046495253542046416C6C3EB5
:10EAE000000000003C4745542046495253542046FC
:10EAF000416C6C3E20676574732066697273742084
:10EB0000616C6C2066696C6520286174747269623E
:10EB1000757465732920696E207468652063757249
:10EB200072656E74206469726563746F72790A002D
:10EB30003C474554204E4558542046416C6C3E009D
:10EB40003C474554204E4558542046416C6C3E206D
:10EB500067657473206E65787420616C6C206669DB
:10EB60006C652028617474726962757465732920FC
:10EB7000696E207468652063757272656E742064B6
:10EB800069726563746F72790A0000003C524553E4
:10EB900045543E003C52455345543E2072657365D2
:10EBA000742074686520756E69740A003C464F5085
:10EBB000454E3A003C464F50454E3A66696C656E8C
:10EBC000616D653E206F70656E732F637265617451
:10EBD00065732066696C656E616D6520666F722075
:10EBE0007772697465206163636573730A0000005E
:10EBF0003C4657524954453A000000003C465752A3
:10EC00004954453A737472696E673E20777269742D
:10EC1000657320737472696E6720746F20707265FB
:10EC200076696F75736C7920464F50454E65642048
:10EC300066696C650A0000003C46524541443A0052
:10EC40003C46524541443A66696C656E616D653E6D
:10EC50002072656164732074686520636F6E7465EB
:10EC60006E7473206F662074686520737570706CA5
:10EC70006965642066696C656E616D650A000000F7
:10EC80003C465245414446495253543A0000000024
:10EC90003C465245414446495253543A66696C6574
:10ECA0006E616D653E2072656164732074686520D5
:10ECB000636F6E74656E7473206F66207468652070
:10ECC000737570706C6965642066696C656E616DE2
:10ECD000650A00003C46524541444E4558543E00AA
:10ECE0003C46524541444E4558543E0A00000000FF
:10ECF0003C4644454C3A00003C4644454C3A666923
:10ED00006C656E616D653E2064656C65746573202D
:10ED10007468652066696C650A0000003C464D4BCE
:10ED20004449523A000000003C464D414B44495290
:10ED30003A6469726563746F7279206E616D653EC5
:10ED4000206D616B65732061206469726563746F07
:10ED500072790A003C464F524D41543A000000007F
:10ED60003C4643484449523A000000003C46434870
:10ED7000474449523A6469726563746F7279206ED0
:10ED8000616D653E206368616E676520746F206405
:10ED900069726563746F72790A0000003C46434CE7
:10EDA0004F5345003C46434C4F53453E20636C6FE8
:10EDB00073652070726576696F75736C7920637204
:10EDC00065617465642066696C650A003C4641545F
:10EDD000545200003C46415454523E206765742012
:10EDE00066696C65277320617474726962757465F5
:10EDF000730A00003C52454144534543544F523A34
:10EE0000000000003C52454144534543544F523AA0
:10EE1000736563746F72206E756D6265723E2072E9
:10EE20006561647320746865206E756D62657265D6
:10EE30006420736563746F720A0000003C524541A0
:10EE4000444E4558543E00003C524541444E4558BE
:10EE5000543E20726561647320746865206E657825
:10EE60007420736563746F720A0000003C57524946
:10EE70005445534543544F523A0000003C53594EB9
:10EE8000435449434B533E003C53594E435449432A
:10EE90004B533E2073796E63207468652073656EF2
:10EEA000736F7268656164207469636B730A000034
:10EEB0003C494E4954484541443A00003C494E497A
:10EEC00054484541443E20696E6974207468652049
:10EED00073656E736F72686561640A003C474554E0
:10EEE0002053455454494E473A0000003C4745548E
:10EEF0002053455454494E473A73657474696E679C
:10EF00003E2067657420746865207265717565734D
:10EF10007465642073657474696E6720652E672E4E
:10EF20002053414D504C4520524154450A000000A9
:10EF30003C5345542053455454494E473A00000031
:10EF40003C5345542053455454494E473A736574D5
:10EF500074696E6720706172616D312E2E2E706142
:10EF600072616D6E3E2073657420746865207265F1
:10EF7000717565737465642073657474696E670A6E
:10EF8000000000003C424545503A00003C424545E7
:10EF9000503A6475726174696F6E286D53292C2024
:10EFA0006672657175656E637928487A292C2076BA
:10EFB0006F6C756D6528302D313030293E206D61C4
:10EFC0006B65206120626565700A00003C4745540E
:10EFD000504152414D5300003C474554205041524E
:10EFE000414D533E20726561642074686520626102
:10EFF0007474657279206261636B656420706172FC
:10F00000616D65746572730A000000003C534554DD
:10F01000504152414D5300003C5345542050415201
:10F02000414D533E2072657772697465207468653E
:10F030002062617474657279206261636B6564201B
:10F04000706172616D65746572730A003C47455466
:10F050002056455253494F4E000000003C4745544E
:10F060002056455253494F4E3E2072657475726E5C
:10F07000204D61696E204150502076657273696F32
:10F080006E206E756D6265720A0000003C3F0000E4
:10F090003F3F3F004D6F6E0054756500576564003B
:10F0A00054687500467269005361740053756E00B0
:10F0B00046525F4F4B00000046525F4449534B5F3E
:10F0C0004552520046525F494E545F45525200002D
:10F0D00046525F4E4F545F52454144590000000074
:10F0E00046525F4E4F5F46494C45000046525F4EC8
:10F0F0004F5F50415448000046525F494E56414CC4
:10F1000049445F4E414D450046525F44454E494596
:10F110004400000046525F45584953540000000027
:10F1200046525F494E56414C49445F4F424A45431F
:10F130005400000046525F57524954455F50524FA9
:10F14000544543544544000046525F494E56414C95
:10F1500049445F44524956450000000046525F4E04
:10F160004F545F454E41424C4544000046525F4E6D
:10F170004F5F46494C4553595354454D00000000DC
:10F1800046525F4D4B46535F41424F5254454400F7
:10F1900046525F54494D454F5554000046525F4C0E
:10F1A0004F434B454400000046525F4E4F545F456D
:10F1B0004E4F5547485F434F5245000046525F54FB
:10F1C0004F4F5F4D414E595F4F50454E5F46494C42
:10F1D0004553000046525F494E56414C49445F50EA
:10F1E0004152414D455445520000000080E502085F
:10F1F0008DE0010888E50208BCE50208F504020874
:10F20000C8E5020800E602082DDF010808E602084A
:10F2100034E60208A904020840E602087CE6020877
:10F22000A512020884E60208ACE6020825E20108FD
:10F23000BCE6020808E702082D030208ECEC02080D
:10F2400010E7020805D6010818E702083CE70208A3
:10F250001DD5010844E7020878E7020839130208BF
:10F2600088E70208B8E70208F1030208C8E70208C5
:10F27000F4E702084DD50108FCE702082CE8020873
:10F2800071D5010838E8020868E8020821D60108AB
:10F2900070E80208A0E8020885D60108ACE8020878
:10F2A000D8E802080D040208DCE8020800E90208B8
:10F2B000C503020804E9020844E9020861040208DF
:10F2C00048E9020870E902081DC1010884E9020842
:10F2D000C4E90208B1C10108D4E9020814EA02082D
:10F2E00029C2010828EA020874EA0208DDC20108FE
:10F2F00084EA0208D0EA020825150208E4EA0208B6
:10F3000030EB02080114020840EB02088CEB020803
:10F31000E902020894EB0208ACEB0208D10D0208E6
:10F32000B4EB0208F0EB0208AD0D0208FCEB02089A
:10F3300038EC0208090E020840EC020880EC0208D2
:10F34000DD0C020890EC0208D4EC0208310C020833
:10F35000E0EC0208F0EC0208030C0208F8EC0208EA
:10F360001CED0208D50B020828ED020854ED020836
:10F370000D030208ECEC020860ED020841C0010830
:10F380006CED02089CED0208C10B0208A4ED020816
:10F39000CCED0208990B0208D4ED0208F4ED020846
:10F3A000410B020804EE02083CEE02082D0B020895
:10F3B00048EE02086CEE020829030208ECEC020891
:10F3C0007CEE0208250A020888EE0208B0EE020868
:10F3D00061150208BCEE0208DCEE020861050208B5
:10F3E000ECEE020830EF02087D0E020840EF020842
:10F3F00084EF0208710702088CEF0208CCEF0208C4
:10F40000C5070208D8EF02080CF002083D170208F1
:10F4100018F002084CF00208A10302085CF0020890
:10F420008CF002087D030208ECEC020890F0020860
:10F4300094F0020898F002089CF00208A0F002087C
:10F44000A4F00208A8F00208ACF0020800000000D6
:10F450000000000000020202020202020202020296
:10F46000050505050505050507070707070A0A0A33
:10F470000A0A0C0C0C0F0F0F11111114141616168A
:10F4800019191B1E1E2020232528282A2D2F32342F
:10F4900037393C3E4346484D5055575C61666B706A
:10F4A000757A7F878E939BA2AAB1BBC3CDD7E1EBC0
:10F4B000F700000053797374656D20726573756D84
:10F4C00065642066726F6D205354414E444259204A
:10F4D0006D6F64650A000000536F66747761726532
:10F4E0002052657365740000506F7765722D4F6E02
:10F4F0002D526573657400004C6F7720506F7765EF
:10F5000072205265736574005757444720526573E3
:10F5100065740000495744472052657365740000C4
:10F52000424F52205265736574000000457874653F
:10F53000726E616C2050696E2052657365740000B4
:10F540005761746368646F67207265736574000047
:10F550004572726F722048616E646C6572000000C3
:10F560005372635C6D61696E2E6300004E4F2053D1
:10F57000442043415244000046494C45535953549A
:10F58000454D204641494C45440A52554E2043487A
:10F590004B44534B0A4F4E204449534B0A5550207D
:10F5A000544F2052455345540A444F574E20544F10
:10F5B00020434F4E54494E55450000006465666136
:10F5C000756C745461736B0053656E736F7248652C
:10F5D00061645461736B0000436F6D6D616E6454C0
:10F5E00061736B00426C7565546F6F74685461731E
:10F5F0006B00000055495461736B0000546F7563D4
:10F600006853637265656E5461736B005553425461
:10F6100061736B00040100000000000000000000A6
:10F6200000000000000000000002000010000000C8
:10F630000000000000000000000000000A000000C0
:10F6400032000000202020202053455454494E47CA
:10F650005320202056455220332E35300000000024
:10F66000030000005343313E000000002F2F000034
:10F6700053414D504C494E47204D4F4445000000EA
:10F680002532643A25303264206F66202532643A90
:10F6900025303264206D3A730000000054494D4516
:10F6A0002532643A25303264206F6620253264208A
:10F6B00053454300202020202020202020202020EF
:10F6C00020202020202020202020202000000000BA
:10F6D0004661726D204D6F6E69746F7220416E616C
:10F6E0006C797365720A0000526F626F73636965AB
:10F6F0006E7469666963204C74640A0045737061B6
:10F700006365204E6F7274680A0000005769736267
:10F7100065636820526F61640A0000004C6974746C
:10F720006C65706F72740A0043616D627269646720
:10F730006573686972652C20554B0A004342362078
:10F740003152410A0000000044617465203D2025CB
:10F75000642F25642F25640A0000000054696D653C
:10F76000203D20253032643A253032643A2530324B
:10F77000640A0000446174612069732070726F74C0
:10F78000656374656420627920526F626F536369A8
:10F79000656E7469666963204C696D697465640A95
:10F7A000000000004E616D65206F66207468652062
:10F7B0006578706572696D656E74203D20222573D1
:10F7C000220A0000526570656174204E6F2E203D44
:10F7D0002025642F25640A002D2D2D2D2D2D2D2D56
:10F7E0002D2D2D2D2D2D2D2D2D2D2D2D2D2D2D2D49
:10F7F0002D2D2D2D2D2D2D2D2D2D2D2D2D2D2D2D39
:10F800002D2D2D2D2D2D2D2D2D2D2D2D2D0A0000A5
:10F810004578706572696D656E74616C2054696DB0
:10F82000652028696E207365632920616E64204617
:10F830006C6F772050726F66696C65203A0A000021
:10F84000426173654C696E65203D2025640A0000A5
:10F850004162736F7262203D2025640A000000003F
:10F860005061757365203D2025640A004465736FFF
:10F870007262203D2025640A00000000466C75730A
:10F8800068203D2025640A0057616974203D2025C9
:10F89000640A000054494D4520253264206F6620DB
:10F8A0002532642053454300256C750009257300FB
:10F8B0000925730A0000000025752C25752C257379
:10F8C000000000005C73657474696E67735C736537
:10F8D0007474696E67732E74787400006261636B70
:10F8E00075702052414D2072656164206661696CBB
:10F8F0006564000044656661756C74206E616D65B9
:10F9000000000000746578743A000000646174655A
:10F910003A00000074696D653A0000006E616D6523
:10F920003A0000007265706561743A0073616D7031
:10F930006C65737065727365633A0000626173652C
:10F940006C696E653A0000006162736F72623A0022
:10F9500070617573653A00006465736F72623A0096
:10F96000666C7573683A0000576169743A0000006C
:10F97000546573745F25645F2530326425303264CA
:10F98000253032645F253032645F253032642E7456
:10F99000787400006661696C656420746F2063721E
:10F9A000656174652F6F766572777269746520255D
:10F9B00073206572726F7220257300005465737432
:10F9C0005F25645F2530326425303264253032642F
:10F9D0005F2530326C645F253032645F28256429EE
:10F9E0002E74787400000000546F74616C205072A3
:10F9F0006F66696C652054696D65203D2025642023
:10FA0000696E207365630A0041637175697265648C
:10FA1000206461746120706F696E7420706572205B
:10FA20007365636F6E64203D2025640A000000004A
:10FA3000546F74616C206461746120706F696E74BE
:10FA40002073746F726564203D2025640A000000F5
:10FA500041637175697265642073656E736F72209E
:10FA6000726573706F6E7365732066726F6D20328E
:10FA7000342073656E736F72730A00002D2D2D2D67
:10FA80002D2D2D2D2D2D2D2D2D2D2D2D2D2D2D2DA6
:10FA90002D2D2D2D2D2D2D2D2D2D2D2D2D2D2D2D96
:10FAA0002D2D2D2D2D2D2D2D2D2D2D2D2D2D2D2D86
:10FAB0002D0A0A004461746120506F696E747309E5
:10FAC0002053656E2D31092053656E2D3209205368
:10FAD000656E2D33092053656E2D34092053656EF4
:10FAE0002D35092053656E2D36092053656E2D374F
:10FAF000092053656E2D38092053656E2D39092074
:10FB000053656E2D3130092053656E2D313109203A
:10FB100053656E2D3132092053656E2D3133092026
:10FB200053656E2D3134092053656E2D3135092012
:10FB300053656E2D3136092053656E2D31370920FE
:10FB400053656E2D3138092053656E2D31390920EA
:10FB500053656E2D3230092053656E2D32310920E8
:10FB600053656E2D3232092053656E2D32330920D4
:10FB700053656E2D3234092048756D696469747956
:10FB8000202825722E682E290A0000006E616D65FE
:10FB9000206368616E6765642066726F6D20222540
:10FBA000732220746F202225732200007265706515
:10FBB000617473206368616E6765642066726F6D3F
:10FBC00020256420746F20256400000073616D702F
:10FBD0006C657320706572207365636F6E6420635B
:10FBE00068616E6765642066726F6D20256420749D
:10FBF0006F20256400000000426173656C696E65CA
:10FC0000206368616E67656420746F20222573220B
:10FC1000000000004162736F7262206368616E676A
:10FC2000656420746F202225732200005061757373
:10FC300065206368616E67656420746F2022257398
:10FC4000220000004465736F7262206368616E6712
:10FC5000656420746F20222573220000466C757342
:10FC600068206368616E67656420746F2022257365
:10FC700022000000776169743A00000057616974DE
:10FC8000206368616E67656420746F20222573228B
:10FC9000000000007377697463686F66667365635C
:10FCA0003A000000737769746368206F666620739A
:10FCB00065636F6E6473206368616E676564206658
:10FCC000726F6D20256420746F2025640000000091
:10FCD00054313A005431206368616E676564206670
:10FCE000726F6D20256420746F2025640000000071
:10FCF00054323A005432206368616E67656420664E
:10FD0000726F6D20256420746F2025640000000050
:10FD100054333A005433206368616E67656420662B
:10FD2000726F6D20256420746F2025640000000030
:10FD300054343A005434206368616E676564206609
:10FD4000726F6D20256420746F2025640000000010
:10FD500054353A005435206368616E6765642066E7
:10FD6000726F6D20256420746F20256400000000F0
:10FD700054363A005436206368616E6765642066C5
:10FD8000726F6D20256420746F20256400000000D0
:10FD900054373A005437206368616E6765642066A3
:10FDA000726F6D20256420746F20256400000000B0
:10FDB00054383A005438206368616E676564206681
:10FDC000726F6D20256420746F2025640000000090
:10FDD00054393A005439206368616E67656420665F
:10FDE000726F6D20256420746F2025640000000070
:10FDF0005431303A00000000543130206368616EA5
:10FE00006765642066726F6D20256420746F2025FD
:10FE1000640000005374617274486F75723A000098
:10FE20005374617274486F7572206368616E6765A0
:10FE3000642066726F6D20256420746F2025640035
:10FE400053746172744D696E7574653A00000000F8
:10FE500053746172744D696E757465206368616E68
:10FE60006765642066726F6D20256420746F20259D
:10FE700064000000526570656174436F756E743A7A
:10FE800000000000526570656174436F756E7420E8
:10FE90006368616E6765642066726F6D20256420FB
:10FEA000746F20256400000053706163696E6748B9
:10FEB0007273203A0000000053706163696E6748F6
:10FEC0007273206368616E6765642066726F6D206F
:10FED000256420746F20256400000000736574742D
:10FEE000696E67732E74787420686173206C617416
:10FEF00065722074696D65207374616D702074681B
:10FF0000616E2073746F72656420706172616D73CD
:10FF100000000000202073657474696E67732E748E
:10FF200078742074696D65207374616D70203D2054
:10FF300025730000202073746F72656420706172F5
:10FF4000616D732074696D65207374616D70203DFF
:10FF500020257300706172616D7320757064617427
:10FF600065642066726F6D2073657474696E677363
:10FF70002E747874000000006E6F206368616E67F5
:10FF8000657320666F756E640000000053533A2558
:10FF9000643E000053543A25643E000049544552E3
:10FFA0004154494F4E202564206F6620256400008F
:10FFB000456E64206F6620697465726174696F6E46
:10FFC0002E0A00002020495445524154494F4E20EA
:10FFD00020454E4420200000456E64206F66206955
:10FFE0007465726174696F6E2E2020454E440A005C
:10FFF0004578706572696D656E742061626F7274A8
:020000040803EF
:1000000065640A005055524745000000434C4F5369
:10001000450000004F50454E0000000053414D5038
:100020004C450000054600000A5000001850000032
:100030000A640000A5000000730000003601000003
:100040008D000000FF07E0070000000034000020E2
:10005000B4E2020800000000000000000A000000F6
:10006000730000009B0000008D000000FF07E00708
:10007000000000003400002094E2020800000000AC
:10008000000000000A000000190000009B000000B2
:1000900033000000FF07E0070000000034000020EC
:1000A0000C0003080000000000000000A500000094
:1000B00055000000360100006F000000FF07E00758
:1000C0000000000034000020ECE202080000000004
:1000D000000000000A000000370000009B00000044
:1000E00051000000FF07E00700000000340000207E
:1000F00008E302080000000000000000A500000066
:100100009100000036010000AB000000FF07E0078F
:10011000000000003400002014000308000000006C
:10012000000000000A000000550000009B000000D5
:100130006F000000FF07E00700000000340000200F
:10014000D0E202080000000000000000A50000004E
:10015000190000003601000033000000FF07E0072F
:10016000000000003400002004000308000000002C
:10017000000000000A000000910000009B00000049
:10018000AB000000FF07E007000000003400002083
:100190001C0003080000000000000000A500000093
:1001A000370000003601000051000000FF07E007A3
:1001B000000000003400002024E3020800000000DA
:1001C0000000000008054600090A50000A0100006E
:1001D0000B1850000C0A64000D0546001805460077
:1001E000190A64001A0100001B1850001C0A640060
:1001F0001D05460044495341424C4544000000005F
:10020000454E41424C454400256C643A256C643AA5
:10021000256C64006368616E6765642025732074D3
:100220006F202573000000004F4E20004F4646000F
:100230004F4E00002530336400000000256C642F11
:10024000256C642F256C6400696E76616C6964208E
:10025000706172616D28732920666F756E6420006D
:1002600064656661756C7473207772697474656E09
:1002700020746F20706172616D73000020425249DA
:100280004748544E455353200000000053414D5001
:100290004C4520524154452000000000204954455F
:1002A000524154494F4E532000000000202020426C
:1002B0004153454C494E4520000000002530336431
:1002C00020253033642025730000000020202020EA
:1002D000204142534F5242200000000020202020A5
:1002E00020205041555345200000000020202020B0
:1002F000204445534F52422000000000202020207F
:100300002020464C5553482000000000202020208B
:1003100020202057414954200000000020202020A8
:100320002020202020543120000000002020202008
:1003300020202020205432200000000020202020F7
:1003400020202020205433200000000020202020E6
:1003500020202020205434200000000020202020D5
:1003600020202020205435200000000020202020C4
:1003700020202020205436200000000020202020B3
:1003800020202020205437200000000020202020A2
:100390002020202020543820000000002020202091
:1003A0002020202020543920000000002020202080
:1003B0002020202054313020000000002020535401
:1003C000415254484F5552200000000053544152AE
:1003D000544D494E555445200000000053504143B0
:1003E000494E472048525320000000002020202082
:1003F0002020204441544520000000002530326474
:100400002F253032642F2530326400002020202038
:1004100020202054494D4520000000002530326442
:100420003A253032643A2530326400002020202002
:100430004C4F4747494E4720000000007C0203080C
:1004400055530208340203080100000002000000B6
:100450000A00000064000000F94C02088C02030846
:100460005553020834020308010000000000000098
:100470000100000064000000F94C02089C0203081F
:100480005553020834020308010000000100000077
:1004900001000000FF000000F94C0208AC02030854
:1004A000B9550208BC020308030000000400000064
:1004B00000000000000000009D4D0208CC0203086F
:1004C000B9550208BC020308030000000700000041
:1004D00000000000000000009D4D0208DC0203083F
:1004E000B9550208BC020308030000000A0000001E
:1004F00000000000000000009D4D0208EC0203080F
:10050000B9550208BC020308030000000D000000FA
:1005100000000000000000009D4D0208FC020308DE
:10052000B9550208BC0203080300000010000000D7
:1005300000000000000000009D4D02080C030308AD
:10054000B9550208BC0203080300000013000000B4
:1005500000000000000000009D4D02081C0303087D
:100560005553020834020308010000001600000081
:1005700000000000FF000000F94C02082C030308F3
:100580005553020834020308010000001700000060
:1005900000000000FF000000F94C02083C030308C3
:1005A000555302083402030801000000180000003F
:1005B00000000000FF000000F94C02084C03030893
:1005C000555302083402030801000000190000001E
:1005D00000000000FF000000F94C02085C03030863
:1005E0005553020834020308010000001A000000FD
:1005F00000000000FF000000F94C02086C03030833
:100600005553020834020308010000001B000000DB
:1006100000000000FF000000F94C02087C03030802
:100620005553020834020308010000001C000000BA
:1006300000000000FF000000F94C02088C030308D2
:100640005553020834020308010000001D00000099
:1006500000000000FF000000F94C02089C030308A2
:100660005553020834020308010000001E00000078
:1006700000000000FF000000F94C0208AC03030872
:100680005553020834020308010000001F00000057
:1006900000000000FF000000F94C0208BC03030842
:1006A0005553020834020308010000002000000036
:1006B0000000000018000000F94C0208CC030308F9
:1006C0005553020834020308010000002100000015
:1006D000000000003B000000F94C0208DC030308A6
:1006E00055530208340203080100000023000000F3
:1006F0000000000017000000F94C0208EC0303089A
:10070000BD5A0208FC0303080000000000000000BE
:100710000000000000000000E74D02080C04030880
:10072000AD5002081C040308000000000000000097
:100730000000000000000000E74D02082C04030840
:10074000414F020830FF02080000000000000000D6
:100750000000000000000000E74D0208ECEC020879
:1007600000000000ECEC02080000000000000000A7
:100770000000000000000000E74D020864000000D7
:100780000A00000001000000524553455454494EF0
:10079000470000005C726573756C747300000000A4
:1007A0004C6F6767696E672064697361626C65642A
:1007B0000D0000005C6C6F672E7478740000000000
:1007C0002532642025732025326420253032753A85
:1007D000253032753A253032752000002573257397
:1007E0000A00000053746172742073616D706C694B
:1007F0006E670000636F756C646E27742066696EA7
:1008000064206F7220637265617465207265737510
:100810006C7473206469726563746F727900000090
:10082000636F756C646E2774206372656174650A0A
:10083000726573756C7473206469726563746F722A
:1008400079000000546573745F726573756C74731E
:100850005F2530326425303264253032645F2530C4
:1008600032645F2530326400636F756C646E277488
:10087000206372656174652074657374207265739A
:10088000756C7473206469726563746F72790000AB
:1008900062656361757365206F662025730A0000C9
:1008A000636F756C646E2774206372656174650A8A
:1008B0007465737420726573756C747320646972E7
:1008C0006563746F72790000546573745F72657349
:1008D000756C74735F253032642530326425303294
:1008E000645F253032645F25303264282564290036
:1008F000636F756C646E277420636864697220741A
:100900006F207465737420726573756C74732064E2
:1009100069726563746F727900000000636F756CB3
:10092000646E2774206368646972000053616D709F
:100930006C696E672066696E6973686564000000A3
:1009400025735F41424F5254454400005C00000053
:1009500041626F7274656400506F776572206F6ECC
:1009600020766961202D2025730000005549000084
:100970005549205245504C59000000003C47463A2A
:1009800025642E25643E000053656E736F724865C2
:100990006164207265706F7274656420766572732D
:1009A000696F6E2025642E256400000053656E7308
:1009B0006F7248656164207265706F72746564203F
:1009C000696E76616C69642076657273696F6E001A
:1009D00053656E736F7248656164206661696C650A
:1009E0006420746F20726573706F6E640000000085
:1009F0004F544845522046554E4354494F4E53009C
:100A0000564945572053455454494E47530000001A
:100A10005245414459000000000000000000000061
:100A20000000000000000000FF07E00700000000D9
:100A300034000020F0090308D5660208E401002014
:100A400000000000000000000000000000000000A6
:100A5000FF07E0070000000034000020100A030830
:100A600000000000F801002000000000000000006D
:100A70000000000000000000FF07E0070000000089
:100A800034000020000A0308A961020800000000E9
:100A90000401000000000000000000000000000051
:100AA0000000000000020000000000000000000044
:100AB00000000000000000000A000000252E337333
:100AC00020252E337325336420252E32643A252EBB
:100AD00032643A252E32642025640A0053756E4D27
:100AE0006F6E5475655765645468754672695361D5
:100AF000744A616E4665624D61724170724D6179F2
:100B00004A756E4A756C4175675365704F63744ED4
:100B10006F7644656300202020202020202020289C
:100B200028282828202020202020202020202020A5
:100B300020202020202088101010101010101010DD
:100B4000101010101010040404040404040404041D
:100B5000101010101010104141414141410101019C
:100B60000101010101010101010101010101010175
:100B70000110101010101042424242424202020282
:100B80000202020202020202020202020202020245
:100B900002101010102000000000000000000000F3
:100BA0000000000000000000000000000000000045
:100BB0000000000000000000000000000000000035
:100BC0000000000000000000000000000000000025
:100BD0000000000000000000000000000000000015
:100BE0000000000000000000000000000000000005
:100BF00000000000000000000000000000000000F5
:100C000000000000000000000000000000000000E4
:100C10000000000000004300280200200000000047
:100C20001F0000003B0000005A0000007800000098
:100C300097000000B5000000D4000000F3000000A1
:100C400011010000300100004E0100001F000000F3
:100C50001C0000001F0000001E0000001F0000001C
:100C60001E0000001F0000001F0000001E0000000A
:100C70001F0000001E0000001F0000001F000000F9
:100C80001C0000001F0000001E0000001F000000EC
:100C90001E0000001F0000001F0000001E000000DA
:100CA0001F0000001E0000001F0000001F000000C9
:100CB0001D0000001F0000001E0000001F000000BB
:100CC0001E0000001F0000001F0000001E000000AA
:100CD0001F0000001E0000001F000000545A0047C3
:100CE0004D54002531305B5E302D392C2B2D5D2588
:100CF0006E004D256875256E2E256875256E2E258E
:100D00006875256E002F256875256E3A256875254E
:100D10006E3A256875256E00000000000000000096
:100D200000000000000000000000000000000000C3
:100D300000000000000000000000000000000000B3
:100D400000000000000000000000000000000000A3
:100D50000000000000000000000000000000000093
:100D60000000000000000000000000000000000083
:100D70000000000000000000232D302B2000686CD4
:100D80004C006566674546470030313233343536AE
:100D900037383941424344454600303132333435E7
:100DA000363738396162636465660000CA0D03082E
:100DB000CD0D0308D00D0308412D46612D6638394D
:100DC00030313233343536375D002B2D0030300072
:080DD00078580000000000004B
:080DD800000000000000000013
:100DE0000024F400B0A60208200007000C00080050
:100DF0005F00000024AB020820000E0014000C006D
:100E0000610000004CBA020820000E000C000C002B
:100E10003B000000D4BF02082000110018000E00A3
:100E20005F000000AAAAAAAAB0B8002000000060D3
:100E300000000260ECEC02083CDE020840DE020822
:100E400044DE020848DE02084CDE020850DE0208DA
:100E500054DE020858DE02085CDE020860DE02088A
:100E600064DE020868DE020801000000E0E0002005
:100E7000E0E0002000C2010004030904780301201F
:100E8000E0E600204DE90108E1EA0108EDEA010889
:100E9000BDEB01086DEC0108B0F00208B8F00208E3
:100EA000C4F00208D0F00208E0F00208ECF00208FA
:100EB000F8F0020808F1020814F1020820F1020813
:100EC00034F1020848F102085CF102086CF10208F2
:100ED00080F1020890F102089CF10208A8F10208D2
:100EE000BCF10208D4F10208640000000100000017
:100EF000ECEC0208416E6F6E000000000000000084
:100F000000000000000000000000000000000000E1
:100F100000000000000000000000000000000000D1
:100F200000000000000000000000000000000000C1
:100F300000000000000000000000000000000000B1
:100F40000000000060EA000060EA000060EA0000C3
:100F5000E803000070170000E8030000E803000049
:100F6000E8030000E8030000E803000004000000BC
:100F70001F00000074010308FC0003085C00030864
:100F80003400030824010308AC000308D40003085C
:100F90009C010308840003084C0103083166020821
:100FA00010020020030000000F000000BB00000042
:100FB0003166020810020020010000000F0000004E
:100FC000BB000000D5660208000000000000000021
:100FD0000F000000B1000000F56702089401002036
:100FE0000600000004000000D7000000010100001E
:100FF000400A0308680A0308180A0308C80000002A
:10100000C8000000150B030800000000180D0308BD
:10101000380D0308580D0308000000000000000010
:101020000000000000000000160C03080000000093
:1010300000000000000000000000000000000000B0
:1010400000000000000000000000000000000000A0
:101050000000000000000000000000000000000090
:10106000000000000000000028020020DF0C030840
:10107000DF0C030801000000000000004A0000002F
:101080000000000000000000000000000000000060
:1010900000000000000000004A0000000000000006
:1010A0000000000000000000000000000000000040
:1010B0000000000038FB002009020108E5010108DA
:0C10C0001AA63C9FC01002002654350206
:040000052001004492
:00000001FF
